policy,unit,vars,clauses,result,conflicts,decisions,propagations,restarts,blocked,learnt,avg_lbd,avg_len,deleted,max_level,seconds,_cnf,_param_value
glucose,100,250,1065,UNSAT,142670,166103,6247012,0,0,142669,8.18,13.93,130500,28,6.9104,uuf250-01.cnf,0.0
glucose,100,250,1065,UNSAT,106707,124247,4617767,0,0,106706,8.40,14.42,100751,28,4.8984,uuf250-010.cnf,0.0
glucose,100,250,1065,UNSAT,175582,204636,7376193,0,0,175581,8.46,14.20,164012,31,9.2228,uuf250-0100.cnf,0.0
glucose,100,250,1065,UNSAT,193985,225927,8181828,0,0,193984,8.27,14.38,185912,29,10.3763,uuf250-011.cnf,0.0
glucose,100,250,1065,UNSAT,161363,188391,6892608,0,0,161362,8.09,13.42,150155,31,7.8742,uuf250-012.cnf,0.0
glucose,100,250,1065,UNSAT,135446,157633,5670677,0,0,135445,8.13,13.65,124253,29,6.5197,uuf250-013.cnf,0.0
glucose,100,250,1065,UNSAT,221660,256561,9452277,0,0,221659,8.62,14.65,209170,31,12.5153,uuf250-014.cnf,0.0
glucose,100,250,1065,UNSAT,200570,233003,8532870,0,0,200569,8.62,14.75,185909,38,10.7185,uuf250-015.cnf,0.0
glucose,100,250,1065,UNSAT,152619,177627,6306632,0,0,152618,8.40,14.18,143462,32,7.6567,uuf250-016.cnf,0.0
glucose,100,250,1065,UNSAT,102624,120418,4312153,0,0,102623,7.93,13.43,95254,27,4.5971,uuf250-017.cnf,0.0
glucose,100,250,1065,UNSAT,160756,186695,6906767,0,0,160755,8.41,13.98,150155,29,7.8108,uuf250-018.cnf,0.0
glucose,100,250,1065,UNSAT,177680,205289,7556437,0,0,177679,8.35,14.41,164012,30,9.3291,uuf250-019.cnf,0.0
glucose,100,250,1065,UNSAT,133941,156431,5678866,0,0,133940,8.07,13.73,124256,26,6.4015,uuf250-02.cnf,0.0
glucose,100,250,1065,UNSAT,160757,188573,6774386,0,0,160756,8.33,14.10,150159,28,7.9770,uuf250-020.cnf,0.0
glucose,100,250,1065,UNSAT,156890,183617,6833761,0,0,156889,8.10,14.13,150162,31,7.9341,uuf250-021.cnf,0.0
glucose,100,250,1065,UNSAT,276928,321440,11802580,0,0,276927,8.93,15.25,259707,32,16.6395,uuf250-022.cnf,0.0
glucose,100,250,1065,UNSAT,84079,98116,3521903,0,0,84078,7.90,13.15,74760,34,3.4903,uuf250-023.cnf,0.0
glucose,100,250,1065,UNSAT,95898,112103,4101503,0,0,95897,8.06,13.89,89907,40,4.1058,uuf250-024.cnf,0.0
glucose,100,250,1065,UNSAT,107952,126630,4726149,0,0,107951,7.81,13.31,100755,29,4.7401,uuf250-025.cnf,0.0
glucose,100,250,1065,UNSAT,91333,106783,3978130,0,0,91332,8.07,13.64,84706,25,3.8612,uuf250-026.cnf,0.0
glucose,100,250,1065,UNSAT,133985,156010,5839954,0,0,133984,8.15,14.39,124260,27,6.5203,uuf250-027.cnf,0.0
glucose,100,250,1065,UNSAT,140342,163526,6012776,0,0,140341,8.14,13.91,130506,29,6.7761,uuf250-028.cnf,0.0
glucose,100,250,1065,UNSAT,111063,128404,4736241,0,0,111062,8.13,14.14,100759,28,5.1553,uuf250-029.cnf,0.0
glucose,100,250,1065,UNSAT,194543,226140,8306519,0,0,194542,8.25,14.88,185907,31,10.5918,uuf250-03.cnf,0.0
glucose,100,250,1065,UNSAT,77225,90282,3188040,0,0,77224,8.15,13.63,70007,29,3.2212,uuf250-030.cnf,0.0
glucose,100,250,1065,UNSAT,148291,174219,6548062,0,0,148290,8.48,14.33,136910,37,7.1877,uuf250-031.cnf,0.0
glucose,100,250,1065,UNSAT,148885,172686,6277583,0,0,148884,8.18,13.96,136907,29,7.2952,uuf250-032.cnf,0.0
glucose,100,250,1065,UNSAT,170239,198627,7271956,0,0,170238,8.25,14.03,157005,28,8.9167,uuf250-033.cnf,0.0
glucose,100,250,1065,UNSAT,208835,243905,8966678,0,0,208834,8.45,14.27,193510,28,11.2159,uuf250-034.cnf,0.0
glucose,100,250,1065,UNSAT,158189,184638,6712561,0,0,158188,8.23,14.29,150155,30,7.9828,uuf250-035.cnf,0.0
glucose,100,250,1065,UNSAT,95416,111323,4020987,0,0,95415,7.95,14.01,89908,27,4.1967,uuf250-036.cnf,0.0
glucose,100,250,1065,UNSAT,87142,101097,3630772,0,0,87141,8.08,13.42,79658,33,3.6847,uuf250-037.cnf,0.0
glucose,100,250,1065,UNSAT,52945,61801,2288906,0,0,52944,7.61,12.74,48503,27,1.9436,uuf250-038.cnf,0.0
glucose,100,250,1065,UNSAT,155429,180400,6579652,0,0,155428,8.02,13.56,143454,27,7.6159,uuf250-039.cnf,0.0
glucose,100,250,1065,UNSAT,179350,208834,7416003,0,0,179349,8.47,14.50,171160,29,9.5121,uuf250-04.cnf,0.0
glucose,100,250,1065,UNSAT,63059,72637,2650060,0,0,63058,7.83,12.72,56654,29,2.4451,uuf250-040.cnf,0.0
glucose,100,250,1065,UNSAT,180646,211159,7787616,0,0,180645,8.51,15.07,171164,32,9.4115,uuf250-041.cnf,0.0
glucose,100,250,1065,UNSAT,171836,199438,7352895,0,0,171835,8.49,14.46,164007,28,8.9152,uuf250-042.cnf,0.0
glucose,100,250,1065,UNSAT,200626,232845,8494245,0,0,200625,8.41,14.22,185908,30,10.7040,uuf250-043.cnf,0.0
glucose,100,250,1065,UNSAT,126584,147459,5395923,0,0,126583,8.17,14.59,118156,33,6.1247,uuf250-044.cnf,0.0
glucose,100,250,1065,UNSAT,60385,70783,2647190,0,0,60384,7.58,12.53,52501,27,2.2700,uuf250-045.cnf,0.0
glucose,100,250,1065,UNSAT,224382,263063,9559702,0,0,224381,8.74,15.14,209157,28,12.6484,uuf250-046.cnf,0.0
glucose,100,250,1065,UNSAT,86429,101113,3724362,0,0,86428,7.99,13.39,79658,36,3.6976,uuf250-047.cnf,0.0
glucose,100,250,1065,UNSAT,54287,62893,2325689,0,0,54286,7.80,13.31,48507,34,2.0527,uuf250-048.cnf,0.0
glucose,100,250,1065,UNSAT,76646,89928,3471093,0,0,76645,7.90,13.56,70003,26,3.0819,uuf250-049.cnf,0.0
glucose,100,250,1065,UNSAT,133460,155506,5596351,0,0,133459,8.07,13.54,124254,31,6.2339,uuf250-05.cnf,0.0
glucose,100,250,1065,UNSAT,121430,141723,5162756,0,0,121429,8.22,14.21,112206,33,5.7428,uuf250-050.cnf,0.0
glucose,100,250,1065,UNSAT,219550,254916,9445469,0,0,219549,8.44,14.69,209161,30,12.1301,uuf250-051.cnf,0.0
glucose,100,250,1065,UNSAT,117986,137175,4979845,0,0,117985,7.91,13.34,106405,25,5.3428,uuf250-052.cnf,0.0
glucose,100,250,1065,UNSAT,163441,190791,6941212,0,0,163440,8.21,13.83,150162,38,8.1621,uuf250-053.cnf,0.0
glucose,100,250,1065,UNSAT,121339,141245,5338763,0,0,121338,8.18,14.37,112209,27,5.6348,uuf250-054.cnf,0.0
glucose,100,250,1065,UNSAT,53268,61833,2213633,0,0,53267,7.87,12.81,48504,36,2.0134,uuf250-055.cnf,0.0
glucose,100,250,1065,UNSAT,83540,98108,3582151,0,0,83539,8.23,14.24,74761,29,3.5451,uuf250-056.cnf,0.0
glucose,100,250,1065,UNSAT,164267,191841,6940225,0,0,164266,8.37,14.17,157008,30,8.1973,uuf250-057.cnf,0.0
glucose,100,250,1065,UNSAT,184413,215248,7984046,0,0,184412,8.25,13.74,171161,31,9.3989,uuf250-058.cnf,0.0
glucose,100,250,1065,UNSAT,52014,60359,2225108,0,0,52013,7.76,13.32,44653,28,1.9975,uuf250-059.cnf,0.0
glucose,100,250,1065,UNSAT,115023,135121,4918780,0,0,115022,8.20,13.91,106405,28,5.2776,uuf250-06.cnf,0.0
glucose,100,250,1065,UNSAT,79529,92597,3411655,0,0,79528,7.93,13.49,74756,27,3.2783,uuf250-060.cnf,0.0
glucose,100,250,1065,UNSAT,189828,221569,8170916,0,0,189827,8.27,14.25,178459,36,9.9627,uuf250-061.cnf,0.0
glucose,100,250,1065,UNSAT,65136,76769,2785574,0,0,65135,7.92,13.54,56654,29,2.5823,uuf250-062.cnf,0.0
glucose,100,250,1065,UNSAT,154359,180923,6641010,0,0,154358,7.91,14.01,143453,30,7.5023,uuf250-063.cnf,0.0
glucose,100,250,1065,UNSAT,153357,178441,6558764,0,0,153356,8.37,14.14,143458,34,7.6414,uuf250-064.cnf,0.0
glucose,100,250,1065,UNSAT,94167,109002,4003934,0,0,94166,8.11,13.87,84705,29,4.2119,uuf250-065.cnf,0.0
glucose,100,250,1065,UNSAT,265888,309652,11469287,0,0,265887,8.72,15.03,250912,31,15.7535,uuf250-066.cnf,0.0
glucose,100,250,1065,UNSAT,131397,154370,5743208,0,0,131396,8.40,14.30,124258,34,6.0904,uuf250-067.cnf,0.0
glucose,100,250,1065,UNSAT,56792,65189,2456828,0,0,56791,7.72,13.02,52508,28,2.2130,uuf250-068.cnf,0.0
glucose,100,250,1065,UNSAT,132435,154618,5594894,0,0,132434,8.19,14.03,124258,25,6.4561,uuf250-069.cnf,0.0
glucose,100,250,1065,UNSAT,128608,149323,5465311,0,0,128607,7.93,13.57,118157,30,6.0396,uuf250-07.cnf,0.0
glucose,100,250,1065,UNSAT,217572,253784,9408774,0,0,217571,8.37,14.52,209164,28,12.0325,uuf250-070.cnf,0.0
glucose,100,250,1065,UNSAT,244006,284109,10296076,0,0,244005,8.75,15.18,233761,33,13.7188,uuf250-071.cnf,0.0
glucose,100,250,1065,UNSAT,130080,151599,5581951,0,0,130079,8.17,14.35,118153,33,6.3342,uuf250-072.cnf,0.0
glucose,100,250,1065,UNSAT,79288,92785,3470399,0,0,79287,8.06,13.87,70013,28,3.2512,uuf250-073.cnf,0.0
glucose,100,250,1065,UNSAT,126253,146818,5309384,0,0,126252,8.26,13.71,118155,28,5.7998,uuf250-074.cnf,0.0
glucose,100,250,1065,UNSAT,127303,149219,5523812,0,0,127302,8.18,13.87,118154,30,5.9883,uuf250-075.cnf,0.0
glucose,100,250,1065,UNSAT,98444,114268,4182649,0,0,98443,7.88,13.02,89912,35,4.2501,uuf250-076.cnf,0.0
glucose,100,250,1065,UNSAT,232645,272143,10020023,0,0,232644,8.57,14.64,217204,30,13.0924,uuf250-077.cnf,0.0
glucose,100,250,1065,UNSAT,161777,188509,6913954,0,0,161776,8.33,14.37,150155,32,8.3164,uuf250-078.cnf,0.0
glucose,100,250,1065,UNSAT,137522,159819,5865670,0,0,137521,8.33,14.26,130508,31,6.6862,uuf250-079.cnf,0.0
glucose,100,250,1065,UNSAT,123325,143691,5219967,0,0,123324,8.28,14.07,112207,27,5.8494,uuf250-08.cnf,0.0
glucose,100,250,1065,UNSAT,170935,198838,7198139,0,0,170934,8.48,14.43,157010,32,8.8637,uuf250-080.cnf,0.0
glucose,100,250,1065,UNSAT,172759,200774,7263504,0,0,172758,8.18,13.98,164007,29,8.9756,uuf250-081.cnf,0.0
glucose,100,250,1065,UNSAT,120503,139511,5193508,0,0,120502,8.18,13.76,112213,27,5.5986,uuf250-082.cnf,0.0
glucose,100,250,1065,UNSAT,77820,90690,3386381,0,0,77819,8.20,14.34,70006,30,3.2314,uuf250-083.cnf,0.0
glucose,100,250,1065,UNSAT,90769,106189,3981077,0,0,90768,8.07,14.23,84706,30,3.9817,uuf250-084.cnf,0.0
glucose,100,250,1065,UNSAT,127141,147928,5294132,0,0,127140,8.02,13.75,118154,27,6.0222,uuf250-085.cnf,0.0
glucose,100,250,1065,UNSAT,105335,122559,4466305,0,0,105334,8.16,13.44,95260,28,4.6738,uuf250-086.cnf,0.0
glucose,100,250,1065,UNSAT,292182,339935,12544130,0,0,292181,8.81,14.86,277764,31,17.7255,uuf250-087.cnf,0.0
glucose,100,250,1065,UNSAT,110549,128978,4758809,0,0,110548,8.13,13.79,100754,26,4.9552,uuf250-088.cnf,0.0
glucose,100,250,1065,UNSAT,129270,150512,5597112,0,0,129269,8.01,13.69,118157,30,6.1374,uuf250-089.cnf,0.0
glucose,100,250,1065,UNSAT,193989,226202,8518090,0,0,193988,8.24,14.24,185906,30,10.1724,uuf250-09.cnf,0.0
glucose,100,250,1065,UNSAT,47527,55020,2015094,0,0,47526,8.10,13.44,40954,32,1.8050,uuf250-090.cnf,0.0
glucose,100,250,1065,UNSAT,135613,159337,5921505,0,0,135612,8.09,14.15,124255,30,6.3633,uuf250-091.cnf,0.0
glucose,100,250,1065,UNSAT,243529,283284,10295517,0,0,243528,8.35,14.58,233757,26,14.1036,uuf250-092.cnf,0.0
glucose,100,250,1065,UNSAT,119620,140076,5134653,0,0,119619,8.11,13.87,112206,26,5.4788,uuf250-093.cnf,0.0
glucose,100,250,1065,UNSAT,98145,114127,4198142,0,0,98144,7.87,13.43,89903,30,4.3430,uuf250-094.cnf,0.0
glucose,100,250,1065,UNSAT,88900,103438,3718665,0,0,88899,7.78,12.67,79655,37,3.7139,uuf250-095.cnf,0.0
glucose,100,250,1065,UNSAT,203782,235072,8685307,0,0,203781,8.48,14.42,193510,28,11.0948,uuf250-096.cnf,0.0
glucose,100,250,1065,UNSAT,114567,133230,4928246,0,0,114566,8.14,13.77,106410,38,5.2229,uuf250-097.cnf,0.0
glucose,100,250,1065,UNSAT,80625,93800,3505406,0,0,80624,7.88,13.67,74758,33,3.3590,uuf250-098.cnf,0.0
glucose,100,250,1065,UNSAT,66296,77714,2867299,0,0,66295,7.94,13.64,60954,33,2.6779,uuf250-099.cnf,0.0
glucose,100,250,1065,UNSAT,82387,96831,3646457,4,0,82386,7.93,13.29,74755,27,3.3647,uuf250-01.cnf,0.05
glucose,100,250,1065,UNSAT,94424,110962,4097616,2,0,94423,8.03,13.86,84705,28,4.0359,uuf250-010.cnf,0.05
glucose,100,250,1065,UNSAT,126546,148339,5433981,3,0,126545,7.97,13.43,118164,27,5.8302,uuf250-0100.cnf,0.05
glucose,100,250,1065,UNSAT,104928,123010,4546673,3,0,104927,7.79,13.28,95257,29,4.5864,uuf250-011.cnf,0.05
glucose,100,250,1065,UNSAT,98184,115352,4248566,3,0,98183,8.00,13.23,89909,25,4.2019,uuf250-012.cnf,0.05
glucose,100,250,1065,UNSAT,101736,119257,4311708,3,0,101735,7.98,13.39,95252,29,4.4678,uuf250-013.cnf,0.05
glucose,100,250,1065,UNSAT,131258,153173,5697579,3,0,131257,7.84,13.60,124256,31,6.2265,uuf250-014.cnf,0.05
glucose,100,250,1065,UNSAT,139943,162571,5934105,3,0,139942,8.13,13.76,130508,38,6.6261,uuf250-015.cnf,0.05
glucose,100,250,1065,UNSAT,84323,98903,3546017,3,0,84322,7.91,13.23,74752,29,3.5852,uuf250-016.cnf,0.05
glucose,100,250,1065,UNSAT,82716,97097,3520667,3,0,82715,7.73,13.41,74754,26,3.4406,uuf250-017.cnf,0.05
glucose,100,250,1065,UNSAT,111985,131191,4880309,3,0,111984,8.00,13.35,100760,28,4.9530,uuf250-018.cnf,0.05
glucose,100,250,1065,UNSAT,114156,132729,4956180,3,0,114155,7.97,13.66,106414,27,5.2561,uuf250-019.cnf,0.05
glucose,100,250,1065,UNSAT,101314,118165,4355862,3,0,101313,7.81,13.23,95259,25,4.3936,uuf250-02.cnf,0.05
glucose,100,250,1065,UNSAT,133176,155641,5698388,3,0,133175,8.05,13.43,124261,28,6.2252,uuf250-020.cnf,0.05
glucose,100,250,1065,UNSAT,193237,226075,8363468,3,0,193236,8.41,14.32,178456,31,10.2834,uuf250-021.cnf,0.05
glucose,100,250,1065,UNSAT,139606,163627,6094756,3,0,139605,7.93,13.67,130506,32,6.6265,uuf250-022.cnf,0.05
glucose,100,250,1065,UNSAT,71758,83486,3033320,3,0,71757,7.71,12.98,65404,34,2.9009,uuf250-023.cnf,0.05
glucose,100,250,1065,UNSAT,71862,84206,3130735,3,0,71861,7.70,13.02,65405,40,2.8303,uuf250-024.cnf,0.05
glucose,100,250,1065,UNSAT,98237,115344,4318660,3,0,98236,8.05,13.62,89912,28,4.2750,uuf250-025.cnf,0.05
glucose,100,250,1065,UNSAT,47526,55784,2070521,3,0,47525,7.59,13.08,40953,27,1.7611,uuf250-026.cnf,0.05
glucose,100,250,1065,UNSAT,145108,169141,6205700,3,0,145107,8.09,13.84,136910,30,7.0603,uuf250-027.cnf,0.05
glucose,100,250,1065,UNSAT,100298,118060,4371445,3,0,100297,8.15,13.97,89910,29,4.4792,uuf250-028.cnf,0.05
glucose,100,250,1065,UNSAT,58712,68364,2568022,2,0,58711,7.58,13.13,52502,27,2.2714,uuf250-029.cnf,0.05
glucose,100,250,1065,UNSAT,95413,111488,4180611,3,0,95412,7.75,13.40,89909,31,4.1997,uuf250-03.cnf,0.05
glucose,100,250,1065,UNSAT,66009,77126,2744462,3,0,66008,7.70,13.02,60953,29,2.6704,uuf250-030.cnf,0.05
glucose,100,250,1065,UNSAT,128533,150917,5690589,3,0,128532,8.02,13.65,118158,37,5.9319,uuf250-031.cnf,0.05
glucose,100,250,1065,UNSAT,86431,100578,3748227,3,0,86430,7.82,13.24,79656,29,3.6760,uuf250-032.cnf,0.05
glucose,100,250,1065,UNSAT,143591,167872,6180438,3,0,143590,8.25,13.96,136909,29,7.1702,uuf250-033.cnf,0.05
glucose,100,250,1065,UNSAT,131271,154127,5705722,3,0,131270,8.03,13.58,124259,27,6.1313,uuf250-034.cnf,0.05
glucose,100,250,1065,UNSAT,149024,174756,6330592,3,0,149023,8.03,13.59,136906,30,7.3780,uuf250-035.cnf,0.05
glucose,100,250,1065,UNSAT,61416,72003,2619492,3,0,61415,7.61,13.31,56661,27,2.4108,uuf250-036.cnf,0.05
glucose,100,250,1065,UNSAT,52269,61201,2211258,3,0,52268,7.65,12.65,44657,33,1.9447,uuf250-037.cnf,0.05
glucose,100,250,1065,UNSAT,51756,60374,2235628,3,0,51755,7.50,12.82,44653,26,1.9067,uuf250-038.cnf,0.05
glucose,100,250,1065,UNSAT,86005,100061,3666058,3,0,86004,7.96,13.15,79654,27,3.6805,uuf250-039.cnf,0.05
glucose,100,250,1065,UNSAT,116856,136382,4915628,3,0,116855,7.93,13.49,106408,27,5.3387,uuf250-04.cnf,0.05
glucose,100,250,1065,UNSAT,46861,54483,1984269,3,0,46860,7.54,12.55,40955,29,1.6897,uuf250-040.cnf,0.05
glucose,100,250,1065,UNSAT,75049,88580,3334189,3,0,75048,8.02,13.80,70005,30,3.0818,uuf250-041.cnf,0.05
glucose,100,250,1065,UNSAT,115740,134377,4998189,3,0,115739,8.24,13.89,106405,29,5.3969,uuf250-042.cnf,0.05
glucose,100,250,1065,UNSAT,140020,163873,6006879,3,0,140019,8.38,14.01,130507,30,6.8042,uuf250-043.cnf,0.05
glucose,100,250,1065,UNSAT,89498,104601,3872475,3,0,89497,8.15,13.90,79662,30,3.8792,uuf250-044.cnf,0.05
glucose,100,250,1065,UNSAT,68917,80836,3002577,3,0,68916,7.74,13.01,60952,27,2.7262,uuf250-045.cnf,0.05
glucose,100,250,1065,UNSAT,189623,223002,8159374,3,0,189622,8.32,14.42,178461,28,10.0113,uuf250-046.cnf,0.05
glucose,100,250,1065,UNSAT,66144,77869,2878783,3,0,66143,7.59,12.89,60957,36,2.5814,uuf250-047.cnf,0.05
glucose,100,250,1065,UNSAT,37119,43394,1636982,3,0,37118,7.43,12.51,30753,34,1.2866,uuf250-048.cnf,0.05
glucose,100,250,1065,UNSAT,67120,78871,3056960,3,0,67119,7.86,13.63,60957,28,2.6338,uuf250-049.cnf,0.05
glucose,100,250,1065,UNSAT,80466,94252,3432558,3,0,80465,7.77,13.24,74756,31,3.3441,uuf250-05.cnf,0.05
glucose,100,250,1065,UNSAT,94239,110090,4027182,3,0,94238,8.10,13.85,84707,30,4.1321,uuf250-050.cnf,0.05
glucose,100,250,1065,UNSAT,128387,150359,5605976,3,0,128386,8.13,13.80,118161,26,6.0460,uuf250-051.cnf,0.05
glucose,100,250,1065,UNSAT,95415,111695,4101571,3,0,95414,7.77,13.18,89907,26,4.1541,uuf250-052.cnf,0.05
glucose,100,250,1065,UNSAT,145103,170373,6164312,2,0,145102,8.03,13.56,136905,38,6.8679,uuf250-053.cnf,0.05
glucose,100,250,1065,UNSAT,120653,140658,5339484,3,0,120652,8.13,13.71,112204,29,5.4531,uuf250-054.cnf,0.05
glucose,100,250,1065,UNSAT,40237,46722,1681994,2,0,40236,7.32,12.83,34008,36,1.4439,uuf250-055.cnf,0.05
glucose,100,250,1065,UNSAT,73906,86836,3207488,3,0,73905,7.81,13.22,65404,29,2.9537,uuf250-056.cnf,0.05
glucose,100,250,1065,UNSAT,100399,117642,4331207,3,0,100398,7.86,13.54,89904,30,4.4062,uuf250-057.cnf,0.05
glucose,100,250,1065,UNSAT,175911,205316,7581287,3,0,175910,8.38,14.23,164012,30,9.1715,uuf250-058.cnf,0.05
glucose,100,250,1065,UNSAT,50878,59206,2189112,3,0,50877,7.44,12.34,44657,26,1.8842,uuf250-059.cnf,0.05
glucose,100,250,1065,UNSAT,102085,119974,4434805,3,0,102084,7.97,13.56,95258,28,4.5115,uuf250-06.cnf,0.05
glucose,100,250,1065,UNSAT,55826,65548,2408495,3,0,55825,7.77,13.17,48502,28,2.1523,uuf250-060.cnf,0.05
glucose,100,250,1065,UNSAT,153280,178960,6714637,3,0,153279,8.26,14.07,143455,36,7.5956,uuf250-061.cnf,0.05
glucose,100,250,1065,UNSAT,66271,78049,2839613,3,0,66270,7.60,12.71,60955,29,2.5802,uuf250-062.cnf,0.05
glucose,100,250,1065,UNSAT,132349,155152,5691989,3,0,132348,8.11,14.13,124255,28,6.3168,uuf250-063.cnf,0.05
glucose,100,250,1065,UNSAT,137450,160458,5960023,3,0,137449,7.94,13.88,130510,34,6.6157,uuf250-064.cnf,0.05
glucose,100,250,1065,UNSAT,69370,80619,2978503,3,0,69369,7.64,13.10,60956,29,2.8247,uuf250-065.cnf,0.05
glucose,100,250,1065,UNSAT,215765,251993,9402020,3,0,215764,8.38,14.35,201262,31,11.8198,uuf250-066.cnf,0.05
glucose,100,250,1065,UNSAT,111182,130642,4863578,3,0,111181,7.93,13.56,100756,34,4.8921,uuf250-067.cnf,0.05
glucose,100,250,1065,UNSAT,35511,41218,1561636,3,0,35510,7.15,11.83,30753,28,1.2072,uuf250-068.cnf,0.05
glucose,100,250,1065,UNSAT,159517,186033,6701725,3,0,159516,7.92,13.53,150158,26,7.9226,uuf250-069.cnf,0.05
glucose,100,250,1065,UNSAT,119292,139272,5082016,3,0,119291,8.03,13.54,112204,30,5.5624,uuf250-07.cnf,0.05
glucose,100,250,1065,UNSAT,155797,182470,6834275,3,0,155796,8.07,14.02,143462,26,7.8458,uuf250-070.cnf,0.05
glucose,100,250,1065,UNSAT,140711,165177,6053599,3,0,140710,8.01,13.82,130504,33,6.7823,uuf250-071.cnf,0.05
glucose,100,250,1065,UNSAT,94528,110580,4063131,3,0,94527,7.91,13.50,84705,33,4.1974,uuf250-072.cnf,0.05
glucose,100,250,1065,UNSAT,52835,61983,2353926,3,0,52834,7.70,13.06,48505,29,1.9478,uuf250-073.cnf,0.05
glucose,100,250,1065,UNSAT,69677,81450,2973364,3,0,69676,7.57,12.56,60952,28,2.6859,uuf250-074.cnf,0.05
glucose,100,250,1065,UNSAT,99815,117700,4352621,4,0,99814,8.04,13.87,89906,30,4.3652,uuf250-075.cnf,0.05
glucose,100,250,1065,UNSAT,84078,98743,3560059,3,0,84077,7.82,12.96,74755,35,3.4559,uuf250-076.cnf,0.05
glucose,100,250,1065,UNSAT,180780,211799,7873221,4,0,180779,8.20,14.05,171157,29,9.3441,uuf250-077.cnf,0.05
glucose,100,250,1065,UNSAT,97158,113871,4225561,3,0,97157,8.04,13.64,89903,32,4.2546,uuf250-078.cnf,0.05
glucose,100,250,1065,UNSAT,133956,155968,5736219,3,0,133955,8.19,13.63,124257,31,6.3822,uuf250-079.cnf,0.05
glucose,100,250,1065,UNSAT,87042,101485,3702633,3,0,87041,7.74,12.96,79656,27,3.6868,uuf250-08.cnf,0.05
glucose,100,250,1065,UNSAT,122406,142703,5208568,3,0,122405,8.11,13.51,112210,32,5.7683,uuf250-080.cnf,0.05
glucose,100,250,1065,UNSAT,113915,133347,4830501,3,0,113914,7.69,13.07,106407,29,5.0795,uuf250-081.cnf,0.05
glucose,100,250,1065,UNSAT,107625,125770,4641108,3,0,107624,7.91,13.35,100759,30,4.7892,uuf250-082.cnf,0.05
glucose,100,250,1065,UNSAT,52578,61531,2329449,3,0,52577,7.60,12.92,48505,28,1.9226,uuf250-083.cnf,0.05
glucose,100,250,1065,UNSAT,62137,73146,2736010,3,0,62136,7.72,13.15,56654,26,2.3595,uuf250-084.cnf,0.05
glucose,100,250,1065,UNSAT,97761,113496,4231079,2,0,97760,7.85,13.14,89908,27,4.1056,uuf250-085.cnf,0.05
glucose,100,250,1065,UNSAT,79612,92912,3398106,3,0,79611,7.80,13.17,74757,29,3.3643,uuf250-086.cnf,0.05
glucose,100,250,1065,UNSAT,232603,271770,10100406,3,0,232602,8.38,14.34,217208,29,13.0014,uuf250-087.cnf,0.05
glucose,100,250,1065,UNSAT,104401,122526,4497996,3,0,104400,7.97,13.54,95260,27,4.5309,uuf250-088.cnf,0.05
glucose,100,250,1065,UNSAT,92449,108420,4009705,3,0,92448,7.92,13.74,84707,29,3.9809,uuf250-089.cnf,0.05
glucose,100,250,1065,UNSAT,161045,188072,7133332,3,0,161044,8.28,14.10,150156,31,8.0294,uuf250-09.cnf,0.05
glucose,100,250,1065,UNSAT,26283,30742,1129269,3,0,26282,7.12,12.07,21902,32,0.8611,uuf250-090.cnf,0.05
glucose,100,250,1065,UNSAT,121062,141817,5294691,3,0,121061,8.08,14.00,112210,30,5.5913,uuf250-091.cnf,0.05
glucose,100,250,1065,UNSAT,131647,154590,5643141,3,0,131646,8.10,13.91,124254,29,6.3590,uuf250-092.cnf,0.05
glucose,100,250,1065,UNSAT,102364,120223,4419384,3,0,102363,7.88,13.25,95255,26,4.3665,uuf250-093.cnf,0.05
glucose,100,250,1065,UNSAT,74265,87166,3186589,3,0,74264,7.68,13.27,65407,28,3.0349,uuf250-094.cnf,0.05
glucose,100,250,1065,UNSAT,64229,75176,2675527,3,0,64228,7.69,13.03,56653,37,2.5491,uuf250-095.cnf,0.05
glucose,100,250,1065,UNSAT,132589,153708,5706080,3,0,132588,7.91,13.43,124255,27,6.3042,uuf250-096.cnf,0.05
glucose,100,250,1065,UNSAT,65035,75871,2827430,3,0,65034,7.63,13.07,56657,38,2.5412,uuf250-097.cnf,0.05
glucose,100,250,1065,UNSAT,38996,45434,1712879,3,0,38995,7.21,12.31,34003,33,1.3748,uuf250-098.cnf,0.05
glucose,100,250,1065,UNSAT,77251,90035,3299404,3,0,77250,7.82,13.33,70001,33,3.2278,uuf250-099.cnf,0.05
glucose,100,250,1065,UNSAT,112290,131282,4893598,8,0,112289,8.10,13.61,106404,26,5.0205,uuf250-01.cnf,0.1
glucose,100,250,1065,UNSAT,82642,96938,3646654,8,0,82641,7.80,13.36,74754,28,3.3546,uuf250-010.cnf,0.1
glucose,100,250,1065,UNSAT,108900,127951,4677483,7,0,108899,7.94,13.29,100756,26,4.7834,uuf250-0100.cnf,0.1
glucose,100,250,1065,UNSAT,93746,109974,4065700,7,0,93745,7.96,13.62,84707,29,4.0990,uuf250-011.cnf,0.1
glucose,100,250,1065,UNSAT,94069,109983,4075566,7,0,94068,7.90,13.28,84709,26,3.9720,uuf250-012.cnf,0.1
glucose,100,250,1065,UNSAT,98831,115191,4163981,7,0,98830,7.68,12.96,89909,29,4.2557,uuf250-013.cnf,0.1
glucose,100,250,1065,UNSAT,160209,186495,6890383,7,0,160208,8.20,14.33,150160,31,8.1436,uuf250-014.cnf,0.1
glucose,100,250,1065,UNSAT,117237,136754,5055901,8,0,117236,8.03,13.53,106405,38,5.3749,uuf250-015.cnf,0.1
glucose,100,250,1065,UNSAT,50369,59325,2149293,7,0,50368,7.38,12.34,44651,29,1.8825,uuf250-016.cnf,0.1
glucose,100,250,1065,UNSAT,77780,91148,3361817,8,0,77779,7.81,13.35,70003,25,3.2403,uuf250-017.cnf,0.1
glucose,100,250,1065,UNSAT,117929,138272,5099379,7,0,117928,8.12,13.33,106404,28,5.3065,uuf250-018.cnf,0.1
glucose,100,250,1065,UNSAT,92111,106987,3985803,7,0,92110,8.00,13.63,84707,25,3.9793,uuf250-019.cnf,0.1
glucose,100,250,1065,UNSAT,111652,130339,4786859,8,0,111651,7.90,13.35,100753,24,4.9689,uuf250-02.cnf,0.1
glucose,100,250,1065,UNSAT,117197,138165,5001746,8,0,117196,8.21,13.71,106412,28,5.2927,uuf250-020.cnf,0.1
glucose,100,250,1065,UNSAT,148325,173830,6441656,7,0,148324,8.33,14.11,136909,36,7.3951,uuf250-021.cnf,0.1
glucose,100,250,1065,UNSAT,131962,153593,5782983,8,0,131961,8.10,13.56,124259,32,6.0860,uuf250-022.cnf,0.1
glucose,100,250,1065,UNSAT,74347,86272,3175689,6,0,74346,7.77,13.38,65405,34,3.1110,uuf250-023.cnf,0.1
glucose,100,250,1065,UNSAT,76673,89496,3283411,6,0,76672,7.75,13.03,70005,40,3.0873,uuf250-024.cnf,0.1
glucose,100,250,1065,UNSAT,110658,129311,4829023,6,0,110657,8.12,13.41,100758,28,5.0183,uuf250-025.cnf,0.1
glucose,100,250,1065,UNSAT,54043,63641,2327714,8,0,54042,7.69,12.93,48507,31,2.0094,uuf250-026.cnf,0.1
glucose,100,250,1065,UNSAT,112696,131631,4892005,8,0,112695,8.04,13.71,106405,28,5.1172,uuf250-027.cnf,0.1
glucose,100,250,1065,UNSAT,101362,118652,4366639,8,0,101361,7.82,13.41,95254,29,4.4969,uuf250-028.cnf,0.1
glucose,100,250,1065,UNSAT,63558,74049,2766945,8,0,63557,7.55,13.10,56655,27,2.5119,uuf250-029.cnf,0.1
glucose,100,250,1065,UNSAT,103012,120062,4458907,7,0,103011,7.95,13.44,95253,31,4.6115,uuf250-03.cnf,0.1
glucose,100,250,1065,UNSAT,53652,63137,2245489,8,0,53651,7.66,12.71,48502,29,1.9859,uuf250-030.cnf,0.1
glucose,100,250,1065,UNSAT,126591,148428,5668381,7,0,126590,8.17,13.74,118159,37,5.7293,uuf250-031.cnf,0.1
glucose,100,250,1065,UNSAT,84275,98353,3630637,8,0,84274,7.71,13.22,74756,29,3.5663,uuf250-032.cnf,0.1
glucose,100,250,1065,UNSAT,147972,172560,6342144,8,0,147971,8.00,13.80,136906,27,7.3543,uuf250-033.cnf,0.1
glucose,100,250,1065,UNSAT,141382,165802,6137075,8,0,141381,7.94,13.46,130513,29,6.6658,uuf250-034.cnf,0.1
glucose,100,250,1065,UNSAT,152717,178827,6461894,8,0,152716,8.26,13.78,143461,30,7.4204,uuf250-035.cnf,0.1
glucose,100,250,1065,UNSAT,54310,63668,2326080,7,0,54309,7.61,13.27,48508,27,2.0632,uuf250-036.cnf,0.1
glucose,100,250,1065,UNSAT,56428,65584,2381712,7,0,56427,7.73,12.85,48503,33,2.1537,uuf250-037.cnf,0.1
glucose,100,250,1065,UNSAT,37085,43837,1609756,8,0,37084,7.41,12.43,30757,26,1.2839,uuf250-038.cnf,0.1
glucose,100,250,1065,UNSAT,81657,95381,3484080,7,0,81656,7.82,13.09,74760,27,3.4133,uuf250-039.cnf,0.1
glucose,100,250,1065,UNSAT,97960,115161,4128088,7,0,97959,7.76,13.27,89908,27,4.2038,uuf250-04.cnf,0.1
glucose,100,250,1065,UNSAT,33094,38745,1441971,6,0,33093,7.39,12.34,27654,29,1.1196,uuf250-040.cnf,0.1
glucose,100,250,1065,UNSAT,74289,87688,3279942,8,0,74288,8.09,14.06,65406,31,3.0592,uuf250-041.cnf,0.1
glucose,100,250,1065,UNSAT,111287,129354,4831499,7,0,111286,7.98,13.41,100754,29,5.0093,uuf250-042.cnf,0.1
glucose,100,250,1065,UNSAT,113897,132847,4919230,7,0,113896,8.05,13.73,106407,30,5.2073,uuf250-043.cnf,0.1
glucose,100,250,1065,UNSAT,76434,89415,3361021,6,0,76433,7.86,13.37,70003,30,3.1620,uuf250-044.cnf,0.1
glucose,100,250,1065,UNSAT,61610,72245,2687792,8,0,61609,7.85,13.23,56658,27,2.4276,uuf250-045.cnf,0.1
glucose,100,250,1065,UNSAT,193024,227404,8293145,8,0,193023,8.51,14.55,178457,27,10.3656,uuf250-046.cnf,0.1
glucose,100,250,1065,UNSAT,65257,76955,2847755,5,0,65256,7.41,12.74,56654,36,2.5412,uuf250-047.cnf,0.1
glucose,100,250,1065,UNSAT,43703,50865,1926041,8,0,43702,7.29,12.70,37403,34,1.5670,uuf250-048.cnf,0.1
glucose,100,250,1065,UNSAT,75732,88960,3427990,8,0,75731,7.87,13.47,70004,28,3.0820,uuf250-049.cnf,0.1
glucose,100,250,1065,UNSAT,69686,82047,2996178,7,0,69685,7.52,12.82,60954,31,2.7096,uuf250-05.cnf,0.1
glucose,100,250,1065,UNSAT,104800,122441,4451092,7,0,104799,7.84,13.33,95255,30,4.7293,uuf250-050.cnf,0.1
glucose,100,250,1065,UNSAT,155706,181094,6784428,7,0,155705,8.15,13.79,143455,27,7.7455,uuf250-051.cnf,0.1
glucose,100,250,1065,UNSAT,100947,117674,4296509,8,0,100946,7.96,13.62,95251,28,4.4851,uuf250-052.cnf,0.1
glucose,100,250,1065,UNSAT,116156,136950,5028635,8,0,116155,7.98,13.45,106408,38,5.1785,uuf250-053.cnf,0.1
glucose,100,250,1065,UNSAT,92000,107817,4130244,8,0,91999,7.85,13.57,84704,26,3.9467,uuf250-054.cnf,0.1
glucose,100,250,1065,UNSAT,38642,45146,1635610,7,0,38641,7.55,12.66,34004,36,1.3774,uuf250-055.cnf,0.1
glucose,100,250,1065,UNSAT,76504,89633,3295575,7,0,76503,7.76,13.18,70006,29,3.1271,uuf250-056.cnf,0.1
glucose,100,250,1065,UNSAT,90769,107066,3919250,7,0,90768,8.00,13.82,84704,30,3.8001,uuf250-057.cnf,0.1
glucose,100,250,1065,UNSAT,119948,140644,5234233,6,0,119947,8.07,13.60,112207,30,5.5077,uuf250-058.cnf,0.1
glucose,100,250,1065,UNSAT,51307,59596,2206525,7,0,51306,7.54,12.59,44655,26,1.9058,uuf250-059.cnf,0.1
glucose,100,250,1065,UNSAT,98256,115613,4244003,8,0,98255,7.92,13.55,89903,31,4.2770,uuf250-06.cnf,0.1
glucose,100,250,1065,UNSAT,49604,58303,2156405,7,0,49603,7.41,12.75,44656,28,1.8219,uuf250-060.cnf,0.1
glucose,100,250,1065,UNSAT,159440,186340,6963777,6,0,159439,8.15,13.95,150158,36,7.9345,uuf250-061.cnf,0.1
glucose,100,250,1065,UNSAT,63792,74855,2742623,8,0,63791,7.54,12.75,56652,29,2.4586,uuf250-062.cnf,0.1
glucose,100,250,1065,UNSAT,116508,136905,5076112,7,0,116507,8.00,13.58,106405,28,5.2359,uuf250-063.cnf,0.1
glucose,100,250,1065,UNSAT,107936,125914,4674317,7,0,107935,7.82,13.42,100757,34,4.8279,uuf250-064.cnf,0.1
glucose,100,250,1065,UNSAT,61659,71905,2649631,8,0,61658,7.63,12.87,56657,29,2.4391,uuf250-065.cnf,0.1
glucose,100,250,1065,UNSAT,212357,248043,9265988,7,0,212356,8.32,14.30,201256,31,11.7854,uuf250-066.cnf,0.1
glucose,100,250,1065,UNSAT,79725,94023,3537571,7,0,79724,7.87,13.41,74754,34,3.3060,uuf250-067.cnf,0.1
glucose,100,250,1065,UNSAT,28037,32592,1234083,8,0,28036,7.04,11.78,24703,28,0.9125,uuf250-068.cnf,0.1
glucose,100,250,1065,UNSAT,102998,120530,4386911,7,0,102997,7.61,13.12,95256,28,4.5543,uuf250-069.cnf,0.1
glucose,100,250,1065,UNSAT,84307,98279,3643321,8,0,84306,7.70,13.19,74756,30,3.5220,uuf250-07.cnf,0.1
glucose,100,250,1065,UNSAT,196349,229840,8530151,6,0,196348,8.42,14.40,185903,28,10.6451,uuf250-070.cnf,0.1
glucose,100,250,1065,UNSAT,147473,172414,6373762,7,0,147472,8.36,14.34,136909,33,7.1919,uuf250-071.cnf,0.1
glucose,100,250,1065,UNSAT,93382,109470,4038714,8,0,93381,7.92,13.45,84708,33,4.0210,uuf250-072.cnf,0.1
glucose,100,250,1065,UNSAT,48084,56616,2137775,8,0,48083,7.49,12.98,40952,28,1.7514,uuf250-073.cnf,0.1
glucose,100,250,1065,UNSAT,72863,85607,3084825,7,0,72862,7.93,13.04,65405,28,2.9062,uuf250-074.cnf,0.1
glucose,100,250,1065,UNSAT,96600,113779,4196403,7,0,96599,7.98,13.78,89905,30,4.2206,uuf250-075.cnf,0.1
glucose,100,250,1065,UNSAT,78348,91137,3323245,7,0,78347,7.65,12.63,70009,35,3.1461,uuf250-076.cnf,0.1
glucose,100,250,1065,UNSAT,173183,203390,7584242,7,0,173182,8.17,14.12,164009,28,8.9519,uuf250-077.cnf,0.1
glucose,100,250,1065,UNSAT,98709,115349,4307692,8,0,98708,8.10,13.50,89911,32,4.3979,uuf250-078.cnf,0.1
glucose,100,250,1065,UNSAT,90843,106298,3957116,8,0,90842,7.96,13.75,84710,31,4.0457,uuf250-079.cnf,0.1
glucose,100,250,1065,UNSAT,104893,123143,4429857,7,0,104892,7.89,13.16,95255,29,4.5149,uuf250-08.cnf,0.1
glucose,100,250,1065,UNSAT,159287,184740,6710189,7,0,159286,8.00,13.46,150156,32,7.9418,uuf250-080.cnf,0.1
glucose,100,250,1065,UNSAT,132531,154759,5642628,8,0,132530,8.30,13.85,124256,30,6.3466,uuf250-081.cnf,0.1
glucose,100,250,1065,UNSAT,107029,125228,4630999,7,0,107028,7.98,13.61,100757,30,4.8439,uuf250-082.cnf,0.1
glucose,100,250,1065,UNSAT,47101,55818,2081146,7,0,47100,7.59,13.35,40957,26,1.7467,uuf250-083.cnf,0.1
glucose,100,250,1065,UNSAT,56288,66076,2500401,7,0,56287,7.64,13.17,48504,26,2.1150,uuf250-084.cnf,0.1
glucose,100,250,1065,UNSAT,110516,128956,4689138,8,0,110515,7.81,13.24,100760,29,4.9227,uuf250-085.cnf,0.1
glucose,100,250,1065,UNSAT,74726,87347,3200911,6,0,74725,7.87,13.34,70002,29,3.1287,uuf250-086.cnf,0.1
glucose,100,250,1065,UNSAT,215572,252303,9373083,6,0,215571,8.58,14.73,201262,29,11.8663,uuf250-087.cnf,0.1
glucose,100,250,1065,UNSAT,86923,101719,3767293,9,0,86922,7.91,13.40,79655,28,3.6086,uuf250-088.cnf,0.1
glucose,100,250,1065,UNSAT,90068,105336,3949460,8,0,90067,8.01,13.62,84704,29,3.8827,uuf250-089.cnf,0.1
glucose,100,250,1065,UNSAT,237264,275987,10326590,7,0,237263,8.61,14.43,225409,31,13.3024,uuf250-09.cnf,0.1
glucose,100,250,1065,UNSAT,23250,27343,998400,7,0,23249,7.29,12.69,19253,32,0.7558,uuf250-090.cnf,0.1
glucose,100,250,1065,UNSAT,107305,126626,4672180,8,0,107304,7.81,13.65,100757,30,4.7221,uuf250-091.cnf,0.1
glucose,100,250,1065,UNSAT,138603,162558,5893473,7,0,138602,8.12,13.97,130509,28,6.7276,uuf250-092.cnf,0.1
glucose,100,250,1065,UNSAT,100535,118496,4344577,7,0,100534,7.79,13.27,89906,28,4.2951,uuf250-093.cnf,0.1
glucose,100,250,1065,UNSAT,81032,95093,3476015,7,0,81031,7.64,12.74,74754,27,3.2907,uuf250-094.cnf,0.1
glucose,100,250,1065,UNSAT,74131,86268,3103296,7,0,74130,7.63,12.75,65401,37,2.9812,uuf250-095.cnf,0.1
glucose,100,250,1065,UNSAT,95949,111113,4233657,7,0,95948,8.04,13.78,89907,27,4.2652,uuf250-096.cnf,0.1
glucose,100,250,1065,UNSAT,73480,85976,3191627,7,0,73479,7.72,12.96,65403,38,2.9549,uuf250-097.cnf,0.1
glucose,100,250,1065,UNSAT,36380,42759,1593098,7,0,36379,7.27,12.32,30752,33,1.2374,uuf250-098.cnf,0.1
glucose,100,250,1065,UNSAT,74509,87487,3162249,7,0,74508,7.79,13.18,65407,33,3.0321,uuf250-099.cnf,0.1
glucose,100,250,1065,UNSAT,114655,135336,5019321,12,0,114654,8.17,13.64,106405,26,5.0442,uuf250-01.cnf,0.15
glucose,100,250,1065,UNSAT,91713,107454,4020242,10,0,91712,7.79,13.45,84704,28,3.9386,uuf250-010.cnf,0.15
glucose,100,250,1065,UNSAT,103436,121090,4445273,11,0,103435,7.71,13.13,95260,26,4.4386,uuf250-0100.cnf,0.15
glucose,100,250,1065,UNSAT,133195,155604,5690388,11,0,133194,8.08,13.52,124258,31,6.2366,uuf250-011.cnf,0.15
glucose,100,250,1065,UNSAT,100186,117208,4356009,12,0,100185,7.78,12.76,89907,27,4.2211,uuf250-012.cnf,0.15
glucose,100,250,1065,UNSAT,92679,108279,3938564,13,0,92678,7.94,13.37,84702,29,3.9692,uuf250-013.cnf,0.15
glucose,100,250,1065,UNSAT,134336,157457,5800642,13,0,134335,7.97,13.97,124253,31,6.3703,uuf250-014.cnf,0.15
glucose,100,250,1065,UNSAT,130765,152924,5625024,12,0,130764,8.09,13.62,124257,38,6.1236,uuf250-015.cnf,0.15
glucose,100,250,1065,UNSAT,75986,89124,3216201,11,0,75985,7.67,12.84,70007,29,3.0649,uuf250-016.cnf,0.15
glucose,100,250,1065,UNSAT,113875,133192,4837081,13,0,113874,7.84,13.26,106407,29,5.1708,uuf250-017.cnf,0.15
glucose,100,250,1065,UNSAT,98611,115602,4341107,12,0,98610,7.89,13.24,89909,30,4.1633,uuf250-018.cnf,0.15
glucose,100,250,1065,UNSAT,100870,117296,4365078,12,0,100869,7.83,13.63,95255,27,4.4370,uuf250-019.cnf,0.15
glucose,100,250,1065,UNSAT,108967,127213,4691716,13,0,108966,7.90,13.33,100761,26,4.8352,uuf250-02.cnf,0.15
glucose,100,250,1065,UNSAT,133454,156722,5693787,11,0,133453,8.01,13.15,124262,29,6.0581,uuf250-020.cnf,0.15
glucose,100,250,1065,UNSAT,146394,171549,6341168,12,0,146393,8.21,14.18,136913,36,7.2327,uuf250-021.cnf,0.15
glucose,100,250,1065,UNSAT,158813,185330,6914768,12,0,158812,8.42,14.23,150157,32,7.9258,uuf250-022.cnf,0.15
glucose,100,250,1065,UNSAT,67541,78444,2880678,12,0,67540,7.71,13.09,60955,34,2.7495,uuf250-023.cnf,0.15
glucose,100,250,1065,UNSAT,60594,70982,2630049,11,0,60593,7.73,13.15,52507,40,2.3437,uuf250-024.cnf,0.15
glucose,100,250,1065,UNSAT,102852,120492,4531103,12,0,102851,7.97,13.41,95257,28,4.5234,uuf250-025.cnf,0.15
glucose,100,250,1065,UNSAT,53931,63211,2364534,11,0,53930,7.59,12.82,48503,31,2.0043,uuf250-026.cnf,0.15
glucose,100,250,1065,UNSAT,98225,115192,4299650,12,0,98224,7.88,13.58,89904,27,4.2754,uuf250-027.cnf,0.15
glucose,100,250,1065,UNSAT,91644,107509,4008848,12,0,91643,7.77,13.22,84708,29,3.9382,uuf250-028.cnf,0.15
glucose,100,250,1065,UNSAT,61824,72122,2701796,11,0,61823,7.75,13.44,56653,27,2.4508,uuf250-029.cnf,0.15
glucose,100,250,1065,UNSAT,82954,97234,3618597,12,0,82953,7.88,13.77,74755,31,3.5663,uuf250-03.cnf,0.15
glucose,100,250,1065,UNSAT,66002,77629,2740541,13,0,66001,7.71,12.90,60953,29,2.5713,uuf250-030.cnf,0.15
glucose,100,250,1065,UNSAT,137459,161934,6058704,13,0,137458,8.23,14.08,130507,37,6.4031,uuf250-031.cnf,0.15
glucose,100,250,1065,UNSAT,87739,102966,3768661,12,0,87738,7.75,13.30,79659,29,3.7112,uuf250-032.cnf,0.15
glucose,100,250,1065,UNSAT,177374,207840,7605824,12,0,177373,7.98,13.62,164013,29,9.1656,uuf250-033.cnf,0.15
glucose,100,250,1065,UNSAT,123688,144702,5417190,11,0,123687,7.93,13.69,112208,29,5.6442,uuf250-034.cnf,0.15
glucose,100,250,1065,UNSAT,141517,165613,6062948,13,0,141516,8.09,13.62,130504,30,6.7603,uuf250-035.cnf,0.15
glucose,100,250,1065,UNSAT,46267,54363,2002048,12,0,46266,7.63,12.94,40951,27,1.6680,uuf250-036.cnf,0.15
glucose,100,250,1065,UNSAT,76634,89742,3220152,12,0,76633,7.68,12.72,70008,33,3.0722,uuf250-037.cnf,0.15
glucose,100,250,1065,UNSAT,37217,43435,1621221,12,0,37216,7.34,12.53,30755,26,1.2911,uuf250-038.cnf,0.15
glucose,100,250,1065,UNSAT,74072,86705,3198155,11,0,74071,7.70,13.14,65406,26,2.9769,uuf250-039.cnf,0.15
glucose,100,250,1065,UNSAT,88809,103850,3770787,12,0,88808,7.85,13.52,79654,26,3.7806,uuf250-04.cnf,0.15
glucose,100,250,1065,UNSAT,28899,33844,1251097,12,0,28898,7.24,12.26,24701,29,0.9490,uuf250-040.cnf,0.15
glucose,100,250,1065,UNSAT,92787,109587,4082642,11,0,92786,7.96,13.77,84704,31,3.9491,uuf250-041.cnf,0.15
glucose,100,250,1065,UNSAT,109332,127807,4710305,13,0,109331,8.40,13.95,100760,29,5.0432,uuf250-042.cnf,0.15
glucose,100,250,1065,UNSAT,138941,162029,5908162,12,0,138940,8.18,13.64,130510,30,6.6355,uuf250-043.cnf,0.15
glucose,100,250,1065,UNSAT,82081,96558,3559997,12,0,82080,7.59,13.02,74754,30,3.3613,uuf250-044.cnf,0.15
glucose,100,250,1065,UNSAT,68847,80843,2976243,12,0,68846,7.67,13.09,60956,29,2.6859,uuf250-045.cnf,0.15
glucose,100,250,1065,UNSAT,169956,199210,7362240,14,0,169955,8.33,14.33,157002,27,8.6924,uuf250-046.cnf,0.15
glucose,100,250,1065,UNSAT,89776,105120,3892921,11,0,89775,7.85,13.22,84707,36,3.8477,uuf250-047.cnf,0.15
glucose,100,250,1065,UNSAT,37925,44260,1664176,13,0,37924,7.50,12.60,34002,34,1.3181,uuf250-048.cnf,0.15
glucose,100,250,1065,UNSAT,68171,80433,3109947,11,0,68170,7.97,13.54,60952,28,2.6922,uuf250-049.cnf,0.15
glucose,100,250,1065,UNSAT,73094,85868,3144207,12,0,73093,7.78,13.43,65404,31,2.9073,uuf250-05.cnf,0.15
glucose,100,250,1065,UNSAT,100538,118105,4296855,12,0,100537,7.96,13.48,89906,30,4.4041,uuf250-050.cnf,0.15
glucose,100,250,1065,UNSAT,127310,148698,5595417,12,0,127309,7.89,13.49,118157,28,5.8922,uuf250-051.cnf,0.15
glucose,100,250,1065,UNSAT,91190,106367,3880030,13,0,91189,8.06,13.53,84705,28,3.9449,uuf250-052.cnf,0.15
glucose,100,250,1065,UNSAT,143342,168685,6125827,12,0,143341,8.29,13.94,136905,38,6.8835,uuf250-053.cnf,0.15
glucose,100,250,1065,UNSAT,92950,108576,4151118,13,0,92949,8.00,13.52,84701,24,3.9563,uuf250-054.cnf,0.15
glucose,100,250,1065,UNSAT,35310,41360,1506655,11,0,35309,7.01,11.90,30753,36,1.2006,uuf250-055.cnf,0.15
glucose,100,250,1065,UNSAT,71131,83710,3104260,10,0,71130,7.83,13.29,65407,29,2.8097,uuf250-056.cnf,0.15
glucose,100,250,1065,UNSAT,97819,115627,4234151,13,0,97818,7.93,13.96,89905,30,4.2299,uuf250-057.cnf,0.15
glucose,100,250,1065,UNSAT,154148,179996,6688426,12,0,154147,8.25,13.78,143455,30,7.5635,uuf250-058.cnf,0.15
glucose,100,250,1065,UNSAT,39840,46801,1732945,13,0,39839,7.43,12.70,34007,26,1.3987,uuf250-059.cnf,0.15
glucose,100,250,1065,UNSAT,86133,101339,3724948,11,0,86132,7.89,13.52,79653,31,3.6047,uuf250-06.cnf,0.15
glucose,100,250,1065,UNSAT,67749,79497,2922677,12,0,67748,7.50,12.75,60959,28,2.6400,uuf250-060.cnf,0.15
glucose,100,250,1065,UNSAT,150458,176012,6503938,12,0,150457,8.31,14.30,143461,36,7.5845,uuf250-061.cnf,0.15
glucose,100,250,1065,UNSAT,58657,68965,2523819,11,0,58656,7.52,12.88,52501,29,2.2194,uuf250-062.cnf,0.15
glucose,100,250,1065,UNSAT,122946,143847,5342677,12,0,122945,8.05,13.86,112208,26,5.7578,uuf250-063.cnf,0.15
glucose,100,250,1065,UNSAT,96670,112924,4231877,11,0,96669,7.75,13.60,89907,34,4.2372,uuf250-064.cnf,0.15
glucose,100,250,1065,UNSAT,60502,70441,2611709,11,0,60501,7.59,13.04,52507,29,2.4166,uuf250-065.cnf,0.15
glucose,100,250,1065,UNSAT,209173,244436,9036271,12,0,209172,8.20,14.29,201268,31,11.4682,uuf250-066.cnf,0.15
glucose,100,250,1065,UNSAT,108520,127636,4740566,13,0,108519,8.39,14.18,100756,34,4.9129,uuf250-067.cnf,0.15
glucose,100,250,1065,UNSAT,27551,32079,1223433,12,0,27550,7.16,11.79,24703,28,0.9081,uuf250-068.cnf,0.15
glucose,100,250,1065,UNSAT,129602,151589,5489362,11,0,129601,7.99,13.30,118156,27,6.1080,uuf250-069.cnf,0.15
glucose,100,250,1065,UNSAT,94968,110459,4096815,11,0,94967,7.74,13.12,84706,30,4.1048,uuf250-07.cnf,0.15
glucose,100,250,1065,UNSAT,168934,197898,7352412,12,0,168933,8.15,13.93,157002,27,8.6038,uuf250-070.cnf,0.15
glucose,100,250,1065,UNSAT,128891,151241,5563873,11,0,128890,8.18,13.89,118157,33,6.1023,uuf250-071.cnf,0.15
glucose,100,250,1065,UNSAT,89279,104410,3872845,12,0,89278,7.77,13.44,79655,33,3.7850,uuf250-072.cnf,0.15
glucose,100,250,1065,UNSAT,59355,69990,2636767,13,0,59354,7.93,13.37,52504,28,2.3006,uuf250-073.cnf,0.15
glucose,100,250,1065,UNSAT,84862,99989,3587161,11,0,84861,7.81,13.05,79652,28,3.4637,uuf250-074.cnf,0.15
glucose,100,250,1065,UNSAT,101760,120074,4480405,10,0,101759,7.93,13.64,95256,30,4.5443,uuf250-075.cnf,0.15
glucose,100,250,1065,UNSAT,77705,90666,3290425,12,0,77704,7.76,12.91,70007,35,3.1399,uuf250-076.cnf,0.15
glucose,100,250,1065,UNSAT,189713,222772,8311156,14,0,189712,8.43,14.40,178458,28,10.2074,uuf250-077.cnf,0.15
glucose,100,250,1065,UNSAT,112565,131638,4884752,13,0,112564,7.88,13.13,106406,32,4.9625,uuf250-078.cnf,0.15
glucose,100,250,1065,UNSAT,84238,98951,3648558,12,0,84237,8.02,13.90,74756,31,3.6093,uuf250-079.cnf,0.15
glucose,100,250,1065,UNSAT,97570,114426,4162400,12,0,97569,7.85,13.27,89907,30,4.1994,uuf250-08.cnf,0.15
glucose,100,250,1065,UNSAT,132768,154546,5674410,12,0,132767,8.22,13.71,124258,32,6.4353,uuf250-080.cnf,0.15
glucose,100,250,1065,UNSAT,102956,121037,4405990,11,0,102955,7.77,13.15,95259,29,4.4640,uuf250-081.cnf,0.15
glucose,100,250,1065,UNSAT,92606,108728,4005263,13,0,92605,7.65,13.03,84706,30,3.8614,uuf250-082.cnf,0.15
glucose,100,250,1065,UNSAT,52332,61606,2312565,14,0,52331,7.88,13.69,44655,28,1.9958,uuf250-083.cnf,0.15
glucose,100,250,1065,UNSAT,57725,67947,2583829,11,0,57724,7.70,13.26,52504,27,2.1862,uuf250-084.cnf,0.15
glucose,100,250,1065,UNSAT,94395,110320,3991210,11,0,94394,7.96,13.87,84707,29,4.1255,uuf250-085.cnf,0.15
glucose,100,250,1065,UNSAT,68252,80324,2916542,11,0,68251,7.60,13.10,60958,29,2.7248,uuf250-086.cnf,0.15
glucose,100,250,1065,UNSAT,201366,235883,8811789,11,0,201365,8.43,14.26,193505,30,10.5626,uuf250-087.cnf,0.15
glucose,100,250,1065,UNSAT,102652,120447,4428341,12,0,102651,8.03,13.65,95254,28,4.5100,uuf250-088.cnf,0.15
glucose,100,250,1065,UNSAT,124755,145795,5389486,12,0,124754,7.98,13.64,118155,29,5.8235,uuf250-089.cnf,0.15
glucose,100,250,1065,UNSAT,163112,190400,7189851,12,0,163111,8.21,13.95,150160,31,7.9997,uuf250-09.cnf,0.15
glucose,100,250,1065,UNSAT,29061,34053,1242802,11,0,29060,7.19,12.33,24704,32,0.9909,uuf250-090.cnf,0.15
glucose,100,250,1065,UNSAT,88636,104693,3902565,12,0,88635,7.84,13.56,79656,30,3.7243,uuf250-091.cnf,0.15
glucose,100,250,1065,UNSAT,162181,189557,6930574,14,0,162180,8.36,14.23,150161,32,8.2543,uuf250-092.cnf,0.15
glucose,100,250,1065,UNSAT,111636,130949,4824781,12,0,111635,7.80,13.05,100756,26,4.8669,uuf250-093.cnf,0.15
glucose,100,250,1065,UNSAT,99444,116642,4213279,12,0,99443,7.82,13.19,89908,27,4.4077,uuf250-094.cnf,0.15
glucose,100,250,1065,UNSAT,52638,61792,2228675,13,0,52637,7.66,12.57,48501,37,1.9530,uuf250-095.cnf,0.15
glucose,100,250,1065,UNSAT,105655,122989,4588771,12,0,105654,7.87,13.52,95255,27,4.7686,uuf250-096.cnf,0.15
glucose,100,250,1065,UNSAT,72744,84945,3152839,11,0,72743,7.74,13.23,65404,38,2.9242,uuf250-097.cnf,0.15
glucose,100,250,1065,UNSAT,41458,48709,1820895,11,0,41457,7.21,12.22,37406,33,1.4655,uuf250-098.cnf,0.15
glucose,100,250,1065,UNSAT,71595,83491,3102408,11,0,71594,7.72,13.05,65404,33,2.9079,uuf250-099.cnf,0.15
glucose,100,250,1065,UNSAT,96838,113847,4275935,18,0,96837,8.31,13.86,89911,27,4.2032,uuf250-01.cnf,0.2
glucose,100,250,1065,UNSAT,102318,119562,4443075,17,0,102317,7.97,13.53,95256,28,4.4678,uuf250-010.cnf,0.2
glucose,100,250,1065,UNSAT,157980,184296,6604260,20,0,157979,8.31,13.76,150156,28,7.8265,uuf250-0100.cnf,0.2
glucose,100,250,1065,UNSAT,131151,153379,5652478,17,0,131150,7.89,13.30,124255,29,6.1337,uuf250-011.cnf,0.2
glucose,100,250,1065,UNSAT,83489,98264,3632742,19,0,83488,7.96,13.31,74755,31,3.4401,uuf250-012.cnf,0.2
glucose,100,250,1065,UNSAT,122415,142788,5167604,16,0,122414,8.00,13.46,112210,29,5.6556,uuf250-013.cnf,0.2
glucose,100,250,1065,UNSAT,121884,142378,5261638,18,0,121883,8.15,14.05,112207,31,5.6945,uuf250-014.cnf,0.2
glucose,100,250,1065,UNSAT,136620,159503,5820601,16,0,136619,8.20,13.91,124256,38,6.5035,uuf250-015.cnf,0.2
glucose,100,250,1065,UNSAT,64514,75695,2747554,17,0,64513,7.56,12.51,56654,29,2.4744,uuf250-016.cnf,0.2
glucose,100,250,1065,UNSAT,88389,103763,3746649,19,0,88388,7.91,13.60,79655,26,3.8155,uuf250-017.cnf,0.2
glucose,100,250,1065,UNSAT,123736,144399,5374367,19,0,123735,7.95,13.06,112207,30,5.5363,uuf250-018.cnf,0.2
glucose,100,250,1065,UNSAT,87778,102026,3795581,18,0,87777,8.01,13.84,79655,27,3.7827,uuf250-019.cnf,0.2
glucose,100,250,1065,UNSAT,85592,100287,3706933,20,0,85591,7.87,13.31,79656,26,3.6175,uuf250-02.cnf,0.2
glucose,100,250,1065,UNSAT,129181,152054,5495714,18,0,129180,8.08,13.50,118157,28,5.9188,uuf250-020.cnf,0.2
glucose,100,250,1065,UNSAT,129380,151657,5680622,17,0,129379,8.25,14.03,118157,36,6.1877,uuf250-021.cnf,0.2
glucose,100,250,1065,UNSAT,150805,176429,6583579,16,0,150804,8.06,13.64,143459,32,7.2371,uuf250-022.cnf,0.2
glucose,100,250,1065,UNSAT,62731,73523,2696708,18,0,62730,7.70,13.08,56654,34,2.4314,uuf250-023.cnf,0.2
glucose,100,250,1065,UNSAT,68676,80924,2981708,16,0,68675,7.83,13.26,60952,40,2.7141,uuf250-024.cnf,0.2
glucose,100,250,1065,UNSAT,94682,111200,4176269,16,0,94681,7.84,13.37,84704,28,4.0925,uuf250-025.cnf,0.2
glucose,100,250,1065,UNSAT,45397,53703,1988705,16,0,45396,7.59,12.98,40953,31,1.6389,uuf250-026.cnf,0.2
glucose,100,250,1065,UNSAT,126093,146895,5457707,16,0,126092,8.00,13.73,118154,28,5.8701,uuf250-027.cnf,0.2
glucose,100,250,1065,UNSAT,102265,120508,4418229,16,0,102264,8.08,13.79,95255,30,4.5474,uuf250-028.cnf,0.2
glucose,100,250,1065,UNSAT,86577,100745,3770858,18,0,86576,7.80,13.42,79655,27,3.7316,uuf250-029.cnf,0.2
glucose,100,250,1065,UNSAT,95829,112084,4180615,19,0,95828,7.72,13.26,89909,31,4.1306,uuf250-03.cnf,0.2
glucose,100,250,1065,UNSAT,51523,61112,2153997,16,0,51522,7.55,12.63,44654,29,1.8967,uuf250-030.cnf,0.2
glucose,100,250,1065,UNSAT,122290,143671,5444505,19,0,122289,8.38,14.22,112207,37,5.6388,uuf250-031.cnf,0.2
glucose,100,250,1065,UNSAT,87763,102671,3754190,17,0,87762,7.86,13.16,79658,29,3.6746,uuf250-032.cnf,0.2
glucose,100,250,1065,UNSAT,141780,166116,6079218,18,0,141779,8.47,14.22,130506,32,7.0078,uuf250-033.cnf,0.2
glucose,100,250,1065,UNSAT,137458,161677,6012551,17,0,137457,8.03,13.63,130507,29,6.4537,uuf250-034.cnf,0.2
glucose,100,250,1065,UNSAT,112493,132078,4847818,16,0,112492,7.98,13.62,106407,30,5.1018,uuf250-035.cnf,0.2
glucose,100,250,1065,UNSAT,74029,87154,3137924,17,0,74028,7.80,13.38,65402,27,3.0041,uuf250-036.cnf,0.2
glucose,100,250,1065,UNSAT,52033,60967,2207785,17,0,52032,7.68,12.77,44654,33,1.9495,uuf250-037.cnf,0.2
glucose,100,250,1065,UNSAT,35818,42356,1563540,17,0,35817,7.37,12.38,30751,26,1.2250,uuf250-038.cnf,0.2
glucose,100,250,1065,UNSAT,81331,95244,3483844,19,0,81330,7.79,12.99,74756,31,3.3534,uuf250-039.cnf,0.2
glucose,100,250,1065,UNSAT,98686,115681,4162126,17,0,98685,8.00,13.73,89902,28,4.3755,uuf250-04.cnf,0.2
glucose,100,250,1065,UNSAT,38163,44446,1629334,17,0,38162,7.50,12.11,34005,29,1.3246,uuf250-040.cnf,0.2
glucose,100,250,1065,UNSAT,79377,93739,3511100,17,0,79376,7.95,13.63,70008,31,3.2487,uuf250-041.cnf,0.2
glucose,100,250,1065,UNSAT,95083,111027,4125996,18,0,95082,7.72,13.17,84703,29,4.0887,uuf250-042.cnf,0.2
glucose,100,250,1065,UNSAT,111887,131290,4804400,17,0,111886,7.96,13.34,100755,30,5.0538,uuf250-043.cnf,0.2
glucose,100,250,1065,UNSAT,69659,81887,3065190,15,0,69658,7.55,13.26,60958,30,2.7771,uuf250-044.cnf,0.2
glucose,100,250,1065,UNSAT,59194,69933,2576107,13,0,59193,7.49,12.74,52504,29,2.2464,uuf250-045.cnf,0.2
glucose,100,250,1065,UNSAT,181685,213731,7903644,16,0,181684,8.02,14.01,171166,29,9.3292,uuf250-046.cnf,0.2
glucose,100,250,1065,UNSAT,69679,82073,3037527,16,0,69678,7.89,13.06,60957,36,2.7658,uuf250-047.cnf,0.2
glucose,100,250,1065,UNSAT,32007,37707,1405539,16,0,32006,7.29,12.45,27654,34,1.0798,uuf250-048.cnf,0.2
glucose,100,250,1065,UNSAT,66686,78699,3030315,17,0,66685,7.83,13.47,60957,30,2.6355,uuf250-049.cnf,0.2
glucose,100,250,1065,UNSAT,68277,80690,2934845,15,0,68276,7.58,12.88,60955,31,2.6494,uuf250-05.cnf,0.2
glucose,100,250,1065,UNSAT,97875,115217,4168328,16,0,97874,7.92,13.38,89904,30,4.2621,uuf250-050.cnf,0.2
glucose,100,250,1065,UNSAT,129155,150848,5628357,18,0,129154,8.06,13.75,118160,28,6.0834,uuf250-051.cnf,0.2
glucose,100,250,1065,UNSAT,103433,120780,4399780,17,0,103432,7.84,13.21,95252,25,4.5586,uuf250-052.cnf,0.2
glucose,100,250,1065,UNSAT,161387,189635,6890986,19,0,161386,8.22,13.86,150161,38,8.0167,uuf250-053.cnf,0.2
glucose,100,250,1065,UNSAT,87884,102664,3969117,19,0,87883,8.00,13.49,79659,26,3.6885,uuf250-054.cnf,0.2
glucose,100,250,1065,UNSAT,37984,44572,1606316,17,0,37983,7.25,12.02,34001,36,1.3031,uuf250-055.cnf,0.2
glucose,100,250,1065,UNSAT,70464,82640,3077686,18,0,70463,7.95,13.28,65406,29,2.8045,uuf250-056.cnf,0.2
glucose,100,250,1065,UNSAT,94948,112409,4081669,18,0,94947,7.94,13.88,84706,30,4.1060,uuf250-057.cnf,0.2
glucose,100,250,1065,UNSAT,121065,141641,5274343,16,0,121064,7.99,13.66,112208,30,5.6281,uuf250-058.cnf,0.2
glucose,100,250,1065,UNSAT,43172,50340,1870405,18,0,43171,7.40,12.48,37402,26,1.5366,uuf250-059.cnf,0.2
glucose,100,250,1065,UNSAT,80263,94896,3486671,17,0,80262,7.90,13.62,74756,31,3.4432,uuf250-06.cnf,0.2
glucose,100,250,1065,UNSAT,64057,75018,2784651,18,0,64056,7.51,12.81,56652,28,2.4668,uuf250-060.cnf,0.2
glucose,100,250,1065,UNSAT,186731,218151,8070972,18,0,186730,8.31,14.03,178462,36,9.8023,uuf250-061.cnf,0.2
glucose,100,250,1065,UNSAT,55079,65001,2379892,16,0,55078,7.50,12.84,48505,29,2.1050,uuf250-062.cnf,0.2
glucose,100,250,1065,UNSAT,124283,145555,5392487,16,0,124282,8.18,14.00,118156,26,5.9125,uuf250-063.cnf,0.2
glucose,100,250,1065,UNSAT,94301,110120,4154348,16,0,94300,8.24,14.15,84706,34,4.2203,uuf250-064.cnf,0.2
glucose,100,250,1065,UNSAT,62490,73047,2715830,18,0,62489,7.79,13.08,56652,31,2.5501,uuf250-065.cnf,0.2
glucose,100,250,1065,UNSAT,227821,266373,9913625,18,0,227820,8.44,14.57,217211,31,12.7994,uuf250-066.cnf,0.2
glucose,100,250,1065,UNSAT,92971,109639,4130287,16,0,92970,7.95,13.37,84707,34,3.9775,uuf250-067.cnf,0.2
glucose,100,250,1065,UNSAT,28412,33134,1274575,17,0,28411,7.12,11.74,24706,28,0.9383,uuf250-068.cnf,0.2
glucose,100,250,1065,UNSAT,98654,115786,4175091,18,0,98653,8.01,13.62,89903,27,4.3982,uuf250-069.cnf,0.2
glucose,100,250,1065,UNSAT,92449,108278,3994562,16,0,92448,8.03,13.71,84709,30,4.0219,uuf250-07.cnf,0.2
glucose,100,250,1065,UNSAT,136629,159853,6028734,17,0,136628,8.36,14.23,124255,27,6.6970,uuf250-070.cnf,0.2
glucose,100,250,1065,UNSAT,135741,159706,5839630,15,0,135740,8.15,13.87,124256,33,6.3813,uuf250-071.cnf,0.2
glucose,100,250,1065,UNSAT,81472,95121,3559382,17,0,81471,7.67,13.10,74754,33,3.4070,uuf250-072.cnf,0.2
glucose,100,250,1065,UNSAT,57009,67215,2517103,18,0,57008,8.00,13.45,52503,28,2.1894,uuf250-073.cnf,0.2
glucose,100,250,1065,UNSAT,69941,82065,2992069,17,0,69940,7.42,12.32,65406,28,2.6680,uuf250-074.cnf,0.2
glucose,100,250,1065,UNSAT,96667,113941,4219887,16,0,96666,8.20,13.98,89905,30,4.2392,uuf250-075.cnf,0.2
glucose,100,250,1065,UNSAT,72034,84227,3040507,17,0,72033,7.80,12.90,65406,35,2.8822,uuf250-076.cnf,0.2
glucose,100,250,1065,UNSAT,191436,223804,8384112,18,0,191435,8.21,14.09,178457,32,10.1269,uuf250-077.cnf,0.2
glucose,100,250,1065,UNSAT,104035,121738,4522559,19,0,104034,7.71,13.01,95255,32,4.5529,uuf250-078.cnf,0.2
glucose,100,250,1065,UNSAT,78959,92910,3424283,17,0,78958,7.80,13.38,70005,31,3.2686,uuf250-079.cnf,0.2
glucose,100,250,1065,UNSAT,83798,98120,3602866,16,0,83797,7.75,13.29,74755,28,3.5120,uuf250-08.cnf,0.2
glucose,100,250,1065,UNSAT,130015,151271,5576577,15,0,130014,8.09,13.53,118156,32,6.1391,uuf250-080.cnf,0.2
glucose,100,250,1065,UNSAT,103968,121573,4465593,15,0,103967,7.85,13.16,95256,29,4.5307,uuf250-081.cnf,0.2
glucose,100,250,1065,UNSAT,87361,102507,3811914,16,0,87360,7.82,13.37,79656,30,3.6554,uuf250-082.cnf,0.2
glucose,100,250,1065,UNSAT,45896,54158,2027104,18,0,45895,7.67,13.23,40955,28,1.6933,uuf250-083.cnf,0.2
glucose,100,250,1065,UNSAT,60689,71356,2670904,16,0,60688,7.64,13.19,52503,27,2.3049,uuf250-084.cnf,0.2
glucose,100,250,1065,UNSAT,87701,102761,3713874,17,0,87700,7.99,13.45,79655,29,3.6544,uuf250-085.cnf,0.2
glucose,100,250,1065,UNSAT,68738,80774,2971872,16,0,68737,7.53,12.79,60955,29,2.6862,uuf250-086.cnf,0.2
glucose,100,250,1065,UNSAT,191044,224110,8376476,15,0,191043,8.33,14.09,178462,29,9.8906,uuf250-087.cnf,0.2
glucose,100,250,1065,UNSAT,95457,112363,4115045,16,0,95456,7.83,13.27,89903,28,4.0874,uuf250-088.cnf,0.2
glucose,100,250,1065,UNSAT,85199,99929,3751602,19,0,85198,8.20,13.94,79650,29,3.7586,uuf250-089.cnf,0.2
glucose,100,250,1065,UNSAT,220709,256855,9722984,17,0,220708,8.28,13.97,209161,31,12.0931,uuf250-09.cnf,0.2
glucose,100,250,1065,UNSAT,26356,31112,1130984,18,0,26355,7.18,12.13,21903,32,0.8494,uuf250-090.cnf,0.2
glucose,100,250,1065,UNSAT,105996,125009,4649434,18,0,105995,7.97,13.83,95256,30,4.7043,uuf250-091.cnf,0.2
glucose,100,250,1065,UNSAT,122240,144200,5244601,18,0,122239,8.13,13.98,112205,27,5.7606,uuf250-092.cnf,0.2
glucose,100,250,1065,UNSAT,86859,102555,3787528,18,0,86858,7.98,13.51,79658,27,3.6640,uuf250-093.cnf,0.2
glucose,100,250,1065,UNSAT,87232,102218,3731128,17,0,87231,7.77,12.96,79663,29,3.6005,uuf250-094.cnf,0.2
glucose,100,250,1065,UNSAT,59639,70166,2501731,19,0,59638,7.63,12.51,52506,37,2.3033,uuf250-095.cnf,0.2
glucose,100,250,1065,UNSAT,104223,121281,4526186,17,0,104222,7.93,13.64,95257,27,4.7004,uuf250-096.cnf,0.2
glucose,100,250,1065,UNSAT,50489,59189,2228761,14,0,50488,7.71,13.25,44657,38,1.9145,uuf250-097.cnf,0.2
glucose,100,250,1065,UNSAT,33638,39844,1472264,15,0,33637,7.20,12.34,27652,33,1.1439,uuf250-098.cnf,0.2
glucose,100,250,1065,UNSAT,70708,82955,3025409,15,0,70707,7.87,13.23,65403,33,2.8616,uuf250-099.cnf,0.2
glucose,100,250,1065,UNSAT,89776,105970,3973637,31,0,89775,7.72,13.33,84705,27,3.7061,uuf250-01.cnf,0.3333
glucose,100,250,1065,UNSAT,74365,87402,3268050,30,0,74364,7.80,13.46,65401,28,2.9517,uuf250-010.cnf,0.3333
glucose,100,250,1065,UNSAT,135131,158967,5764033,36,0,135130,8.11,13.68,124259,27,6.3611,uuf250-0100.cnf,0.3333
glucose,100,250,1065,UNSAT,126346,148243,5465424,33,0,126345,7.82,13.25,118155,31,5.8650,uuf250-011.cnf,0.3333
glucose,100,250,1065,UNSAT,104926,123348,4529881,33,0,104925,8.17,13.41,95260,27,4.6086,uuf250-012.cnf,0.3333
glucose,100,250,1065,UNSAT,81874,96547,3491481,34,0,81873,7.80,13.15,74759,29,3.3783,uuf250-013.cnf,0.3333
glucose,100,250,1065,UNSAT,117548,137627,5169810,32,0,117547,8.14,14.05,106406,31,5.3525,uuf250-014.cnf,0.3333
glucose,100,250,1065,UNSAT,118979,138958,5084573,30,0,118978,7.87,13.32,112207,38,5.3719,uuf250-015.cnf,0.3333
glucose,100,250,1065,UNSAT,67989,79846,2870299,32,0,67988,7.78,12.86,60953,29,2.7221,uuf250-016.cnf,0.3333
glucose,100,250,1065,UNSAT,84240,98767,3560903,33,0,84239,7.82,13.29,74759,25,3.5503,uuf250-017.cnf,0.3333
glucose,100,250,1065,UNSAT,109736,129162,4800242,35,0,109735,8.13,13.36,100755,30,4.7912,uuf250-018.cnf,0.3333
glucose,100,250,1065,UNSAT,110122,128411,4744427,37,0,110121,7.92,13.52,100757,27,4.9765,uuf250-019.cnf,0.3333
glucose,100,250,1065,UNSAT,91406,107700,3918486,33,0,91405,7.99,13.60,84709,27,3.9542,uuf250-02.cnf,0.3333
glucose,100,250,1065,UNSAT,126965,149892,5454769,31,0,126964,7.87,13.57,118155,28,5.7400,uuf250-020.cnf,0.3333
glucose,100,250,1065,UNSAT,154209,181237,6754417,32,0,154208,7.93,13.42,143459,36,7.3796,uuf250-021.cnf,0.3333
glucose,100,250,1065,UNSAT,144156,168599,6307148,32,0,144155,8.13,13.75,136916,34,6.9001,uuf250-022.cnf,0.3333
glucose,100,250,1065,UNSAT,70418,82114,3012623,31,0,70417,7.71,12.93,65407,34,2.8561,uuf250-023.cnf,0.3333
glucose,100,250,1065,UNSAT,69092,81432,2994942,31,0,69091,7.76,13.09,60950,40,2.7156,uuf250-024.cnf,0.3333
glucose,100,250,1065,UNSAT,92195,108708,4060633,31,0,92194,7.80,13.41,84710,28,3.9682,uuf250-025.cnf,0.3333
glucose,100,250,1065,UNSAT,50448,59766,2200930,32,0,50447,7.63,12.84,44653,31,1.8687,uuf250-026.cnf,0.3333
glucose,100,250,1065,UNSAT,117146,137338,5102081,34,0,117145,7.86,13.67,106404,30,5.3883,uuf250-027.cnf,0.3333
glucose,100,250,1065,UNSAT,82195,96871,3579360,31,0,82194,7.85,13.48,74755,29,3.4288,uuf250-028.cnf,0.3333
glucose,100,250,1065,UNSAT,54725,64251,2399607,33,0,54724,7.70,13.30,48505,27,2.1143,uuf250-029.cnf,0.3333
glucose,100,250,1065,UNSAT,100593,117566,4405968,30,0,100592,7.81,13.28,89905,31,4.4352,uuf250-03.cnf,0.3333
glucose,100,250,1065,UNSAT,57976,68502,2438421,32,0,57975,7.62,12.75,52508,29,2.1915,uuf250-030.cnf,0.3333
glucose,100,250,1065,UNSAT,115888,136784,5136712,35,0,115887,8.44,14.08,106408,37,5.2517,uuf250-031.cnf,0.3333
glucose,100,250,1065,UNSAT,86467,101416,3701860,33,0,86466,7.79,13.02,79656,29,3.6313,uuf250-032.cnf,0.3333
glucose,100,250,1065,UNSAT,138089,162164,5992862,33,0,138088,8.08,13.74,130506,32,6.7207,uuf250-033.cnf,0.3333
glucose,100,250,1065,UNSAT,133317,156572,5835742,31,0,133316,8.19,14.11,124261,29,6.4186,uuf250-034.cnf,0.3333
glucose,100,250,1065,UNSAT,117114,138080,5055954,33,0,117113,8.05,13.57,106405,30,5.2637,uuf250-035.cnf,0.3333
glucose,100,250,1065,UNSAT,71018,83582,3008509,32,0,71017,7.90,13.14,65405,29,2.8448,uuf250-036.cnf,0.3333
glucose,100,250,1065,UNSAT,54122,63476,2297626,32,0,54121,7.52,12.37,48506,33,1.9933,uuf250-037.cnf,0.3333
glucose,100,250,1065,UNSAT,41301,48849,1797947,33,0,41300,7.56,12.45,37405,30,1.4443,uuf250-038.cnf,0.3333
glucose,100,250,1065,UNSAT,79595,93374,3412862,33,0,79594,7.71,13.00,74752,26,3.2797,uuf250-039.cnf,0.3333
glucose,100,250,1065,UNSAT,113429,133265,4778533,35,0,113428,8.17,13.56,106404,29,5.1835,uuf250-04.cnf,0.3333
glucose,100,250,1065,UNSAT,37133,43679,1583481,30,0,37132,7.33,12.18,30754,29,1.2877,uuf250-040.cnf,0.3333
glucose,100,250,1065,UNSAT,79626,94108,3493465,32,0,79625,8.15,13.64,74758,32,3.2708,uuf250-041.cnf,0.3333
glucose,100,250,1065,UNSAT,110268,128610,4760419,33,0,110267,7.88,13.45,100758,29,4.9380,uuf250-042.cnf,0.3333
glucose,100,250,1065,UNSAT,129079,151159,5512261,31,0,129078,8.38,14.10,118157,33,6.1354,uuf250-043.cnf,0.3333
glucose,100,250,1065,UNSAT,74278,87880,3255115,33,0,74277,7.81,13.42,65410,30,3.0198,uuf250-044.cnf,0.3333
glucose,100,250,1065,UNSAT,56924,66968,2487317,30,0,56923,7.67,12.91,52503,29,2.1773,uuf250-045.cnf,0.3333
glucose,100,250,1065,UNSAT,161922,190578,7003511,34,0,161921,8.51,14.59,150155,27,8.2222,uuf250-046.cnf,0.3333
glucose,100,250,1065,UNSAT,78459,92346,3383301,34,0,78458,7.96,13.20,70005,36,3.2375,uuf250-047.cnf,0.3333
glucose,100,250,1065,UNSAT,34816,41107,1541841,34,0,34815,7.67,12.81,30755,34,1.2216,uuf250-048.cnf,0.3333
glucose,100,250,1065,UNSAT,70711,83336,3232362,33,0,70710,7.99,13.61,65403,30,2.8385,uuf250-049.cnf,0.3333
glucose,100,250,1065,UNSAT,74679,88055,3191597,35,0,74678,7.73,13.20,70005,31,3.0882,uuf250-05.cnf,0.3333
glucose,100,250,1065,UNSAT,108159,127222,4572491,33,0,108158,8.28,14.05,100757,30,4.9622,uuf250-050.cnf,0.3333
glucose,100,250,1065,UNSAT,128264,150298,5654930,33,0,128263,8.10,13.82,118155,28,6.0588,uuf250-051.cnf,0.3333
glucose,100,250,1065,UNSAT,98345,115225,4189069,35,0,98344,7.95,13.53,89905,27,4.3777,uuf250-052.cnf,0.3333
glucose,100,250,1065,UNSAT,130114,153061,5579607,31,0,130113,8.16,13.96,118156,38,6.1255,uuf250-053.cnf,0.3333
glucose,100,250,1065,UNSAT,90966,106726,4103962,35,0,90965,7.80,13.34,84707,28,3.7963,uuf250-054.cnf,0.3333
glucose,100,250,1065,UNSAT,32782,38672,1396233,34,0,32781,7.13,12.03,27654,36,1.0778,uuf250-055.cnf,0.3333
glucose,100,250,1065,UNSAT,63026,74348,2768338,31,0,63025,7.60,12.88,56656,29,2.3967,uuf250-056.cnf,0.3333
glucose,100,250,1065,UNSAT,93362,111062,4008196,30,0,93361,7.79,13.32,84705,30,3.8728,uuf250-057.cnf,0.3333
glucose,100,250,1065,UNSAT,148615,174449,6435527,34,0,148614,8.22,13.62,136907,30,7.1412,uuf250-058.cnf,0.3333
glucose,100,250,1065,UNSAT,43327,50901,1888877,32,0,43326,7.43,12.51,37402,26,1.5597,uuf250-059.cnf,0.3333
glucose,100,250,1065,UNSAT,92134,108463,3956778,32,0,92133,7.94,13.49,84705,32,3.9432,uuf250-06.cnf,0.3333
glucose,100,250,1065,UNSAT,61277,72509,2668071,31,0,61276,7.77,13.15,56651,28,2.4274,uuf250-060.cnf,0.3333
glucose,100,250,1065,UNSAT,158420,185716,6955028,32,0,158419,8.14,14.01,150160,36,7.9020,uuf250-061.cnf,0.3333
glucose,100,250,1065,UNSAT,50538,60023,2202206,34,0,50537,7.51,12.87,44653,29,1.8428,uuf250-062.cnf,0.3333
glucose,100,250,1065,UNSAT,127622,149832,5514339,34,0,127621,8.23,13.96,118157,28,6.0342,uuf250-063.cnf,0.3333
glucose,100,250,1065,UNSAT,89050,104529,3916953,28,0,89049,7.83,13.60,79657,34,3.7482,uuf250-064.cnf,0.3333
glucose,100,250,1065,UNSAT,62688,73165,2718518,29,0,62687,7.67,12.92,56657,31,2.4607,uuf250-065.cnf,0.3333
glucose,100,250,1065,UNSAT,187063,218600,8162669,32,0,187062,8.08,13.93,178462,31,9.7213,uuf250-066.cnf,0.3333
glucose,100,250,1065,UNSAT,93288,110270,4102218,31,0,93287,7.81,13.36,84710,34,3.9611,uuf250-067.cnf,0.3333
glucose,100,250,1065,UNSAT,31714,37376,1399341,33,0,31713,7.47,12.09,27654,28,1.0641,uuf250-068.cnf,0.3333
glucose,100,250,1065,UNSAT,90842,106503,3865341,36,0,90841,7.93,13.43,84711,27,3.9728,uuf250-069.cnf,0.3333
glucose,100,250,1065,UNSAT,90570,105921,3921769,31,0,90569,7.74,13.30,84707,30,3.8826,uuf250-07.cnf,0.3333
glucose,100,250,1065,UNSAT,162945,190136,7142368,31,0,162944,8.39,14.37,150158,31,8.4791,uuf250-070.cnf,0.3333
glucose,100,250,1065,UNSAT,131635,155109,5645052,30,0,131634,8.20,14.03,124256,33,6.2679,uuf250-071.cnf,0.3333
glucose,100,250,1065,UNSAT,86655,101777,3782148,31,0,86654,7.69,13.15,79658,33,3.6216,uuf250-072.cnf,0.3333
glucose,100,250,1065,UNSAT,60368,71662,2680727,34,0,60367,7.84,13.11,52502,31,2.3056,uuf250-073.cnf,0.3333
glucose,100,250,1065,UNSAT,63328,74550,2699635,30,0,63327,7.65,12.66,56655,28,2.3831,uuf250-074.cnf,0.3333
glucose,100,250,1065,UNSAT,95623,113057,4159150,33,0,95622,7.98,13.82,89903,30,4.1654,uuf250-075.cnf,0.3333
glucose,100,250,1065,UNSAT,97182,113983,4090950,30,0,97181,7.60,12.70,89910,35,4.0900,uuf250-076.cnf,0.3333
glucose,100,250,1065,UNSAT,174313,204113,7662190,33,0,174312,8.25,14.23,164004,27,9.1000,uuf250-077.cnf,0.3333
glucose,100,250,1065,UNSAT,97741,114578,4262808,31,0,97740,7.99,13.53,89904,32,4.2009,uuf250-078.cnf,0.3333
glucose,100,250,1065,UNSAT,85915,100527,3727607,34,0,85914,7.82,13.27,79654,31,3.6506,uuf250-079.cnf,0.3333
glucose,100,250,1065,UNSAT,81139,96138,3474170,31,0,81138,7.92,13.28,74752,29,3.3612,uuf250-08.cnf,0.3333
glucose,100,250,1065,UNSAT,113725,132975,4861477,31,0,113724,7.95,13.41,106407,32,5.2015,uuf250-080.cnf,0.3333
glucose,100,250,1065,UNSAT,97790,114986,4216410,30,0,97789,7.77,13.18,89902,29,4.2144,uuf250-081.cnf,0.3333
glucose,100,250,1065,UNSAT,137712,160906,5871114,33,0,137711,8.09,13.71,130509,30,6.5397,uuf250-082.cnf,0.3333
glucose,100,250,1065,UNSAT,52550,62165,2316319,32,0,52549,7.77,13.23,48501,31,1.9628,uuf250-083.cnf,0.3333
glucose,100,250,1065,UNSAT,62773,73927,2762462,34,0,62772,7.78,13.54,56651,29,2.4507,uuf250-084.cnf,0.3333
glucose,100,250,1065,UNSAT,96571,113191,4078998,34,0,96570,7.83,13.26,89905,29,4.1360,uuf250-085.cnf,0.3333
glucose,100,250,1065,UNSAT,86975,101605,3688495,30,0,86974,7.77,12.80,79655,29,3.5953,uuf250-086.cnf,0.3333
glucose,100,250,1065,UNSAT,234673,275346,10203271,28,0,234672,8.52,14.64,225414,29,13.0114,uuf250-087.cnf,0.3333
glucose,100,250,1065,UNSAT,96495,113861,4146613,32,0,96494,8.00,13.52,89902,28,4.2146,uuf250-088.cnf,0.3333
glucose,100,250,1065,UNSAT,102733,120496,4476235,31,0,102732,7.92,13.63,95255,29,4.5948,uuf250-089.cnf,0.3333
glucose,100,250,1065,UNSAT,163344,191602,7186273,34,0,163343,8.28,14.13,150154,31,8.2929,uuf250-09.cnf,0.3333
glucose,100,250,1065,UNSAT,30223,35582,1286986,30,0,30222,7.23,12.29,24705,32,1.0121,uuf250-090.cnf,0.3333
glucose,100,250,1065,UNSAT,83263,98441,3652406,30,0,83262,7.91,13.92,74755,30,3.4590,uuf250-091.cnf,0.3333
glucose,100,250,1065,UNSAT,113800,134068,4901607,33,0,113799,8.02,13.73,106405,27,5.1211,uuf250-092.cnf,0.3333
glucose,100,250,1065,UNSAT,109399,128727,4723545,32,0,109398,7.95,13.48,100755,27,4.8288,uuf250-093.cnf,0.3333
glucose,100,250,1065,UNSAT,93979,109970,4040921,31,0,93978,7.81,12.94,84709,27,4.0062,uuf250-094.cnf,0.3333
glucose,100,250,1065,UNSAT,59119,69677,2483222,31,0,59118,7.69,12.76,52504,37,2.2593,uuf250-095.cnf,0.3333
glucose,100,250,1065,UNSAT,103876,121121,4551990,32,0,103875,7.97,13.43,95261,27,4.6312,uuf250-096.cnf,0.3333
glucose,100,250,1065,UNSAT,54996,65111,2401741,34,0,54995,7.71,13.34,48505,38,2.1175,uuf250-097.cnf,0.3333
glucose,100,250,1065,UNSAT,39274,46379,1717066,31,0,39273,7.37,12.41,34000,33,1.3682,uuf250-098.cnf,0.3333
glucose,100,250,1065,UNSAT,64313,75524,2775972,29,0,64312,7.55,12.89,56657,33,2.4851,uuf250-099.cnf,0.3333
glucose,100,250,1065,UNSAT,84607,100306,3760193,50,0,84606,7.80,13.25,79655,27,3.4583,uuf250-01.cnf,0.4667
glucose,100,250,1065,UNSAT,72203,85557,3194714,48,0,72202,7.71,13.08,65406,28,2.8428,uuf250-010.cnf,0.4667
glucose,100,250,1065,UNSAT,148016,173289,6286111,53,0,148015,8.11,13.43,136908,29,7.0119,uuf250-0100.cnf,0.4667
glucose,100,250,1065,UNSAT,102623,120643,4424392,50,0,102622,7.83,13.38,95257,29,4.4026,uuf250-011.cnf,0.4667
glucose,100,250,1065,UNSAT,103672,121643,4489170,49,0,103671,8.05,13.27,95257,27,4.4836,uuf250-012.cnf,0.4667
glucose,100,250,1065,UNSAT,98713,115627,4182573,47,0,98712,8.05,13.50,89909,29,4.4229,uuf250-013.cnf,0.4667
glucose,100,250,1065,UNSAT,158128,185181,6849841,55,0,158127,8.31,14.13,150159,31,7.9778,uuf250-014.cnf,0.4667
glucose,100,250,1065,UNSAT,106924,125612,4643198,50,0,106923,8.00,13.62,100757,38,4.6981,uuf250-015.cnf,0.4667
glucose,100,250,1065,UNSAT,61976,73409,2644699,49,0,61975,7.79,12.76,56652,29,2.4260,uuf250-016.cnf,0.4667
glucose,100,250,1065,UNSAT,104544,122768,4436991,55,0,104543,7.82,13.14,95255,29,4.6603,uuf250-017.cnf,0.4667
glucose,100,250,1065,UNSAT,114570,134242,4996217,51,0,114569,8.12,13.29,106406,32,5.0243,uuf250-018.cnf,0.4667
glucose,100,250,1065,UNSAT,83143,97629,3649556,52,0,83142,7.86,13.36,74755,35,3.5500,uuf250-019.cnf,0.4667
glucose,100,250,1065,UNSAT,110007,128952,4701839,51,0,110006,7.97,13.40,100754,28,4.9639,uuf250-02.cnf,0.4667
glucose,100,250,1065,UNSAT,114105,134950,4889307,53,0,114104,7.97,13.31,106404,28,5.1282,uuf250-020.cnf,0.4667
glucose,100,250,1065,UNSAT,133179,157014,5853233,50,0,133178,8.13,13.62,124258,36,6.2349,uuf250-021.cnf,0.4667
glucose,100,250,1065,UNSAT,133848,157360,5861100,52,0,133847,8.06,13.55,124256,34,6.2804,uuf250-022.cnf,0.4667
glucose,100,250,1065,UNSAT,80978,95065,3415451,54,0,80977,8.05,13.13,74754,34,3.3664,uuf250-023.cnf,0.4667
glucose,100,250,1065,UNSAT,61437,72735,2681953,47,0,61436,7.69,13.11,56653,40,2.3803,uuf250-024.cnf,0.4667
glucose,100,250,1065,UNSAT,101354,118808,4445693,56,0,101353,8.03,13.51,95254,29,4.4315,uuf250-025.cnf,0.4667
glucose,100,250,1065,UNSAT,50326,59752,2207473,47,0,50325,7.79,13.29,44652,31,1.8729,uuf250-026.cnf,0.4667
glucose,100,250,1065,UNSAT,129915,152511,5590331,56,0,129914,8.11,13.62,118159,29,6.2234,uuf250-027.cnf,0.4667
glucose,100,250,1065,UNSAT,86961,102533,3801289,55,0,86960,8.00,13.52,79659,29,3.7009,uuf250-028.cnf,0.4667
glucose,100,250,1065,UNSAT,65651,76793,2841533,48,0,65650,7.58,13.00,60954,27,2.6354,uuf250-029.cnf,0.4667
glucose,100,250,1065,UNSAT,89488,105453,3908218,52,0,89487,8.05,13.80,79656,31,3.8967,uuf250-03.cnf,0.4667
glucose,100,250,1065,UNSAT,55850,66735,2363870,52,0,55849,7.75,12.77,48506,30,2.0923,uuf250-030.cnf,0.4667
glucose,100,250,1065,UNSAT,127534,150451,5658976,52,0,127533,7.99,13.63,118159,37,5.8230,uuf250-031.cnf,0.4667
glucose,100,250,1065,UNSAT,79125,93324,3403158,52,0,79124,7.68,13.01,70004,29,3.2311,uuf250-032.cnf,0.4667
glucose,100,250,1065,UNSAT,139547,164152,6025604,50,0,139546,8.06,13.47,130511,32,6.7664,uuf250-033.cnf,0.4667
glucose,100,250,1065,UNSAT,139461,163988,6104682,52,0,139460,8.13,13.75,130506,31,6.5953,uuf250-034.cnf,0.4667
glucose,100,250,1065,UNSAT,135156,158736,5774722,50,0,135155,7.99,13.54,124259,33,6.3949,uuf250-035.cnf,0.4667
glucose,100,250,1065,UNSAT,51364,61252,2200125,54,0,51363,7.70,13.24,44650,29,1.9258,uuf250-036.cnf,0.4667
glucose,100,250,1065,UNSAT,58123,68428,2463906,54,0,58122,7.81,12.67,52502,33,2.2383,uuf250-037.cnf,0.4667
glucose,100,250,1065,UNSAT,42062,49751,1826385,49,0,42061,7.51,12.38,37405,26,1.4896,uuf250-038.cnf,0.4667
glucose,100,250,1065,UNSAT,91739,107891,3929506,52,0,91738,7.86,13.12,84710,26,3.9226,uuf250-039.cnf,0.4667
glucose,100,250,1065,UNSAT,99276,117196,4200314,54,0,99275,8.05,13.62,89905,29,4.4083,uuf250-04.cnf,0.4667
glucose,100,250,1065,UNSAT,43442,51124,1830823,53,0,43441,7.55,12.29,37404,29,1.5336,uuf250-040.cnf,0.4667
glucose,100,250,1065,UNSAT,87287,103378,3844366,51,0,87286,7.86,13.50,79656,31,3.6074,uuf250-041.cnf,0.4667
glucose,100,250,1065,UNSAT,96674,112974,4203931,54,0,96673,8.08,13.52,89911,29,4.1856,uuf250-042.cnf,0.4667
glucose,100,250,1065,UNSAT,136528,160145,5818113,55,0,136527,8.05,13.51,124256,33,6.3385,uuf250-043.cnf,0.4667
glucose,100,250,1065,UNSAT,91524,108508,3999997,53,0,91523,7.86,13.28,84704,30,3.8787,uuf250-044.cnf,0.4667
glucose,100,250,1065,UNSAT,60734,71392,2645439,54,0,60733,7.72,13.11,52503,31,2.3543,uuf250-045.cnf,0.4667
glucose,100,250,1065,UNSAT,182851,215609,7915559,47,0,182850,8.40,14.24,171163,30,9.4373,uuf250-046.cnf,0.4667
glucose,100,250,1065,UNSAT,85072,100108,3643627,55,0,85071,8.03,13.35,79652,36,3.5868,uuf250-047.cnf,0.4667
glucose,100,250,1065,UNSAT,40726,47970,1796005,53,0,40725,7.52,12.26,34005,34,1.4224,uuf250-048.cnf,0.4667
glucose,100,250,1065,UNSAT,74626,88202,3404648,51,0,74625,8.12,13.83,70004,29,3.0575,uuf250-049.cnf,0.4667
glucose,100,250,1065,UNSAT,86926,102734,3684527,48,0,86925,7.77,13.07,79654,31,3.5768,uuf250-05.cnf,0.4667
glucose,100,250,1065,UNSAT,81133,95938,3491391,46,0,81132,7.67,13.10,74755,30,3.3967,uuf250-050.cnf,0.4667
glucose,100,250,1065,UNSAT,124878,147077,5468672,52,0,124877,8.21,13.74,118161,30,5.7670,uuf250-051.cnf,0.4667
glucose,100,250,1065,UNSAT,103291,121452,4386389,49,0,103290,7.83,13.34,95258,29,4.5881,uuf250-052.cnf,0.4667
glucose,100,250,1065,UNSAT,161574,190790,6852648,52,0,161573,8.25,13.93,150164,38,7.9657,uuf250-053.cnf,0.4667
glucose,100,250,1065,UNSAT,107721,126271,4784969,53,0,107720,7.97,13.44,100754,26,4.7500,uuf250-054.cnf,0.4667
glucose,100,250,1065,UNSAT,35957,42318,1528343,48,0,35956,7.47,12.50,30757,36,1.2392,uuf250-055.cnf,0.4667
glucose,100,250,1065,UNSAT,60660,72127,2652728,50,0,60659,7.86,13.22,52507,29,2.3348,uuf250-056.cnf,0.4667
glucose,100,250,1065,UNSAT,87164,103424,3756316,46,0,87163,7.94,13.67,79662,30,3.6486,uuf250-057.cnf,0.4667
glucose,100,250,1065,UNSAT,147659,173101,6399598,47,0,147658,8.29,13.91,136909,30,7.2118,uuf250-058.cnf,0.4667
glucose,100,250,1065,UNSAT,40894,48345,1788053,50,0,40893,7.56,12.56,37405,26,1.4517,uuf250-059.cnf,0.4667
glucose,100,250,1065,UNSAT,85135,100438,3680221,49,0,85134,7.86,13.47,79654,31,3.6381,uuf250-06.cnf,0.4667
glucose,100,250,1065,UNSAT,58273,69093,2518112,50,0,58272,7.77,13.12,52506,29,2.2506,uuf250-060.cnf,0.4667
glucose,100,250,1065,UNSAT,170357,199393,7365493,50,0,170356,8.39,14.39,157005,36,8.7698,uuf250-061.cnf,0.4667
glucose,100,250,1065,UNSAT,73649,86886,3133096,53,0,73648,7.94,13.35,65407,29,2.9580,uuf250-062.cnf,0.4667
glucose,100,250,1065,UNSAT,146717,172496,6336031,46,0,146716,8.01,13.74,136905,29,7.1552,uuf250-063.cnf,0.4667
glucose,100,250,1065,UNSAT,107205,125796,4650687,53,0,107204,8.11,13.88,100758,34,4.9313,uuf250-064.cnf,0.4667
glucose,100,250,1065,UNSAT,53371,62759,2315850,53,0,53370,7.55,12.85,48504,31,2.0349,uuf250-065.cnf,0.4667
glucose,100,250,1065,UNSAT,195293,228399,8563875,50,0,195292,8.35,14.30,185908,31,10.4532,uuf250-066.cnf,0.4667
glucose,100,250,1065,UNSAT,98710,116394,4374735,48,0,98709,7.89,13.42,89904,34,4.2548,uuf250-067.cnf,0.4667
glucose,100,250,1065,UNSAT,28955,34048,1286081,51,0,28954,7.24,11.82,24703,28,0.9486,uuf250-068.cnf,0.4667
glucose,100,250,1065,UNSAT,131632,154127,5539591,51,0,131631,8.11,13.61,124261,31,6.3033,uuf250-069.cnf,0.4667
glucose,100,250,1065,UNSAT,101828,119619,4330024,51,0,101827,8.17,13.62,95254,30,4.5849,uuf250-07.cnf,0.4667
glucose,100,250,1065,UNSAT,146616,171925,6423442,51,0,146615,8.14,13.92,136906,28,7.1847,uuf250-070.cnf,0.4667
glucose,100,250,1065,UNSAT,147662,173766,6333079,50,0,147661,8.35,14.51,136916,33,7.2561,uuf250-071.cnf,0.4667
glucose,100,250,1065,UNSAT,124402,145988,5294363,53,0,124401,8.08,13.47,118157,33,5.8079,uuf250-072.cnf,0.4667
glucose,100,250,1065,UNSAT,47344,56353,2097735,47,0,47343,7.85,13.37,40952,31,1.7575,uuf250-073.cnf,0.4667
glucose,100,250,1065,UNSAT,74171,87731,3157845,55,0,74170,7.89,13.04,65407,28,2.9567,uuf250-074.cnf,0.4667
glucose,100,250,1065,UNSAT,108637,128748,4753093,54,0,108636,8.08,13.85,100763,31,4.8794,uuf250-075.cnf,0.4667
glucose,100,250,1065,UNSAT,70171,82925,2978745,53,0,70170,7.74,12.76,65406,35,2.7684,uuf250-076.cnf,0.4667
glucose,100,250,1065,UNSAT,188439,220956,8200250,49,0,188438,8.44,14.62,178456,31,10.1194,uuf250-077.cnf,0.4667
glucose,100,250,1065,UNSAT,104316,122748,4546491,46,0,104315,8.07,13.57,95258,32,4.6181,uuf250-078.cnf,0.4667
glucose,100,250,1065,UNSAT,107521,126310,4619196,50,0,107520,7.98,13.49,100759,33,4.9259,uuf250-079.cnf,0.4667
glucose,100,250,1065,UNSAT,90507,106785,3879908,49,0,90506,7.79,13.08,84708,29,3.8313,uuf250-08.cnf,0.4667
glucose,100,250,1065,UNSAT,118677,138809,5069533,52,0,118676,8.11,13.74,112207,32,5.5447,uuf250-080.cnf,0.4667
glucose,100,250,1065,UNSAT,114350,134218,4894164,47,0,114349,8.01,13.47,106406,29,5.1494,uuf250-081.cnf,0.4667
glucose,100,250,1065,UNSAT,95945,112292,4160394,53,0,95944,7.87,13.41,89904,30,4.1751,uuf250-082.cnf,0.4667
glucose,100,250,1065,UNSAT,54255,64093,2397051,50,0,54254,7.57,12.95,48504,31,1.9919,uuf250-083.cnf,0.4667
glucose,100,250,1065,UNSAT,70757,83324,3080481,52,0,70756,8.12,13.63,65406,26,2.8933,uuf250-084.cnf,0.4667
glucose,100,250,1065,UNSAT,93303,109269,3967620,54,0,93302,8.00,13.34,84705,32,4.0186,uuf250-085.cnf,0.4667
glucose,100,250,1065,UNSAT,102320,120177,4365349,50,0,102319,7.86,12.95,95257,29,4.4352,uuf250-086.cnf,0.4667
glucose,100,250,1065,UNSAT,195347,229460,8521591,48,0,195346,8.46,14.30,185908,32,10.2201,uuf250-087.cnf,0.4667
glucose,100,250,1065,UNSAT,90870,107125,3929522,52,0,90869,7.87,13.21,84709,30,3.7656,uuf250-088.cnf,0.4667
glucose,100,250,1065,UNSAT,89432,104758,3930878,53,0,89431,8.09,13.90,79656,29,3.9036,uuf250-089.cnf,0.4667
glucose,100,250,1065,UNSAT,171675,201734,7589294,52,0,171674,8.22,13.94,164010,31,8.7159,uuf250-09.cnf,0.4667
glucose,100,250,1065,UNSAT,29930,35597,1285956,51,0,29929,7.50,12.49,24700,32,1.0354,uuf250-090.cnf,0.4667
glucose,100,250,1065,UNSAT,91034,107783,4006336,44,0,91033,7.74,13.58,84706,31,3.8177,uuf250-091.cnf,0.4667
glucose,100,250,1065,UNSAT,158014,185895,6773110,53,0,158013,8.16,13.82,150157,29,7.8359,uuf250-092.cnf,0.4667
glucose,100,250,1065,UNSAT,96100,113579,4207782,56,0,96099,7.88,13.16,89909,28,4.0705,uuf250-093.cnf,0.4667
glucose,100,250,1065,UNSAT,91789,108489,3920768,46,0,91788,7.99,13.14,84707,28,3.9337,uuf250-094.cnf,0.4667
glucose,100,250,1065,UNSAT,55770,65833,2357885,50,0,55769,7.51,12.48,48504,37,2.1059,uuf250-095.cnf,0.4667
glucose,100,250,1065,UNSAT,103962,121523,4524044,52,0,103961,8.11,13.71,95257,27,4.7037,uuf250-096.cnf,0.4667
glucose,100,250,1065,UNSAT,56745,66976,2512885,49,0,56744,7.60,12.85,52504,38,2.1917,uuf250-097.cnf,0.4667
glucose,100,250,1065,UNSAT,35897,42623,1570072,48,0,35896,7.36,12.48,30754,33,1.2358,uuf250-098.cnf,0.4667
glucose,100,250,1065,UNSAT,75661,89421,3229632,51,0,75660,7.77,12.85,70007,33,3.0810,uuf250-099.cnf,0.4667
glucose,100,250,1065,UNSAT,88899,105326,3942309,73,0,88898,7.95,13.25,79653,31,3.6991,uuf250-01.cnf,0.6
glucose,100,250,1065,UNSAT,114287,134011,4961220,80,0,114286,8.08,13.55,106410,31,5.1583,uuf250-010.cnf,0.6
glucose,100,250,1065,UNSAT,126455,149173,5404062,76,0,126454,8.18,13.67,118156,29,5.8865,uuf250-0100.cnf,0.6
glucose,100,250,1065,UNSAT,127112,149684,5445140,73,0,127111,8.12,13.73,118158,29,5.9526,uuf250-011.cnf,0.6
glucose,100,250,1065,UNSAT,81223,96220,3552604,74,0,81222,8.01,13.37,74756,31,3.3679,uuf250-012.cnf,0.6
glucose,100,250,1065,UNSAT,98325,116300,4158140,74,0,98324,7.74,13.06,89902,29,4.2225,uuf250-013.cnf,0.6
glucose,100,250,1065,UNSAT,108022,127921,4742357,77,0,108021,7.78,13.45,100756,31,4.8392,uuf250-014.cnf,0.6
glucose,100,250,1065,UNSAT,102353,121161,4414935,68,0,102352,8.19,13.79,95255,38,4.6274,uuf250-015.cnf,0.6
glucose,100,250,1065,UNSAT,72237,85156,3073530,69,0,72236,7.80,13.11,65404,29,2.9500,uuf250-016.cnf,0.6
glucose,100,250,1065,UNSAT,110243,129767,4692975,76,0,110242,7.93,13.20,100758,27,4.9462,uuf250-017.cnf,0.6
glucose,100,250,1065,UNSAT,106203,125300,4642413,71,0,106202,7.89,13.31,95257,30,4.5789,uuf250-018.cnf,0.6
glucose,100,250,1065,UNSAT,91394,107340,3979151,74,0,91393,8.06,13.72,84708,35,4.0028,uuf250-019.cnf,0.6
glucose,100,250,1065,UNSAT,101268,119684,4346715,77,0,101267,7.93,13.35,95260,29,4.4364,uuf250-02.cnf,0.6
glucose,100,250,1065,UNSAT,123316,146469,5283448,79,0,123315,8.15,13.58,112208,28,5.7021,uuf250-020.cnf,0.6
glucose,100,250,1065,UNSAT,132221,156154,5797456,74,0,132220,8.16,13.68,124255,36,6.2252,uuf250-021.cnf,0.6
glucose,100,250,1065,UNSAT,132760,156186,5801322,77,0,132759,8.00,13.32,124261,34,6.1788,uuf250-022.cnf,0.6
glucose,100,250,1065,UNSAT,56079,66568,2385885,77,0,56078,8.01,13.20,48503,34,2.1618,uuf250-023.cnf,0.6
glucose,100,250,1065,UNSAT,76440,90377,3293995,73,0,76439,7.76,12.87,70004,40,3.0349,uuf250-024.cnf,0.6
glucose,100,250,1065,UNSAT,89334,105559,3946682,80,0,89333,7.93,13.30,79653,28,3.7381,uuf250-025.cnf,0.6
glucose,100,250,1065,UNSAT,47371,56578,2058228,68,0,47370,7.51,12.94,40952,31,1.7261,uuf250-026.cnf,0.6
glucose,100,250,1065,UNSAT,126787,149366,5456134,82,0,126786,7.98,13.62,118157,31,6.0477,uuf250-027.cnf,0.6
glucose,100,250,1065,UNSAT,94530,111772,4111896,77,0,94529,8.05,13.60,84706,29,4.1350,uuf250-028.cnf,0.6
glucose,100,250,1065,UNSAT,48956,58363,2141174,80,0,48955,7.71,13.14,44651,27,1.8284,uuf250-029.cnf,0.6
glucose,100,250,1065,UNSAT,88049,103607,3868584,73,0,88048,7.72,13.34,79658,31,3.8380,uuf250-03.cnf,0.6
glucose,100,250,1065,UNSAT,52980,63581,2212133,80,0,52979,7.88,12.84,48509,30,2.0046,uuf250-030.cnf,0.6
glucose,100,250,1065,UNSAT,123009,145776,5471363,68,0,123008,8.19,13.78,112206,37,5.6073,uuf250-031.cnf,0.6
glucose,100,250,1065,UNSAT,90199,105923,3855460,73,0,90198,8.00,13.27,84707,32,3.8855,uuf250-032.cnf,0.6
glucose,100,250,1065,UNSAT,161231,190018,6897385,76,0,161230,8.13,13.67,150162,32,8.1413,uuf250-033.cnf,0.6
glucose,100,250,1065,UNSAT,118910,141064,5183418,83,0,118909,7.91,13.66,112207,31,5.3610,uuf250-034.cnf,0.6
glucose,100,250,1065,UNSAT,115332,136119,4965072,69,0,115331,8.02,13.48,106407,33,5.2470,uuf250-035.cnf,0.6
glucose,100,250,1065,UNSAT,60880,72732,2608188,79,0,60879,7.73,13.16,56654,29,2.4017,uuf250-036.cnf,0.6
glucose,100,250,1065,UNSAT,52777,62595,2236918,71,0,52776,7.54,12.21,48502,33,1.9861,uuf250-037.cnf,0.6
glucose,100,250,1065,UNSAT,43433,52218,1849245,78,0,43432,7.78,12.64,37405,28,1.5423,uuf250-038.cnf,0.6
glucose,100,250,1065,UNSAT,75092,88996,3227302,77,0,75091,7.63,12.81,70005,28,3.0794,uuf250-039.cnf,0.6
glucose,100,250,1065,UNSAT,118326,139729,4984741,83,0,118325,8.10,13.67,112206,28,5.4516,uuf250-04.cnf,0.6
glucose,100,250,1065,UNSAT,34592,41323,1487268,73,0,34591,7.53,12.21,30759,31,1.1847,uuf250-040.cnf,0.6
glucose,100,250,1065,UNSAT,83764,99708,3694107,73,0,83763,8.04,13.85,74755,31,3.4437,uuf250-041.cnf,0.6
glucose,100,250,1065,UNSAT,95771,112718,4165936,79,0,95770,7.87,13.23,89906,29,4.1213,uuf250-042.cnf,0.6
glucose,100,250,1065,UNSAT,126802,148970,5427710,74,0,126801,8.21,13.75,118157,33,5.9446,uuf250-043.cnf,0.6
glucose,100,250,1065,UNSAT,85524,101623,3723654,82,0,85523,7.93,13.53,79655,34,3.6003,uuf250-044.cnf,0.6
glucose,100,250,1065,UNSAT,60496,71944,2645362,80,0,60495,7.68,12.82,52503,31,2.3277,uuf250-045.cnf,0.6
glucose,100,250,1065,UNSAT,190124,224028,8188823,75,0,190123,8.44,14.35,178457,32,9.8761,uuf250-046.cnf,0.6
glucose,100,250,1065,UNSAT,74272,88135,3229066,76,0,74271,7.89,12.84,65404,36,2.9751,uuf250-047.cnf,0.6
glucose,100,250,1065,UNSAT,33981,40414,1496923,68,0,33980,7.44,12.51,30751,34,1.1678,uuf250-048.cnf,0.6
glucose,100,250,1065,UNSAT,77833,92709,3509138,70,0,77832,8.13,13.93,70006,29,3.1886,uuf250-049.cnf,0.6
glucose,100,250,1065,UNSAT,70833,84475,3038919,73,0,70832,7.66,12.79,65411,31,2.8330,uuf250-05.cnf,0.6
glucose,100,250,1065,UNSAT,103213,122250,4373962,76,0,103212,7.90,13.39,95256,30,4.5634,uuf250-050.cnf,0.6
glucose,100,250,1065,UNSAT,132934,156143,5804231,74,0,132933,8.07,13.54,124261,28,6.2044,uuf250-051.cnf,0.6
glucose,100,250,1065,UNSAT,99893,117384,4233666,75,0,99892,8.00,13.32,89906,28,4.4124,uuf250-052.cnf,0.6
glucose,100,250,1065,UNSAT,164530,194524,7029952,74,0,164529,8.12,13.61,157011,38,8.1877,uuf250-053.cnf,0.6
glucose,100,250,1065,UNSAT,91129,107904,4083512,80,0,91128,7.85,13.34,84703,27,3.8977,uuf250-054.cnf,0.6
glucose,100,250,1065,UNSAT,40071,47386,1696957,79,0,40070,7.49,12.22,34001,36,1.4115,uuf250-055.cnf,0.6
glucose,100,250,1065,UNSAT,65463,78042,2865218,79,0,65462,7.84,13.21,60952,30,2.5764,uuf250-056.cnf,0.6
glucose,100,250,1065,UNSAT,112860,133352,4897764,73,0,112859,8.04,13.72,106407,31,5.0509,uuf250-057.cnf,0.6
glucose,100,250,1065,UNSAT,136506,160953,5943864,69,0,136505,8.14,13.79,124257,31,6.4623,uuf250-058.cnf,0.6
glucose,100,250,1065,UNSAT,44267,52769,1887836,76,0,44266,7.69,12.59,37403,29,1.6080,uuf250-059.cnf,0.6
glucose,100,250,1065,UNSAT,95380,112850,4091629,76,0,95379,8.00,13.46,89904,31,4.1517,uuf250-06.cnf,0.6
glucose,100,250,1065,UNSAT,63928,75876,2805262,68,0,63927,7.71,12.93,56652,28,2.5214,uuf250-060.cnf,0.6
glucose,100,250,1065,UNSAT,148140,174397,6494515,80,0,148139,8.10,13.96,136908,36,7.2924,uuf250-061.cnf,0.6
glucose,100,250,1065,UNSAT,76519,90755,3263064,68,0,76518,7.80,13.06,70005,29,3.1009,uuf250-062.cnf,0.6
glucose,100,250,1065,UNSAT,158234,186138,6819718,73,0,158233,7.99,13.62,150167,29,7.8089,uuf250-063.cnf,0.6
glucose,100,250,1065,UNSAT,103666,122206,4502972,78,0,103665,7.95,13.75,95255,34,4.6816,uuf250-064.cnf,0.6
glucose,100,250,1065,UNSAT,62719,73845,2696914,76,0,62718,7.65,12.65,56651,31,2.4565,uuf250-065.cnf,0.6
glucose,100,250,1065,UNSAT,166069,195488,7269914,74,0,166068,8.16,14.15,157007,31,8.4299,uuf250-066.cnf,0.6
glucose,100,250,1065,UNSAT,85447,101456,3788203,75,0,85446,7.96,13.42,79658,34,3.6107,uuf250-067.cnf,0.6
glucose,100,250,1065,UNSAT,28532,33724,1258772,79,0,28531,7.37,12.04,24705,28,0.9256,uuf250-068.cnf,0.6
glucose,100,250,1065,UNSAT,119587,140632,5080480,75,0,119586,7.91,13.38,112206,31,5.5794,uuf250-069.cnf,0.6
glucose,100,250,1065,UNSAT,81210,96033,3508947,78,0,81209,8.20,13.72,74750,30,3.5077,uuf250-07.cnf,0.6
glucose,100,250,1065,UNSAT,174548,205184,7591788,73,0,174547,8.23,14.10,164006,29,9.0285,uuf250-070.cnf,0.6
glucose,100,250,1065,UNSAT,137255,161693,5909389,69,0,137254,8.28,14.00,130504,33,6.6648,uuf250-071.cnf,0.6
glucose,100,250,1065,UNSAT,109065,127982,4658958,68,0,109064,7.82,13.28,100757,33,4.8677,uuf250-072.cnf,0.6
glucose,100,250,1065,UNSAT,60959,72193,2711262,70,0,60958,7.94,13.20,56660,31,2.4191,uuf250-073.cnf,0.6
glucose,100,250,1065,UNSAT,69975,82866,3010909,77,0,69974,7.78,12.75,65408,28,2.7007,uuf250-074.cnf,0.6
glucose,100,250,1065,UNSAT,113136,133881,4914682,80,0,113135,8.44,14.27,106411,30,5.3230,uuf250-075.cnf,0.6
glucose,100,250,1065,UNSAT,85539,101082,3636783,77,0,85538,7.67,12.85,79655,35,3.5768,uuf250-076.cnf,0.6
glucose,100,250,1065,UNSAT,186869,219788,8135542,70,0,186868,8.26,14.28,178462,32,10.0115,uuf250-077.cnf,0.6
glucose,100,250,1065,UNSAT,116183,136728,5050191,67,0,116182,8.19,13.69,106404,32,5.2170,uuf250-078.cnf,0.6
glucose,100,250,1065,UNSAT,86428,102030,3775237,72,0,86427,7.74,13.27,79658,31,3.6385,uuf250-079.cnf,0.6
glucose,100,250,1065,UNSAT,90541,106857,3864216,73,0,90540,7.85,13.13,84708,29,3.8886,uuf250-08.cnf,0.6
glucose,100,250,1065,UNSAT,106930,125499,4593166,77,0,106929,7.94,13.25,100755,32,4.8720,uuf250-080.cnf,0.6
glucose,100,250,1065,UNSAT,106503,126077,4564153,73,0,106502,7.95,13.29,100759,29,4.7162,uuf250-081.cnf,0.6
glucose,100,250,1065,UNSAT,101709,119761,4345763,72,0,101708,8.06,13.82,95254,30,4.5924,uuf250-082.cnf,0.6
glucose,100,250,1065,UNSAT,53110,62809,2352107,73,0,53109,7.73,13.16,48506,31,2.0007,uuf250-083.cnf,0.6
glucose,100,250,1065,UNSAT,70442,83264,3087009,77,0,70441,7.92,13.16,65410,26,2.8021,uuf250-084.cnf,0.6
glucose,100,250,1065,UNSAT,91083,107621,3913108,81,0,91082,7.83,13.06,84705,29,3.8821,uuf250-085.cnf,0.6
glucose,100,250,1065,UNSAT,82574,97802,3518409,73,0,82573,7.80,12.69,74759,29,3.4356,uuf250-086.cnf,0.6
glucose,100,250,1065,UNSAT,231397,271749,10118051,73,0,231396,8.45,14.27,217212,32,12.6624,uuf250-087.cnf,0.6
glucose,100,250,1065,UNSAT,104371,123472,4467969,70,0,104370,7.99,13.46,95253,29,4.6110,uuf250-088.cnf,0.6
glucose,100,250,1065,UNSAT,121400,142909,5224122,75,0,121399,8.19,13.98,112207,29,5.6946,uuf250-089.cnf,0.6
glucose,100,250,1065,UNSAT,184202,215935,8077614,78,0,184201,8.38,14.13,171158,31,9.5885,uuf250-09.cnf,0.6
glucose,100,250,1065,UNSAT,27222,32648,1165765,63,0,27221,7.40,12.19,21900,32,0.9021,uuf250-090.cnf,0.6
glucose,100,250,1065,UNSAT,92153,109930,4024114,84,0,92152,8.05,13.92,84709,31,3.9544,uuf250-091.cnf,0.6
glucose,100,250,1065,UNSAT,133140,157219,5720445,68,0,133139,8.06,13.58,124260,28,6.2866,uuf250-092.cnf,0.6
glucose,100,250,1065,UNSAT,96261,114162,4197991,77,0,96260,7.98,13.55,89903,32,4.1857,uuf250-093.cnf,0.6
glucose,100,250,1065,UNSAT,79080,93840,3369476,75,0,79079,7.91,12.98,70009,27,3.2889,uuf250-094.cnf,0.6
glucose,100,250,1065,UNSAT,55139,65542,2335210,76,0,55138,7.60,12.54,48502,37,2.0629,uuf250-095.cnf,0.6
glucose,100,250,1065,UNSAT,114498,134502,4980152,73,0,114497,8.10,13.61,106407,28,5.2183,uuf250-096.cnf,0.6
glucose,100,250,1065,UNSAT,52199,62378,2297295,74,0,52198,7.92,13.36,44653,38,1.9972,uuf250-097.cnf,0.6
glucose,100,250,1065,UNSAT,37201,44473,1619973,76,0,37200,7.53,12.52,30752,33,1.2899,uuf250-098.cnf,0.6
glucose,100,250,1065,UNSAT,56576,67272,2426013,74,0,56575,7.62,12.83,52503,33,2.1918,uuf250-099.cnf,0.6
glucose,100,250,1065,UNSAT,102876,122109,4504436,129,0,102875,8.30,13.74,95255,28,4.5305,uuf250-01.cnf,0.7333
glucose,100,250,1065,UNSAT,102625,121607,4459155,127,0,102624,8.17,13.48,95258,29,4.4478,uuf250-010.cnf,0.7333
glucose,100,250,1065,UNSAT,131497,155887,5562183,124,0,131496,8.09,13.45,124255,30,6.1575,uuf250-0100.cnf,0.7333
glucose,100,250,1065,UNSAT,105403,125230,4577106,117,0,105402,7.84,13.12,95256,29,4.6314,uuf250-011.cnf,0.7333
glucose,100,250,1065,UNSAT,90313,107493,3938514,118,0,90312,8.20,13.57,84707,27,3.8422,uuf250-012.cnf,0.7333
glucose,100,250,1065,UNSAT,101005,119187,4301367,120,0,101004,8.05,13.37,95254,29,4.4754,uuf250-013.cnf,0.7333
glucose,100,250,1065,UNSAT,124818,147307,5460526,125,0,124817,8.19,14.22,118155,31,5.9097,uuf250-014.cnf,0.7333
glucose,100,250,1065,UNSAT,118451,139726,5089739,120,0,118450,8.11,13.38,112208,38,5.4122,uuf250-015.cnf,0.7333
glucose,100,250,1065,UNSAT,70623,84034,2970076,118,0,70622,7.92,12.92,65404,29,2.8609,uuf250-016.cnf,0.7333
glucose,100,250,1065,UNSAT,92526,110072,3928242,115,0,92525,7.95,13.34,84706,29,3.9657,uuf250-017.cnf,0.7333
glucose,100,250,1065,UNSAT,122657,145217,5325945,120,0,122656,8.10,13.34,112208,31,5.4937,uuf250-018.cnf,0.7333
glucose,100,250,1065,UNSAT,107447,126584,4658992,119,0,107446,8.09,13.67,100761,35,4.8500,uuf250-019.cnf,0.7333
glucose,100,250,1065,UNSAT,112180,132450,4775322,127,0,112179,8.03,13.45,106404,28,5.0490,uuf250-02.cnf,0.7333
glucose,100,250,1065,UNSAT,147120,174302,6204065,121,0,147119,8.35,13.75,136919,31,7.0641,uuf250-020.cnf,0.7333
glucose,100,250,1065,UNSAT,147136,173686,6412903,121,0,147135,8.64,14.43,136907,36,7.3695,uuf250-021.cnf,0.7333
glucose,100,250,1065,UNSAT,153343,180255,6668686,119,0,153342,8.50,13.97,143458,34,7.6095,uuf250-022.cnf,0.7333
glucose,100,250,1065,UNSAT,60274,71619,2577368,101,0,60273,7.90,13.18,52504,34,2.3665,uuf250-023.cnf,0.7333
glucose,100,250,1065,UNSAT,76514,91577,3312146,116,0,76513,7.90,13.33,70004,40,3.0841,uuf250-024.cnf,0.7333
glucose,100,250,1065,UNSAT,97648,116174,4291305,132,0,97647,8.14,13.56,89902,31,4.2571,uuf250-025.cnf,0.7333
glucose,100,250,1065,UNSAT,45185,54819,1976087,109,0,45184,7.91,13.05,40952,31,1.6396,uuf250-026.cnf,0.7333
glucose,100,250,1065,UNSAT,115319,136625,5015734,126,0,115318,8.25,14.11,106409,30,5.4456,uuf250-027.cnf,0.7333
glucose,100,250,1065,UNSAT,104855,124797,4539711,117,0,104854,8.28,13.93,95261,29,4.8206,uuf250-028.cnf,0.7333
glucose,100,250,1065,UNSAT,70248,83063,3018756,126,0,70247,7.88,12.93,65405,27,2.8867,uuf250-029.cnf,0.7333
glucose,100,250,1065,UNSAT,105273,124726,4593057,117,0,105272,8.11,13.83,95253,31,4.7855,uuf250-03.cnf,0.7333
glucose,100,250,1065,UNSAT,57481,69431,2414272,118,0,57480,8.11,13.19,52505,30,2.2218,uuf250-030.cnf,0.7333
glucose,100,250,1065,UNSAT,156894,186669,6983600,133,0,156893,8.45,14.04,150169,37,7.6774,uuf250-031.cnf,0.7333
glucose,100,250,1065,UNSAT,100390,117995,4314407,102,0,100389,7.70,12.98,89908,32,4.3675,uuf250-032.cnf,0.7333
glucose,100,250,1065,UNSAT,154299,182081,6637982,119,0,154298,8.21,13.67,143461,32,7.7544,uuf250-033.cnf,0.7333
glucose,100,250,1065,UNSAT,127506,151080,5623423,127,0,127505,8.35,14.01,118159,31,6.0222,uuf250-034.cnf,0.7333
glucose,100,250,1065,UNSAT,125246,148847,5364367,124,0,125245,8.08,13.59,118161,33,5.9209,uuf250-035.cnf,0.7333
glucose,100,250,1065,UNSAT,54554,65499,2334821,107,0,54553,7.64,12.72,48502,29,2.0513,uuf250-036.cnf,0.7333
glucose,100,250,1065,UNSAT,62720,74526,2639055,103,0,62719,7.75,12.62,56656,33,2.4989,uuf250-037.cnf,0.7333
glucose,100,250,1065,UNSAT,40072,48081,1737370,112,0,40071,7.63,12.46,34003,26,1.3968,uuf250-038.cnf,0.7333
glucose,100,250,1065,UNSAT,87562,103831,3730506,128,0,87561,8.00,13.06,79654,28,3.7553,uuf250-039.cnf,0.7333
glucose,100,250,1065,UNSAT,114060,135668,4817928,119,0,114059,8.00,13.23,106407,28,5.1492,uuf250-04.cnf,0.7333
glucose,100,250,1065,UNSAT,42319,50394,1801505,104,0,42318,7.81,12.43,37405,29,1.5231,uuf250-040.cnf,0.7333
glucose,100,250,1065,UNSAT,89532,107117,3931992,111,0,89531,8.37,14.05,79653,31,3.8101,uuf250-041.cnf,0.7333
glucose,100,250,1065,UNSAT,113032,133662,4869621,122,0,113031,8.00,13.45,106404,29,5.1124,uuf250-042.cnf,0.7333
glucose,100,250,1065,UNSAT,113297,134135,4904320,120,0,113296,8.03,13.36,106406,33,5.0475,uuf250-043.cnf,0.7333
glucose,100,250,1065,UNSAT,87149,103951,3795182,115,0,87148,8.03,13.45,79656,30,3.6835,uuf250-044.cnf,0.7333
glucose,100,250,1065,UNSAT,68477,81491,2992976,116,0,68476,8.06,13.30,60954,31,2.8263,uuf250-045.cnf,0.7333
glucose,100,250,1065,UNSAT,214601,253256,9227997,121,0,214600,8.73,14.70,201259,42,11.8796,uuf250-046.cnf,0.7333
glucose,100,250,1065,UNSAT,70967,84859,3086538,122,0,70966,7.96,12.85,65409,36,2.8393,uuf250-047.cnf,0.7333
glucose,100,250,1065,UNSAT,39612,47830,1736196,107,0,39611,7.71,12.58,34002,34,1.4305,uuf250-048.cnf,0.7333
glucose,100,250,1065,UNSAT,70996,84668,3222546,106,0,70995,8.12,13.67,65405,29,2.9040,uuf250-049.cnf,0.7333
glucose,100,250,1065,UNSAT,71240,85210,3066040,109,0,71239,7.77,13.13,65409,31,2.8680,uuf250-05.cnf,0.7333
glucose,100,250,1065,UNSAT,94027,112132,3987783,122,0,94026,8.15,13.37,84705,32,4.0926,uuf250-050.cnf,0.7333
glucose,100,250,1065,UNSAT,155635,183492,6780321,130,0,155634,8.24,13.68,143460,30,7.6256,uuf250-051.cnf,0.7333
glucose,100,250,1065,UNSAT,98645,116740,4233962,122,0,98644,8.15,13.53,89906,27,4.3816,uuf250-052.cnf,0.7333
glucose,100,250,1065,UNSAT,146410,173408,6260336,127,0,146409,8.54,14.25,136907,38,7.1741,uuf250-053.cnf,0.7333
glucose,100,250,1065,UNSAT,94342,112229,4186398,119,0,94341,8.05,13.61,84709,31,4.0101,uuf250-054.cnf,0.7333
glucose,100,250,1065,UNSAT,34944,42266,1478396,109,0,34943,7.35,12.01,30752,36,1.2044,uuf250-055.cnf,0.7333
glucose,100,250,1065,UNSAT,67516,81121,2946326,117,0,67515,7.85,13.10,60955,29,2.6180,uuf250-056.cnf,0.7333
glucose,100,250,1065,UNSAT,105070,125219,4525284,114,0,105069,8.14,13.81,95257,31,4.5777,uuf250-057.cnf,0.7333
glucose,100,250,1065,UNSAT,134836,159107,5864710,113,0,134835,8.38,13.91,124256,30,6.5122,uuf250-058.cnf,0.7333
glucose,100,250,1065,UNSAT,45035,54235,1932291,119,0,45034,7.78,12.51,40953,28,1.6488,uuf250-059.cnf,0.7333
glucose,100,250,1065,UNSAT,83183,98832,3590589,113,0,83182,8.23,13.82,74753,32,3.5410,uuf250-06.cnf,0.7333
glucose,100,250,1065,UNSAT,51758,62041,2248329,105,0,51757,7.57,12.71,44655,28,1.9353,uuf250-060.cnf,0.7333
glucose,100,250,1065,UNSAT,142270,168773,6216852,135,0,142269,8.43,14.17,130510,36,6.9335,uuf250-061.cnf,0.7333
glucose,100,250,1065,UNSAT,76835,92075,3291884,112,0,76834,7.92,13.06,70011,29,3.1300,uuf250-062.cnf,0.7333
glucose,100,250,1065,UNSAT,136224,161312,5911012,127,0,136223,8.30,13.92,124256,32,6.5410,uuf250-063.cnf,0.7333
glucose,100,250,1065,UNSAT,103313,122454,4521254,123,0,103312,8.14,13.65,95259,34,4.6376,uuf250-064.cnf,0.7333
glucose,100,250,1065,UNSAT,57064,67783,2469023,119,0,57063,7.81,12.64,52505,31,2.2265,uuf250-065.cnf,0.7333
glucose,100,250,1065,UNSAT,220160,258927,9535237,133,0,220159,8.58,14.49,209159,31,12.1826,uuf250-066.cnf,0.7333
glucose,100,250,1065,UNSAT,96842,115650,4272338,117,0,96841,8.12,13.55,89906,34,4.1863,uuf250-067.cnf,0.7333
glucose,100,250,1065,UNSAT,31243,37239,1377635,112,0,31242,7.48,12.11,27654,28,1.0520,uuf250-068.cnf,0.7333
glucose,100,250,1065,UNSAT,107833,127877,4600443,119,0,107832,8.35,13.83,100756,31,4.9738,uuf250-069.cnf,0.7333
glucose,100,250,1065,UNSAT,109746,129079,4707816,113,0,109745,8.24,13.76,100755,31,5.0305,uuf250-07.cnf,0.7333
glucose,100,250,1065,UNSAT,186507,219769,8054468,121,0,186506,8.32,14.24,178462,30,9.9298,uuf250-070.cnf,0.7333
glucose,100,250,1065,UNSAT,142427,168768,6119424,124,0,142426,8.53,14.23,130503,33,6.9503,uuf250-071.cnf,0.7333
glucose,100,250,1065,UNSAT,93648,111046,4049614,117,0,93647,8.28,13.84,84706,33,4.0833,uuf250-072.cnf,0.7333
glucose,100,250,1065,UNSAT,57855,69605,2557679,107,0,57854,8.04,13.24,52506,34,2.2174,uuf250-073.cnf,0.7333
glucose,100,250,1065,UNSAT,76993,91848,3262890,118,0,76992,7.88,12.81,70010,30,3.1176,uuf250-074.cnf,0.7333
glucose,100,250,1065,UNSAT,106365,127063,4629789,115,0,106364,8.30,13.86,100754,30,4.7867,uuf250-075.cnf,0.7333
glucose,100,250,1065,UNSAT,76918,90721,3283629,117,0,76917,7.75,12.60,70004,35,3.0905,uuf250-076.cnf,0.7333
glucose,100,250,1065,UNSAT,196637,232122,8618590,113,0,196636,8.54,14.48,185907,31,10.7410,uuf250-077.cnf,0.7333
glucose,100,250,1065,UNSAT,120467,142285,5215614,125,0,120466,8.06,13.50,112209,32,5.5790,uuf250-078.cnf,0.7333
glucose,100,250,1065,UNSAT,92527,109749,4024825,116,0,92526,8.10,13.78,84704,31,4.0725,uuf250-079.cnf,0.7333
glucose,100,250,1065,UNSAT,92624,110106,3958235,112,0,92623,8.00,13.27,84708,29,4.0018,uuf250-08.cnf,0.7333
glucose,100,250,1065,UNSAT,118822,139864,5048759,113,0,118821,8.21,13.65,112204,32,5.5769,uuf250-080.cnf,0.7333
glucose,100,250,1065,UNSAT,145016,171694,6132940,126,0,145015,8.23,13.56,136905,29,7.0211,uuf250-081.cnf,0.7333
glucose,100,250,1065,UNSAT,94626,112161,4098084,114,0,94625,8.07,13.59,84702,30,4.1599,uuf250-082.cnf,0.7333
glucose,100,250,1065,UNSAT,49653,59981,2204940,119,0,49652,7.95,13.28,44657,31,1.8658,uuf250-083.cnf,0.7333
glucose,100,250,1065,UNSAT,72315,86324,3215910,129,0,72314,7.98,13.14,65404,28,2.8703,uuf250-084.cnf,0.7333
glucose,100,250,1065,UNSAT,81729,97862,3493563,122,0,81728,7.98,13.39,74754,29,3.3855,uuf250-085.cnf,0.7333
glucose,100,250,1065,UNSAT,90118,106773,3850442,133,0,90117,8.10,13.07,84708,31,3.8126,uuf250-086.cnf,0.7333
glucose,100,250,1065,UNSAT,262019,307802,11363812,142,0,262018,8.55,14.20,250912,32,15.0459,uuf250-087.cnf,0.7333
glucose,100,250,1065,UNSAT,133057,157484,5660431,113,0,133056,8.30,13.70,124257,29,6.2741,uuf250-088.cnf,0.7333
glucose,100,250,1065,UNSAT,105425,124611,4624553,116,0,105424,8.05,13.57,95259,31,4.7730,uuf250-089.cnf,0.7333
glucose,100,250,1065,UNSAT,174147,205009,7721654,122,0,174146,8.35,13.93,164008,31,8.8370,uuf250-09.cnf,0.7333
glucose,100,250,1065,UNSAT,31312,37735,1330561,113,0,31311,7.58,12.44,27653,32,1.0872,uuf250-090.cnf,0.7333
glucose,100,250,1065,UNSAT,96316,114905,4231533,118,0,96315,7.86,13.60,89905,31,4.0866,uuf250-091.cnf,0.7333
glucose,100,250,1065,UNSAT,152700,180403,6500328,127,0,152699,8.29,13.64,143457,29,7.4555,uuf250-092.cnf,0.7333
glucose,100,250,1065,UNSAT,89766,106937,3916076,113,0,89765,8.01,13.29,79655,27,3.8547,uuf250-093.cnf,0.7333
glucose,100,250,1065,UNSAT,87735,104023,3767639,116,0,87734,7.91,13.09,79657,29,3.7073,uuf250-094.cnf,0.7333
glucose,100,250,1065,UNSAT,65043,77391,2722345,113,0,65042,7.71,12.55,56653,37,2.4822,uuf250-095.cnf,0.7333
glucose,100,250,1065,UNSAT,108189,127628,4717398,124,0,108188,8.11,13.48,100753,28,4.9103,uuf250-096.cnf,0.7333
glucose,100,250,1065,UNSAT,59705,71331,2621883,113,0,59704,8.03,13.30,52506,38,2.3426,uuf250-097.cnf,0.7333
glucose,100,250,1065,UNSAT,42574,51270,1862835,113,0,42573,7.68,12.46,37405,33,1.5143,uuf250-098.cnf,0.7333
glucose,100,250,1065,UNSAT,60338,72267,2596354,115,0,60337,7.68,12.80,52503,33,2.3451,uuf250-099.cnf,0.7333
glucose,100,250,1065,UNSAT,134005,162333,5902823,437,0,134004,8.62,13.69,124258,30,6.3520,uuf250-01.cnf,0.8667
glucose,100,250,1065,UNSAT,106802,129604,4663913,376,0,106801,8.45,13.72,100756,29,4.8211,uuf250-010.cnf,0.8667
glucose,100,250,1065,UNSAT,182863,220975,7697589,563,0,182862,8.66,13.68,171157,30,9.5796,uuf250-0100.cnf,0.8667
glucose,100,250,1065,UNSAT,155379,188096,6661230,473,0,155378,8.40,13.47,143458,29,7.7738,uuf250-011.cnf,0.8667
glucose,100,250,1065,UNSAT,121767,147955,5279157,431,0,121766,8.67,13.64,112210,31,5.6230,uuf250-012.cnf,0.8667
glucose,100,250,1065,UNSAT,126214,152381,5335903,422,0,126213,8.52,13.56,118156,30,6.0579,uuf250-013.cnf,0.8667
glucose,100,250,1065,UNSAT,178271,215136,7723582,561,0,178270,8.68,14.08,164006,33,9.5039,uuf250-014.cnf,0.8667
glucose,100,250,1065,UNSAT,138610,167131,5951138,407,0,138609,8.81,14.12,130503,38,6.7324,uuf250-015.cnf,0.8667
glucose,100,250,1065,UNSAT,73231,89420,3102187,275,0,73230,8.21,13.07,65407,29,3.0306,uuf250-016.cnf,0.8667
glucose,100,250,1065,UNSAT,142933,172983,6031278,449,0,142932,8.37,13.48,130505,29,7.0507,uuf250-017.cnf,0.8667
glucose,100,250,1065,UNSAT,137545,166253,5997147,432,0,137544,8.70,13.72,130510,31,6.5646,uuf250-018.cnf,0.8667
glucose,100,250,1065,UNSAT,132901,159027,5727892,408,0,132900,8.64,13.89,124256,35,6.6317,uuf250-019.cnf,0.8667
glucose,100,250,1065,UNSAT,123509,149012,5277296,385,0,123508,8.64,13.66,112209,31,5.8682,uuf250-02.cnf,0.8667
glucose,100,250,1065,UNSAT,179821,218863,7597247,550,0,179820,8.77,13.71,171159,31,9.1039,uuf250-020.cnf,0.8667
glucose,100,250,1065,UNSAT,192032,232722,8371198,568,0,192031,8.55,13.64,178458,36,10.0891,uuf250-021.cnf,0.8667
glucose,100,250,1065,UNSAT,215599,259918,9292870,596,0,215598,9.06,14.26,201262,34,12.2728,uuf250-022.cnf,0.8667
glucose,100,250,1065,UNSAT,78072,95010,3311772,307,0,78071,8.37,13.22,70007,34,3.2907,uuf250-023.cnf,0.8667
glucose,100,250,1065,UNSAT,82610,100978,3552393,314,0,82609,8.27,13.32,74754,40,3.4198,uuf250-024.cnf,0.8667
glucose,100,250,1065,UNSAT,112695,137364,4983640,404,0,112694,8.47,13.67,106412,31,5.1988,uuf250-025.cnf,0.8667
glucose,100,250,1065,UNSAT,59554,72535,2608750,260,0,59553,8.33,13.33,52504,31,2.3411,uuf250-026.cnf,0.8667
glucose,100,250,1065,UNSAT,168820,203043,7263049,460,0,168819,8.56,13.91,157008,30,8.8557,uuf250-027.cnf,0.8667
glucose,100,250,1065,UNSAT,139106,168859,5971247,465,0,139105,8.57,13.83,130507,30,6.9016,uuf250-028.cnf,0.8667
glucose,100,250,1065,UNSAT,84167,101245,3588859,290,0,84166,8.35,13.37,74754,29,3.7082,uuf250-029.cnf,0.8667
glucose,100,250,1065,UNSAT,129963,157203,5639181,435,0,129962,8.31,13.61,118158,31,6.2740,uuf250-03.cnf,0.8667
glucose,100,250,1065,UNSAT,80730,98661,3344462,299,0,80729,8.33,13.09,74760,30,3.4020,uuf250-030.cnf,0.8667
glucose,100,250,1065,UNSAT,186594,226558,8276854,578,0,186593,9.03,14.23,178465,37,9.6894,uuf250-031.cnf,0.8667
glucose,100,250,1065,UNSAT,106488,128533,4545221,363,0,106487,8.42,13.36,100754,32,4.8464,uuf250-032.cnf,0.8667
glucose,100,250,1065,UNSAT,237445,285732,10120134,638,0,237444,8.81,14.08,225413,32,14.0593,uuf250-033.cnf,0.8667
glucose,100,250,1065,UNSAT,171669,207301,7497299,484,0,171668,8.80,14.23,164011,31,8.9856,uuf250-034.cnf,0.8667
glucose,100,250,1065,UNSAT,206545,249383,8674944,590,0,206544,8.93,13.98,193511,33,11.3128,uuf250-035.cnf,0.8667
glucose,100,250,1065,UNSAT,85778,104474,3634382,314,0,85777,8.46,13.43,79660,31,3.6771,uuf250-036.cnf,0.8667
glucose,100,250,1065,UNSAT,67782,82545,2866916,269,0,67781,8.20,13.12,60954,33,2.7741,uuf250-037.cnf,0.8667
glucose,100,250,1065,UNSAT,48311,59188,2076535,221,0,48310,8.12,12.84,40956,26,1.8052,uuf250-038.cnf,0.8667
glucose,100,250,1065,UNSAT,100009,121335,4278686,340,0,100008,8.47,13.42,89908,28,4.5353,uuf250-039.cnf,0.8667
glucose,100,250,1065,UNSAT,134158,162583,5652498,458,0,134157,8.34,13.54,124259,30,6.4670,uuf250-04.cnf,0.8667
glucose,100,250,1065,UNSAT,47239,57553,2001178,237,0,47238,8.06,12.45,40954,29,1.7438,uuf250-040.cnf,0.8667
glucose,100,250,1065,UNSAT,112644,137511,4959327,392,0,112643,8.73,14.07,106406,31,5.1678,uuf250-041.cnf,0.8667
glucose,100,250,1065,UNSAT,144415,173364,6215101,468,0,144414,8.50,13.50,136909,29,7.1309,uuf250-042.cnf,0.8667
glucose,100,250,1065,UNSAT,154712,186744,6639486,473,0,154711,8.61,13.71,143463,33,7.8159,uuf250-043.cnf,0.8667
glucose,100,250,1065,UNSAT,111378,134859,4844741,364,0,111377,8.56,13.77,100756,30,5.1692,uuf250-044.cnf,0.8667
glucose,100,250,1065,UNSAT,82233,100038,3567750,331,0,82232,8.41,13.49,74756,31,3.5331,uuf250-045.cnf,0.8667
glucose,100,250,1065,UNSAT,289446,349351,12304352,793,0,289445,9.21,14.57,277761,42,17.6254,uuf250-046.cnf,0.8667
glucose,100,250,1065,UNSAT,88069,107535,3807911,340,0,88068,8.47,13.29,79658,36,3.7607,uuf250-047.cnf,0.8667
glucose,100,250,1065,UNSAT,44554,54880,1944904,231,0,44553,8.19,12.95,40954,34,1.6700,uuf250-048.cnf,0.8667
glucose,100,250,1065,UNSAT,80971,99642,3670699,354,0,80970,8.51,13.71,74755,29,3.3585,uuf250-049.cnf,0.8667
glucose,100,250,1065,UNSAT,85608,105012,3667505,330,0,85607,8.11,13.12,79657,31,3.5878,uuf250-05.cnf,0.8667
glucose,100,250,1065,UNSAT,126834,152879,5359037,381,0,126833,8.43,13.55,118157,30,6.1063,uuf250-050.cnf,0.8667
glucose,100,250,1065,UNSAT,201312,241671,8728337,560,0,201311,8.91,14.24,193509,31,10.9616,uuf250-051.cnf,0.8667
glucose,100,250,1065,UNSAT,141175,169655,5958752,436,0,141174,8.59,13.68,130508,32,7.0854,uuf250-052.cnf,0.8667
glucose,100,250,1065,UNSAT,176504,213334,7542024,523,0,176503,8.72,13.98,164010,38,9.1106,uuf250-053.cnf,0.8667
glucose,100,250,1065,UNSAT,135618,164281,5987247,441,0,135617,8.85,14.05,124259,35,6.6115,uuf250-054.cnf,0.8667
glucose,100,250,1065,UNSAT,51653,62984,2164949,265,0,51652,8.05,12.59,44656,36,1.9606,uuf250-055.cnf,0.8667
glucose,100,250,1065,UNSAT,93293,113333,4039026,338,0,93292,8.62,13.71,84708,29,4.0707,uuf250-056.cnf,0.8667
glucose,100,250,1065,UNSAT,145726,177354,6212359,475,0,145725,8.50,13.72,136906,31,7.1250,uuf250-057.cnf,0.8667
glucose,100,250,1065,UNSAT,215514,258281,9271441,569,0,215513,9.01,14.07,201255,31,12.0776,uuf250-058.cnf,0.8667
glucose,100,250,1065,UNSAT,54447,66753,2322190,268,0,54446,8.07,12.78,48504,28,2.0807,uuf250-059.cnf,0.8667
glucose,100,250,1065,UNSAT,118920,145011,5107042,401,0,118919,8.36,13.48,112209,31,5.5664,uuf250-06.cnf,0.8667
glucose,100,250,1065,UNSAT,69285,84556,2993580,283,0,69284,8.11,13.01,60954,28,2.8318,uuf250-060.cnf,0.8667
glucose,100,250,1065,UNSAT,269180,323870,11523122,746,0,269179,9.26,14.66,259712,36,16.3161,uuf250-061.cnf,0.8667
glucose,100,250,1065,UNSAT,79679,97829,3404078,342,0,79678,8.14,12.92,74755,33,3.2806,uuf250-062.cnf,0.8667
glucose,100,250,1065,UNSAT,178215,215219,7688802,502,0,178214,8.60,13.94,164011,32,9.2755,uuf250-063.cnf,0.8667
glucose,100,250,1065,UNSAT,126719,152859,5504472,417,0,126718,8.53,13.79,118159,34,6.0946,uuf250-064.cnf,0.8667
glucose,100,250,1065,UNSAT,66222,80060,2844898,279,0,66221,8.28,13.10,60956,31,2.7270,uuf250-065.cnf,0.8667
glucose,100,250,1065,UNSAT,289632,348439,12589975,814,0,289631,8.78,14.37,277757,32,17.9650,uuf250-066.cnf,0.8667
glucose,100,250,1065,UNSAT,112151,136812,4919594,388,0,112150,8.53,13.78,106407,34,5.2111,uuf250-067.cnf,0.8667
glucose,100,250,1065,UNSAT,35077,42997,1530363,217,0,35076,7.82,12.23,30756,28,1.2135,uuf250-068.cnf,0.8667
glucose,100,250,1065,UNSAT,166526,200953,7010368,491,0,166525,8.67,13.83,157012,31,8.7607,uuf250-069.cnf,0.8667
glucose,100,250,1065,UNSAT,129992,156842,5550714,421,0,129991,8.54,13.64,118156,30,6.2863,uuf250-07.cnf,0.8667
glucose,100,250,1065,UNSAT,202035,243133,8786601,558,0,202034,8.81,14.23,193506,32,11.0704,uuf250-070.cnf,0.8667
glucose,100,250,1065,UNSAT,173692,211194,7382224,507,0,173691,9.05,14.52,164012,33,9.2515,uuf250-071.cnf,0.8667
glucose,100,250,1065,UNSAT,109372,132452,4732323,346,0,109371,8.40,13.62,100752,33,5.0067,uuf250-072.cnf,0.8667
glucose,100,250,1065,UNSAT,65137,80120,2901777,274,0,65136,8.52,13.56,56652,31,2.5986,uuf250-073.cnf,0.8667
glucose,100,250,1065,UNSAT,91706,111357,3878481,309,0,91705,8.40,13.15,84706,30,3.9100,uuf250-074.cnf,0.8667
glucose,100,250,1065,UNSAT,142622,175043,6202570,520,0,142621,8.88,14.23,130503,32,7.0822,uuf250-075.cnf,0.8667
glucose,100,250,1065,UNSAT,94741,114489,4024675,335,0,94740,8.23,12.99,84705,35,4.1228,uuf250-076.cnf,0.8667
glucose,100,250,1065,UNSAT,281691,339457,12265139,777,0,281690,8.99,14.55,268663,33,17.3230,uuf250-077.cnf,0.8667
glucose,100,250,1065,UNSAT,155291,186480,6680210,461,0,155290,8.67,13.71,143460,32,7.8468,uuf250-078.cnf,0.8667
glucose,100,250,1065,UNSAT,128163,155250,5506127,412,0,128162,8.48,13.74,118160,32,6.2753,uuf250-079.cnf,0.8667
glucose,100,250,1065,UNSAT,126746,152637,5389842,376,0,126745,8.70,13.80,118159,29,6.1516,uuf250-08.cnf,0.8667
glucose,100,250,1065,UNSAT,142582,172123,6053160,456,0,142581,8.45,13.52,130506,32,7.0769,uuf250-080.cnf,0.8667
glucose,100,250,1065,UNSAT,154735,188009,6549283,495,0,154734,8.57,13.56,143462,32,7.8034,uuf250-081.cnf,0.8667
glucose,100,250,1065,UNSAT,146158,177105,6238364,497,0,146157,8.63,13.79,136906,31,7.2647,uuf250-082.cnf,0.8667
glucose,100,250,1065,UNSAT,56296,69071,2477381,260,0,56295,8.02,13.23,48506,31,2.1570,uuf250-083.cnf,0.8667
glucose,100,250,1065,UNSAT,80323,98258,3528094,322,0,80322,8.62,13.69,74757,33,3.3807,uuf250-084.cnf,0.8667
glucose,100,250,1065,UNSAT,122450,148643,5173673,426,0,122449,8.51,13.50,112204,30,5.7983,uuf250-085.cnf,0.8667
glucose,100,250,1065,UNSAT,112169,135390,4790353,386,0,112168,8.30,13.07,106407,29,5.1412,uuf250-086.cnf,0.8667
glucose,100,250,1065,UNSAT,352483,425142,15190345,983,0,352482,9.11,14.43,335512,32,22.7007,uuf250-087.cnf,0.8667
glucose,100,250,1065,UNSAT,138368,167085,5909127,422,0,138367,8.73,13.89,130507,30,6.7157,uuf250-088.cnf,0.8667
glucose,100,250,1065,UNSAT,140087,169435,6075714,488,0,140086,8.64,13.79,130509,33,7.0204,uuf250-089.cnf,0.8667
glucose,100,250,1065,UNSAT,284705,339557,12316306,685,0,284704,9.27,14.58,268661,31,17.4720,uuf250-09.cnf,0.8667
glucose,100,250,1065,UNSAT,30043,37197,1289320,192,0,30042,7.78,12.22,24701,32,1.0390,uuf250-090.cnf,0.8667
glucose,100,250,1065,UNSAT,141073,172123,6176835,519,0,141072,8.56,14.06,130506,31,6.8732,uuf250-091.cnf,0.8667
glucose,100,250,1065,UNSAT,204533,247362,8715387,615,0,204532,8.66,14.00,193511,34,11.3113,uuf250-092.cnf,0.8667
glucose,100,250,1065,UNSAT,112683,136778,4874559,365,0,112682,8.34,13.41,106409,29,5.0962,uuf250-093.cnf,0.8667
glucose,100,250,1065,UNSAT,104011,126031,4437450,363,0,104010,8.34,13.43,95261,30,4.7580,uuf250-094.cnf,0.8667
glucose,100,250,1065,UNSAT,74850,90710,3132918,275,0,74849,8.24,12.88,70005,37,3.1122,uuf250-095.cnf,0.8667
glucose,100,250,1065,UNSAT,135640,163209,5874761,436,0,135639,8.61,13.85,124256,30,6.7769,uuf250-096.cnf,0.8667
glucose,100,250,1065,UNSAT,70045,85807,3065429,304,0,70044,8.46,13.54,65403,38,2.8999,uuf250-097.cnf,0.8667
glucose,100,250,1065,UNSAT,50587,61720,2203059,231,0,50586,7.91,12.76,44651,33,1.9024,uuf250-098.cnf,0.8667
glucose,100,250,1065,UNSAT,64877,79254,2807953,270,0,64876,8.01,12.96,56662,33,2.6077,uuf250-099.cnf,0.8667
glucose,100,250,1065,UNSAT,175239,225591,7622618,1735,0,175238,9.19,13.79,164005,30,8.9948,uuf250-01.cnf,1.0
glucose,100,250,1065,UNSAT,143320,184068,6199643,1398,0,143319,9.10,13.84,130510,30,7.0140,uuf250-010.cnf,1.0
glucose,100,250,1065,UNSAT,228336,294102,9609093,2172,0,228335,9.25,13.86,217213,31,13.1234,uuf250-0100.cnf,1.0
glucose,100,250,1065,UNSAT,204056,261391,8740089,1971,0,204055,9.04,13.72,193515,34,11.2192,uuf250-011.cnf,1.0
glucose,100,250,1065,UNSAT,174129,223443,7480407,1691,0,174128,9.29,13.84,164010,31,9.0594,uuf250-012.cnf,1.0
glucose,100,250,1065,UNSAT,160859,205521,6763446,1536,0,160858,8.96,13.55,150157,34,8.3461,uuf250-013.cnf,1.0
glucose,100,250,1065,UNSAT,192348,246779,8332342,1843,0,192347,8.91,13.85,178456,33,10.3745,uuf250-014.cnf,1.0
glucose,100,250,1065,UNSAT,230299,295774,9764603,2255,0,230298,9.42,14.10,217211,38,13.3664,uuf250-015.cnf,1.0
glucose,100,250,1065,UNSAT,107073,137346,4522813,1028,0,107072,8.95,13.57,100756,29,4.9864,uuf250-016.cnf,1.0
glucose,100,250,1065,UNSAT,182123,234328,7617725,1765,0,182122,9.15,13.81,171160,32,10.0078,uuf250-017.cnf,1.0
glucose,100,250,1065,UNSAT,174567,224390,7528668,1689,0,174566,9.04,13.58,164005,33,8.9672,uuf250-018.cnf,1.0
glucose,100,250,1065,UNSAT,162897,207921,7015642,1549,0,162896,9.21,14.10,150160,35,8.6624,uuf250-019.cnf,1.0
glucose,100,250,1065,UNSAT,184802,238563,7794080,1834,0,184801,9.42,14.05,171157,33,10.1178,uuf250-02.cnf,1.0
glucose,100,250,1065,UNSAT,247349,318978,10408009,2395,0,247348,9.40,14.00,233762,31,14.1649,uuf250-020.cnf,1.0
glucose,100,250,1065,UNSAT,287591,370436,12476501,2764,0,287590,9.19,13.87,277761,36,17.3445,uuf250-021.cnf,1.0
glucose,100,250,1065,UNSAT,292251,375284,12527743,2759,0,292250,9.71,14.52,277761,34,18.5909,uuf250-022.cnf,1.0
glucose,100,250,1065,UNSAT,107552,137658,4535684,1062,0,107551,9.26,13.72,100760,34,5.1106,uuf250-023.cnf,1.0
glucose,100,250,1065,UNSAT,99142,127081,4273837,1002,0,99141,8.62,13.16,89905,40,4.4057,uuf250-024.cnf,1.0
glucose,100,250,1065,UNSAT,169865,218493,7432710,1694,0,169864,9.27,13.97,157005,31,8.8244,uuf250-025.cnf,1.0
glucose,100,250,1065,UNSAT,76954,98249,3334766,769,0,76953,8.79,13.51,70007,31,3.2193,uuf250-026.cnf,1.0
glucose,100,250,1065,UNSAT,216635,277697,9310521,2064,0,216634,9.27,14.21,201265,30,12.4875,uuf250-027.cnf,1.0
glucose,100,250,1065,UNSAT,195281,251475,8305953,1882,0,195280,9.41,14.18,185913,34,11.0504,uuf250-028.cnf,1.0
glucose,100,250,1065,UNSAT,108334,138306,4646095,1095,0,108333,8.97,13.72,100759,31,5.1798,uuf250-029.cnf,1.0
glucose,100,250,1065,UNSAT,165063,211260,7128276,1621,0,165062,9.17,14.11,157011,31,8.8350,uuf250-03.cnf,1.0
glucose,100,250,1065,UNSAT,86525,112093,3612706,874,0,86524,8.90,13.43,79656,30,3.7728,uuf250-030.cnf,1.0
glucose,100,250,1065,UNSAT,241035,311250,10653626,2354,0,241034,9.58,14.28,225410,37,13.5883,uuf250-031.cnf,1.0
glucose,100,250,1065,UNSAT,168195,214016,7082436,1621,0,168194,9.08,13.72,157005,32,8.8427,uuf250-032.cnf,1.0
glucose,100,250,1065,UNSAT,347625,448182,14610450,3359,0,347624,9.44,14.10,335514,32,24.0543,uuf250-033.cnf,1.0
glucose,100,250,1065,UNSAT,289031,372944,12450818,2805,0,289030,9.76,14.66,277763,34,18.1485,uuf250-034.cnf,1.0
glucose,100,250,1065,UNSAT,273942,353192,11542535,2597,0,273941,9.49,14.21,259714,37,16.8247,uuf250-035.cnf,1.0
glucose,100,250,1065,UNSAT,89580,115717,3821175,887,0,89579,8.82,13.45,79655,31,3.9203,uuf250-036.cnf,1.0
glucose,100,250,1065,UNSAT,94943,121283,3975651,939,0,94942,8.86,13.23,84707,33,4.3111,uuf250-037.cnf,1.0
glucose,100,250,1065,UNSAT,62522,80729,2690892,676,0,62521,8.99,13.37,56654,32,2.5532,uuf250-038.cnf,1.0
glucose,100,250,1065,UNSAT,139658,178424,5916308,1371,0,139657,9.04,13.65,130507,30,7.0794,uuf250-039.cnf,1.0
glucose,100,250,1065,UNSAT,159391,205378,6711501,1523,0,159390,9.08,13.90,150155,31,8.1861,uuf250-04.cnf,1.0
glucose,100,250,1065,UNSAT,58977,75215,2506835,630,0,58976,8.72,12.94,52503,29,2.3775,uuf250-040.cnf,1.0
glucose,100,250,1065,UNSAT,129321,167086,5637256,1245,0,129320,9.17,14.06,118161,31,6.2285,uuf250-041.cnf,1.0
glucose,100,250,1065,UNSAT,204295,259441,8741814,1912,0,204294,9.07,13.70,193502,31,11.3775,uuf250-042.cnf,1.0
glucose,100,250,1065,UNSAT,218465,279808,9228550,2086,0,218464,9.42,14.07,209155,34,12.5093,uuf250-043.cnf,1.0
glucose,100,250,1065,UNSAT,148078,190621,6387717,1448,0,148077,9.03,13.68,136907,31,7.4605,uuf250-044.cnf,1.0
glucose,100,250,1065,UNSAT,107549,137998,4614133,1045,0,107548,9.00,13.74,100756,31,5.0497,uuf250-045.cnf,1.0
glucose,100,250,1065,UNSAT,332932,430061,14235358,3140,0,332931,9.55,14.65,315663,42,21.5390,uuf250-046.cnf,1.0
glucose,100,250,1065,UNSAT,128084,165118,5484953,1271,0,128083,9.09,13.51,118157,36,6.1520,uuf250-047.cnf,1.0
glucose,100,250,1065,UNSAT,60527,77273,2636439,636,0,60526,8.82,13.24,52507,34,2.4614,uuf250-048.cnf,1.0
glucose,100,250,1065,UNSAT,99942,128767,4528501,987,0,99941,9.00,14.00,89904,30,4.4658,uuf250-049.cnf,1.0
glucose,100,250,1065,UNSAT,110626,142001,4707680,1075,0,110625,8.71,13.47,100757,31,5.0850,uuf250-05.cnf,1.0
glucose,100,250,1065,UNSAT,191666,246543,7999500,1870,0,191665,9.25,13.87,178464,34,10.7345,uuf250-050.cnf,1.0
glucose,100,250,1065,UNSAT,264163,338365,11391019,2539,0,264162,9.53,14.36,250913,35,15.8144,uuf250-051.cnf,1.0
glucose,100,250,1065,UNSAT,170754,218131,7168178,1642,0,170753,9.13,13.80,157007,29,9.1406,uuf250-052.cnf,1.0
glucose,100,250,1065,UNSAT,251190,323910,10631954,2380,0,251189,9.35,14.21,242263,38,14.7361,uuf250-053.cnf,1.0
glucose,100,250,1065,UNSAT,192341,247159,8423784,1869,0,192340,9.42,14.24,178457,35,10.4821,uuf250-054.cnf,1.0
glucose,100,250,1065,UNSAT,53160,67765,2229859,578,0,53159,8.33,12.62,48506,36,2.0842,uuf250-055.cnf,1.0
glucose,100,250,1065,UNSAT,121111,155924,5234945,1191,0,121110,9.27,14.05,112206,32,5.7915,uuf250-056.cnf,1.0
glucose,100,250,1065,UNSAT,216304,278641,9114304,2047,0,216303,9.25,14.09,201262,31,12.2408,uuf250-057.cnf,1.0
glucose,100,250,1065,UNSAT,275621,352019,11831240,2578,0,275620,9.50,14.19,259709,31,16.5175,uuf250-058.cnf,1.0
glucose,100,250,1065,UNSAT,78915,100558,3332250,790,0,78914,8.71,13.05,70008,28,3.4013,uuf250-059.cnf,1.0
glucose,100,250,1065,UNSAT,144876,185855,6190319,1360,0,144875,8.81,13.68,136905,31,7.3636,uuf250-06.cnf,1.0
glucose,100,250,1065,UNSAT,105434,135106,4537545,1051,0,105433,8.82,13.37,95255,29,4.9076,uuf250-060.cnf,1.0
glucose,100,250,1065,UNSAT,306205,396091,13098620,2931,0,306204,9.81,14.84,296411,36,19.6561,uuf250-061.cnf,1.0
glucose,100,250,1065,UNSAT,108356,139716,4596233,1077,0,108355,8.91,13.50,100757,32,4.9889,uuf250-062.cnf,1.0
glucose,100,250,1065,UNSAT,201982,259397,8764715,1937,0,201981,9.07,13.94,193510,33,11.0514,uuf250-063.cnf,1.0
glucose,100,250,1065,UNSAT,177890,228372,7678871,1768,0,177889,9.18,14.11,164008,34,9.5551,uuf250-064.cnf,1.0
glucose,100,250,1065,UNSAT,105697,134763,4474041,1048,0,105696,8.77,13.19,95259,31,4.9802,uuf250-065.cnf,1.0
glucose,100,250,1065,UNSAT,395097,508259,17035120,3743,0,395096,9.35,14.49,377016,36,27.6368,uuf250-066.cnf,1.0
glucose,100,250,1065,UNSAT,152933,197408,6685835,1496,0,152932,9.24,14.14,143454,34,7.7358,uuf250-067.cnf,1.0
glucose,100,250,1065,UNSAT,43912,55530,1918956,476,0,43911,8.07,12.23,37405,28,1.6017,uuf250-068.cnf,1.0
glucose,100,250,1065,UNSAT,203547,260817,8536672,1933,0,203546,9.32,13.97,193509,35,11.5456,uuf250-069.cnf,1.0
glucose,100,250,1065,UNSAT,168661,215823,7167619,1601,0,168660,9.38,14.16,157008,35,9.0455,uuf250-07.cnf,1.0
glucose,100,250,1065,UNSAT,302407,389549,13086449,2880,0,302406,9.60,14.69,287011,32,19.3064,uuf250-070.cnf,1.0
glucose,100,250,1065,UNSAT,292948,378430,12373747,2753,0,292947,9.80,14.84,277770,33,18.5097,uuf250-071.cnf,1.0
glucose,100,250,1065,UNSAT,162206,206865,6910970,1579,0,162205,9.22,13.95,150153,33,8.5890,uuf250-072.cnf,1.0
glucose,100,250,1065,UNSAT,86002,111020,3799558,861,0,86001,9.11,13.87,79654,31,3.7161,uuf250-073.cnf,1.0
glucose,100,250,1065,UNSAT,118843,151885,4983695,1144,0,118842,9.00,13.34,112206,30,5.4606,uuf250-074.cnf,1.0
glucose,100,250,1065,UNSAT,160620,208628,6989591,1531,0,160619,9.33,14.40,150158,36,8.2918,uuf250-075.cnf,1.0
glucose,100,250,1065,UNSAT,119926,153256,5061511,1177,0,119925,8.93,13.37,112209,35,5.6769,uuf250-076.cnf,1.0
glucose,100,250,1065,UNSAT,451922,584873,19484742,4304,0,451921,9.77,14.89,432266,34,33.1085,uuf250-077.cnf,1.0
glucose,100,250,1065,UNSAT,189408,242691,8170389,1848,0,189407,9.25,13.86,178464,32,10.1500,uuf250-078.cnf,1.0
glucose,100,250,1065,UNSAT,169206,217119,7205959,1601,0,169205,9.25,14.20,157009,34,9.1284,uuf250-079.cnf,1.0
glucose,100,250,1065,UNSAT,176838,226325,7456081,1757,0,176837,9.17,13.83,164011,32,9.6385,uuf250-08.cnf,1.0
glucose,100,250,1065,UNSAT,178219,227571,7552155,1707,0,178218,9.04,13.75,164005,32,9.6919,uuf250-080.cnf,1.0
glucose,100,250,1065,UNSAT,239430,307554,10033283,2285,0,239429,9.14,13.65,225408,30,14.0488,uuf250-081.cnf,1.0
glucose,100,250,1065,UNSAT,163014,209318,7006625,1588,0,163013,9.12,13.96,150154,31,8.6384,uuf250-082.cnf,1.0
glucose,100,250,1065,UNSAT,80134,102873,3501120,810,0,80133,8.67,13.54,74755,31,3.3963,uuf250-083.cnf,1.0
glucose,100,250,1065,UNSAT,102152,131217,4481184,1016,0,102151,9.04,13.82,95255,32,4.6384,uuf250-084.cnf,1.0
glucose,100,250,1065,UNSAT,154539,197547,6485100,1494,0,154538,9.08,13.66,143459,32,7.8787,uuf250-085.cnf,1.0
glucose,100,250,1065,UNSAT,131178,167369,5608690,1306,0,131177,8.68,13.11,124258,29,6.3211,uuf250-086.cnf,1.0
glucose,100,250,1065,UNSAT,437546,563731,18783495,4128,0,437545,9.59,14.65,420912,32,30.9671,uuf250-087.cnf,1.0
glucose,100,250,1065,UNSAT,248757,319183,10446191,2407,0,248756,9.61,14.33,233756,31,14.6744,uuf250-088.cnf,1.0
glucose,100,250,1065,UNSAT,218918,279797,9379689,2100,0,218917,9.35,14.17,209164,37,12.7209,uuf250-089.cnf,1.0
glucose,100,250,1065,UNSAT,420765,539187,18115441,4033,0,420764,9.82,14.71,398669,34,29.7989,uuf250-09.cnf,1.0
glucose,100,250,1065,UNSAT,43015,54934,1839322,472,0,43014,8.33,12.64,37402,32,1.6187,uuf250-090.cnf,1.0
glucose,100,250,1065,UNSAT,185817,239779,8031684,1743,0,185816,9.18,14.08,178462,33,9.9027,uuf250-091.cnf,1.0
glucose,100,250,1065,UNSAT,254868,328736,10802904,2427,0,254867,9.45,14.27,242260,33,15.3525,uuf250-092.cnf,1.0
glucose,100,250,1065,UNSAT,156950,202542,6693273,1527,0,156949,8.87,13.41,150159,33,7.9965,uuf250-093.cnf,1.0
glucose,100,250,1065,UNSAT,142226,182545,6023569,1374,0,142225,9.01,13.60,130508,31,7.1356,uuf250-094.cnf,1.0
glucose,100,250,1065,UNSAT,93452,119400,3922612,912,0,93451,8.86,13.26,84704,37,4.1646,uuf250-095.cnf,1.0
glucose,100,250,1065,UNSAT,205178,263248,8745501,2041,0,205177,9.43,14.21,193512,29,11.8400,uuf250-096.cnf,1.0
glucose,100,250,1065,UNSAT,99306,127461,4313104,1010,0,99305,9.02,13.65,89905,38,4.4918,uuf250-097.cnf,1.0
glucose,100,250,1065,UNSAT,65441,84001,2830249,661,0,65440,8.69,13.07,60955,33,2.7134,uuf250-098.cnf,1.0
glucose,100,250,1065,UNSAT,100854,128582,4300535,989,0,100853,8.72,13.24,95264,33,4.5341,uuf250-099.cnf,1.0
glucose,100,250,1065,UNSAT,374703,507647,15979617,6415,0,374702,10.31,14.69,355964,33,25.6369,uuf250-01.cnf,1.1333
glucose,100,250,1065,UNSAT,251879,339496,10617421,4217,0,251878,9.82,14.13,242260,31,15.1244,uuf250-010.cnf,1.1333
glucose,100,250,1065,UNSAT,478562,649402,19603420,8157,0,478561,10.15,14.35,455409,31,36.1502,uuf250-0100.cnf,1.1333
glucose,100,250,1065,UNSAT,376281,508932,15736722,6240,0,376280,9.92,14.31,355969,32,25.4330,uuf250-011.cnf,1.1333
glucose,100,250,1065,UNSAT,315661,426778,13267165,5285,0,315660,10.14,14.25,305970,32,20.3782,uuf250-012.cnf,1.1333
glucose,100,250,1065,UNSAT,272926,368266,11212040,4606,0,272925,9.78,14.09,259710,33,17.0155,uuf250-013.cnf,1.1333
glucose,100,250,1065,UNSAT,336171,451590,14256467,5670,0,336170,9.74,14.30,325510,32,22.3309,uuf250-014.cnf,1.1333
glucose,100,250,1065,UNSAT,337569,455535,14146607,5652,0,337568,10.05,14.42,325520,38,22.6208,uuf250-015.cnf,1.1333
glucose,100,250,1065,UNSAT,204221,275186,8454910,3449,0,204220,9.73,13.81,193510,30,11.7327,uuf250-016.cnf,1.1333
glucose,100,250,1065,UNSAT,360273,488487,14712804,6182,0,360272,9.91,14.18,345664,30,25.3438,uuf250-017.cnf,1.1333
glucose,100,250,1065,UNSAT,400386,540889,16796247,6825,0,400385,10.26,14.44,387767,32,27.6813,uuf250-018.cnf,1.1333
glucose,100,250,1065,UNSAT,308157,413385,13004744,5140,0,308156,10.14,14.56,296411,35,20.6490,uuf250-019.cnf,1.1333
glucose,100,250,1065,UNSAT,424790,579495,17387200,7475,0,424789,10.40,14.61,409712,31,31.5129,uuf250-02.cnf,1.1333
glucose,100,250,1065,UNSAT,507209,693291,20571912,8679,0,507208,10.48,14.64,491266,35,38.2988,uuf250-020.cnf,1.1333
glucose,100,250,1065,UNSAT,441713,596857,18887881,7257,0,441712,9.89,14.29,420907,36,31.2496,uuf250-021.cnf,1.1333
glucose,100,250,1065,UNSAT,616304,841678,25828870,10651,0,616303,10.78,15.13,593462,34,51.7886,uuf250-022.cnf,1.1333
glucose,100,250,1065,UNSAT,238428,321910,9770461,4166,0,238427,10.29,14.34,225410,34,14.8763,uuf250-023.cnf,1.1333
glucose,100,250,1065,UNSAT,154888,208023,6530420,2614,0,154887,9.25,13.51,143458,40,7.9628,uuf250-024.cnf,1.1333
glucose,100,250,1065,UNSAT,337435,456377,14433835,5609,0,337434,10.11,14.49,325517,31,22.3123,uuf250-025.cnf,1.1333
glucose,100,250,1065,UNSAT,130554,174080,5557471,2184,0,130553,9.49,13.79,124259,31,6.5203,uuf250-026.cnf,1.1333
glucose,100,250,1065,UNSAT,480264,650873,20031227,8115,0,480263,10.31,14.85,467222,32,36.9629,uuf250-027.cnf,1.1333
glucose,100,250,1065,UNSAT,398801,542190,16516573,6716,0,398800,10.31,14.69,387763,34,29.3160,uuf250-028.cnf,1.1333
glucose,100,250,1065,UNSAT,218771,292261,9188685,3733,0,218770,9.77,14.12,209164,29,13.1707,uuf250-029.cnf,1.1333
glucose,100,250,1065,UNSAT,329965,442794,13894544,5576,0,329964,9.96,14.40,315662,33,22.4101,uuf250-03.cnf,1.1333
glucose,100,250,1065,UNSAT,191197,259810,7803427,3244,0,191196,9.88,13.97,178458,31,10.6063,uuf250-030.cnf,1.1333
glucose,100,250,1065,UNSAT,420063,568954,18281440,6901,0,420062,10.29,14.68,398662,37,28.7126,uuf250-031.cnf,1.1333
glucose,100,250,1065,UNSAT,440730,594511,17882383,7801,0,440729,10.20,14.34,420910,33,33.0759,uuf250-032.cnf,1.1333
glucose,100,250,1065,UNSAT,652940,892218,26882469,11192,0,652939,10.20,14.39,634279,33,57.7428,uuf250-033.cnf,1.1333
glucose,100,250,1065,UNSAT,598304,818029,25013876,10445,0,598303,10.60,15.20,580166,35,49.4092,uuf250-034.cnf,1.1333
glucose,100,250,1065,UNSAT,586842,801563,23910237,9946,0,586841,10.47,14.73,567022,37,48.0477,uuf250-035.cnf,1.1333
glucose,100,250,1065,UNSAT,163855,220227,6869656,2671,0,163854,9.55,13.81,150160,34,8.6421,uuf250-036.cnf,1.1333
glucose,100,250,1065,UNSAT,185233,247925,7586557,3152,0,185232,9.77,13.74,171159,33,10.4370,uuf250-037.cnf,1.1333
glucose,100,250,1065,UNSAT,91896,122530,3901608,1532,0,91895,9.21,13.29,84710,27,4.0724,uuf250-038.cnf,1.1333
glucose,100,250,1065,UNSAT,308208,414825,12697379,5418,0,308207,9.95,14.13,296416,31,20.5888,uuf250-039.cnf,1.1333
glucose,100,250,1065,UNSAT,285184,385463,11772414,4811,0,285183,9.81,14.14,268658,33,18.0722,uuf250-04.cnf,1.1333
glucose,100,250,1065,UNSAT,130521,172020,5397557,2192,0,130520,9.49,13.40,124255,29,6.6456,uuf250-040.cnf,1.1333
glucose,100,250,1065,UNSAT,220473,298380,9439112,3647,0,220472,9.94,14.41,209156,34,12.6250,uuf250-041.cnf,1.1333
glucose,100,250,1065,UNSAT,375502,502327,15691928,6466,0,375501,9.97,14.23,355965,32,26.6198,uuf250-042.cnf,1.1333
glucose,100,250,1065,UNSAT,395930,536043,16428972,6721,0,395929,10.29,14.56,377015,33,27.6456,uuf250-043.cnf,1.1333
glucose,100,250,1065,UNSAT,275657,372662,11641312,4652,0,275656,9.92,14.25,259717,30,17.3124,uuf250-044.cnf,1.1333
glucose,100,250,1065,UNSAT,197785,266307,8318733,3331,0,197784,9.73,13.94,185911,33,11.4218,uuf250-045.cnf,1.1333
glucose,100,250,1065,UNSAT,704107,965342,29313011,11864,0,704106,10.70,15.22,676419,42,60.3659,uuf250-046.cnf,1.1333
glucose,100,250,1065,UNSAT,221632,297653,9318672,3723,0,221631,9.69,13.74,209162,36,12.7289,uuf250-047.cnf,1.1333
glucose,100,250,1065,UNSAT,102940,136674,4427037,1699,0,102939,9.48,13.65,95252,34,4.9498,uuf250-048.cnf,1.1333
glucose,100,250,1065,UNSAT,180132,242932,8068227,2852,0,180131,9.99,14.66,171155,30,9.6634,uuf250-049.cnf,1.1333
glucose,100,250,1065,UNSAT,175569,235692,7318342,2916,0,175568,9.48,13.78,164013,32,9.5605,uuf250-05.cnf,1.1333
glucose,100,250,1065,UNSAT,290273,392710,11919755,4870,0,290272,9.85,14.13,277762,31,18.9480,uuf250-050.cnf,1.1333
glucose,100,250,1065,UNSAT,489282,660274,20605535,8269,0,489281,10.22,14.56,467216,32,37.0625,uuf250-051.cnf,1.1333
glucose,100,250,1065,UNSAT,334841,449925,13885578,5619,0,334840,9.85,14.13,315670,33,23.0822,uuf250-052.cnf,1.1333
glucose,100,250,1065,UNSAT,518705,706898,21328607,8789,0,518704,10.37,14.80,503510,38,39.2021,uuf250-053.cnf,1.1333
glucose,100,250,1065,UNSAT,466782,631361,19809020,8208,0,466781,10.43,14.71,443768,35,35.0447,uuf250-054.cnf,1.1333
glucose,100,250,1065,UNSAT,79317,104391,3286564,1309,0,79316,8.74,12.69,70006,36,3.4104,uuf250-055.cnf,1.1333
glucose,100,250,1065,UNSAT,245303,330484,10389681,4195,0,245302,10.09,14.35,233760,30,14.7159,uuf250-056.cnf,1.1333
glucose,100,250,1065,UNSAT,341807,465468,14246187,5732,0,341806,10.02,14.49,325512,38,22.6086,uuf250-057.cnf,1.1333
glucose,100,250,1065,UNSAT,698100,946940,28974915,12133,0,698099,10.61,14.92,676417,37,60.6233,uuf250-058.cnf,1.1333
glucose,100,250,1065,UNSAT,117514,156438,4893479,1973,0,117513,9.27,13.30,106405,29,5.6696,uuf250-059.cnf,1.1333
glucose,100,250,1065,UNSAT,251186,339966,10506998,4136,0,251185,9.81,14.32,242261,31,15.5294,uuf250-06.cnf,1.1333
glucose,100,250,1065,UNSAT,182310,245318,7688902,3127,0,182309,9.58,13.83,171159,34,10.1804,uuf250-060.cnf,1.1333
glucose,100,250,1065,UNSAT,641670,875334,26696299,10542,0,641669,10.63,15.14,620511,36,54.6582,uuf250-061.cnf,1.1333
glucose,100,250,1065,UNSAT,197753,266369,8209899,3343,0,197752,9.64,13.78,185907,30,11.2170,uuf250-062.cnf,1.1333
glucose,100,250,1065,UNSAT,343157,463438,14561369,5827,0,343156,9.77,14.24,325521,32,22.7503,uuf250-063.cnf,1.1333
glucose,100,250,1065,UNSAT,392994,528816,16488425,6611,0,392993,10.18,14.77,377020,34,28.1613,uuf250-064.cnf,1.1333
glucose,100,250,1065,UNSAT,167701,222539,7060741,2748,0,167700,9.54,13.70,157009,31,9.2508,uuf250-065.cnf,1.1333
glucose,100,250,1065,UNSAT,728343,988123,30870813,12193,0,728342,10.12,14.85,705265,34,65.2244,uuf250-066.cnf,1.1333
glucose,100,250,1065,UNSAT,294756,399353,12639564,4902,0,294755,9.97,14.53,277764,34,18.7665,uuf250-067.cnf,1.1333
glucose,100,250,1065,UNSAT,57997,75831,2532667,991,0,57996,8.78,12.77,52509,28,2.3278,uuf250-068.cnf,1.1333
glucose,100,250,1065,UNSAT,475125,645110,19365603,8000,0,475124,10.32,14.56,455415,33,36.9196,uuf250-069.cnf,1.1333
glucose,100,250,1065,UNSAT,401584,543623,16514727,6968,0,401583,10.24,14.50,387766,32,29.3933,uuf250-07.cnf,1.1333
glucose,100,250,1065,UNSAT,626852,849812,26194285,10817,0,626851,10.43,14.99,606915,35,53.0417,uuf250-070.cnf,1.1333
glucose,100,250,1065,UNSAT,599168,820986,24681629,10018,0,599167,10.79,15.38,580171,34,49.8437,uuf250-071.cnf,1.1333
glucose,100,250,1065,UNSAT,336201,453550,13905729,5770,0,336200,10.22,14.52,325510,33,23.1962,uuf250-072.cnf,1.1333
glucose,100,250,1065,UNSAT,141604,190484,6166150,2382,0,141603,9.85,14.19,130506,31,7.0854,uuf250-073.cnf,1.1333
glucose,100,250,1065,UNSAT,244945,329916,10110079,4244,0,244944,9.84,13.82,233764,33,14.4721,uuf250-074.cnf,1.1333
glucose,100,250,1065,UNSAT,327135,445270,13868102,5433,0,327134,10.27,14.81,315663,36,21.7249,uuf250-075.cnf,1.1333
glucose,100,250,1065,UNSAT,265460,355818,10892331,4544,0,265459,9.78,13.77,250914,35,16.2917,uuf250-076.cnf,1.1333
glucose,100,250,1065,UNSAT,813329,1111342,34312772,13618,0,813328,10.57,15.19,795430,34,76.0543,uuf250-077.cnf,1.1333
glucose,100,250,1065,UNSAT,413205,556583,17196779,7136,0,413204,10.20,14.32,398668,33,29.2343,uuf250-078.cnf,1.1333
glucose,100,250,1065,UNSAT,393804,533105,16256915,6821,0,393803,10.25,14.68,377013,32,29.0721,uuf250-079.cnf,1.1333
glucose,100,250,1065,UNSAT,405341,548263,16642957,7098,0,405340,10.29,14.61,387764,34,29.6218,uuf250-08.cnf,1.1333
glucose,100,250,1065,UNSAT,335872,453527,13873888,5690,0,335871,9.95,14.20,325512,32,22.5635,uuf250-080.cnf,1.1333
glucose,100,250,1065,UNSAT,421838,571290,17250115,7168,0,421837,9.99,14.09,409712,31,30.6024,uuf250-081.cnf,1.1333
glucose,100,250,1065,UNSAT,323642,435410,13599112,5463,0,323641,10.08,14.48,305962,36,21.9044,uuf250-082.cnf,1.1333
glucose,100,250,1065,UNSAT,108890,146034,4715672,1782,0,108889,9.42,14.05,100756,33,5.1750,uuf250-083.cnf,1.1333
glucose,100,250,1065,UNSAT,174003,233022,7506311,2856,0,174002,9.70,14.28,164008,32,9.2861,uuf250-084.cnf,1.1333
glucose,100,250,1065,UNSAT,258808,348453,10673112,4343,0,258807,9.84,14.10,242263,33,15.8844,uuf250-085.cnf,1.1333
glucose,100,250,1065,UNSAT,205487,273113,8595566,3471,0,205486,9.36,13.43,193511,30,11.4721,uuf250-086.cnf,1.1333
glucose,100,250,1065,UNSAT,829291,1125655,34724101,14002,0,829290,10.42,14.86,810972,35,75.9645,uuf250-087.cnf,1.1333
glucose,100,250,1065,UNSAT,506191,688058,20562335,8741,0,506190,10.51,14.74,491268,33,39.3541,uuf250-088.cnf,1.1333
glucose,100,250,1065,UNSAT,455893,615983,18911200,7773,0,455892,10.34,14.72,443762,37,34.8615,uuf250-089.cnf,1.1333
glucose,100,250,1065,UNSAT,1014218,1379107,41983416,17688,0,1014217,10.88,15.22,991923,37,102.4886,uuf250-09.cnf,1.1333
glucose,100,250,1065,UNSAT,68935,91109,2890548,1211,0,68934,8.91,12.89,60952,32,3.0085,uuf250-090.cnf,1.1333
glucose,100,250,1065,UNSAT,321105,435765,13602626,5325,0,321104,9.89,14.36,305964,32,20.9031,uuf250-091.cnf,1.1333
glucose,100,250,1065,UNSAT,508346,696395,20963872,8460,0,508345,10.43,14.92,491264,35,40.3632,uuf250-092.cnf,1.1333
glucose,100,250,1065,UNSAT,271297,368070,11404822,4698,0,271296,9.78,14.02,259711,32,16.9347,uuf250-093.cnf,1.1333
glucose,100,250,1065,UNSAT,255477,343520,10698934,4186,0,255476,9.75,14.11,242264,31,15.6698,uuf250-094.cnf,1.1333
glucose,100,250,1065,UNSAT,191306,256113,7804748,3283,0,191305,9.71,13.67,178459,37,10.8519,uuf250-095.cnf,1.1333
glucose,100,250,1065,UNSAT,489066,662368,20094934,8500,0,489065,10.40,14.79,467222,35,39.1114,uuf250-096.cnf,1.1333
glucose,100,250,1065,UNSAT,210599,281786,8967466,3613,0,210598,9.86,14.20,201264,38,12.2575,uuf250-097.cnf,1.1333
glucose,100,250,1065,UNSAT,117964,157875,4994351,2014,0,117963,9.40,13.45,106403,33,5.8817,uuf250-098.cnf,1.1333
glucose,100,250,1065,UNSAT,177459,237750,7382523,3041,0,177458,9.49,13.67,164010,33,9.8042,uuf250-099.cnf,1.1333
glucose,100,250,1065,UNSAT,926405,1268226,38062944,18118,0,926404,10.85,15.08,907426,34,88.4995,uuf250-01.cnf,1.2667
glucose,100,250,1065,UNSAT,424719,578970,17524021,8261,0,424718,10.28,14.51,409717,31,30.6147,uuf250-010.cnf,1.2667
glucose,100,250,1065,UNSAT,1264414,1732569,49544265,24778,0,1264413,10.70,14.74,1229177,35,140.3191,uuf250-0100.cnf,1.2667
glucose,100,250,1065,UNSAT,897115,1227194,36208635,17561,0,897114,10.48,14.65,874675,31,85.5907,uuf250-011.cnf,1.2667
glucose,100,250,1065,UNSAT,690210,942194,28225143,13441,0,690209,10.64,14.65,662222,33,58.8409,uuf250-012.cnf,1.2667
glucose,100,250,1065,UNSAT,449295,612236,18121815,8758,0,449294,10.09,14.27,432263,34,33.5552,uuf250-013.cnf,1.2667
glucose,100,250,1065,UNSAT,452649,615472,18857365,8810,0,452648,10.02,14.50,432265,31,33.9554,uuf250-014.cnf,1.2667
glucose,100,250,1065,UNSAT,1199778,1640103,47359279,23484,0,1199777,10.85,15.00,1172186,38,132.2453,uuf250-015.cnf,1.2667
glucose,100,250,1065,UNSAT,431571,586694,17315351,8415,0,431570,10.34,14.32,409714,30,32.4505,uuf250-016.cnf,1.2667
glucose,100,250,1065,UNSAT,841648,1153031,33202153,16504,0,841647,10.43,14.57,810976,31,81.8605,uuf250-017.cnf,1.2667
glucose,100,250,1065,UNSAT,1116108,1521347,44767516,21782,0,1116107,10.87,14.89,1080178,34,114.0091,uuf250-018.cnf,1.2667
glucose,100,250,1065,UNSAT,893006,1205912,35600006,17444,0,893005,10.71,14.92,874667,35,91.0963,uuf250-019.cnf,1.2667
glucose,100,250,1065,UNSAT,927106,1272763,36681337,18102,0,927105,10.85,14.94,907419,32,91.0473,uuf250-02.cnf,1.2667
glucose,100,250,1065,UNSAT,1702534,2334955,65575163,33407,0,1702533,11.10,15.11,1665986,33,207.1132,uuf250-020.cnf,1.2667
glucose,100,250,1065,UNSAT,848739,1161677,35125399,16442,0,848738,10.39,14.66,826670,36,77.0260,uuf250-021.cnf,1.2667
glucose,100,250,1065,UNSAT,479555,650123,19077325,9386,0,479554,10.62,14.61,467214,34,38.5933,uuf250-023.cnf,1.2667
glucose,100,250,1065,UNSAT,186732,252310,7867129,3623,0,186731,9.52,13.67,178455,40,10.2747,uuf250-024.cnf,1.2667
glucose,100,250,1065,UNSAT,801417,1095019,32951121,15669,0,801416,10.63,14.91,780026,32,72.6073,uuf250-025.cnf,1.2667
glucose,100,250,1065,UNSAT,208237,283556,8723603,4023,0,208236,9.97,14.16,193511,31,12.2169,uuf250-026.cnf,1.2667
glucose,100,250,1065,UNSAT,1232551,1684141,49257330,24152,0,1232550,10.89,15.30,1210030,37,136.8868,uuf250-027.cnf,1.2667
glucose,100,250,1065,UNSAT,1109763,1518957,44025227,21688,0,1109762,10.93,15.16,1080173,34,121.9050,uuf250-028.cnf,1.2667
glucose,100,250,1065,UNSAT,368330,498905,14983600,7187,0,368329,10.22,14.47,355972,33,27.1266,uuf250-029.cnf,1.2667
glucose,100,250,1065,UNSAT,995212,1347210,40105070,19492,0,995211,10.75,15.00,974734,34,103.6758,uuf250-03.cnf,1.2667
glucose,100,250,1065,UNSAT,307656,423468,12300213,5986,0,307655,10.19,14.18,296413,33,20.3494,uuf250-030.cnf,1.2667
glucose,100,250,1065,UNSAT,1026079,1406662,42970354,20016,0,1026078,10.91,15.14,991922,37,97.8216,uuf250-031.cnf,1.2667
glucose,100,250,1065,UNSAT,1188608,1606146,45954509,23358,0,1188607,10.74,14.72,1153471,32,131.6318,uuf250-032.cnf,1.2667
glucose,100,250,1065,UNSAT,2164108,2979612,83354697,42467,0,2164107,11.18,15.27,2118178,37,295.5162,uuf250-035.cnf,1.2667
glucose,100,250,1065,UNSAT,310559,422823,12729111,6040,0,310558,10.22,14.28,296419,32,20.5934,uuf250-036.cnf,1.2667
glucose,100,250,1065,UNSAT,380748,515140,15137612,7460,0,380747,10.26,14.09,366415,33,27.8515,uuf250-037.cnf,1.2667
glucose,100,250,1065,UNSAT,170617,230100,7117703,3310,0,170616,9.77,13.64,157009,29,9.2628,uuf250-038.cnf,1.2667
glucose,100,250,1065,UNSAT,737162,994828,29216563,14455,0,737161,10.40,14.40,719918,32,68.0320,uuf250-039.cnf,1.2667
glucose,100,250,1065,UNSAT,523179,713158,21063228,10210,0,523178,10.26,14.51,503520,32,41.6104,uuf250-04.cnf,1.2667
glucose,100,250,1065,UNSAT,252722,338439,10130855,4912,0,252721,10.19,13.96,242261,29,16.2393,uuf250-040.cnf,1.2667
glucose,100,250,1065,UNSAT,416775,570449,17469992,8100,0,416774,10.45,14.79,398665,33,30.0551,uuf250-041.cnf,1.2667
glucose,100,250,1065,UNSAT,907510,1223994,36263251,17777,0,907509,10.43,14.48,890970,32,90.1593,uuf250-042.cnf,1.2667
glucose,100,250,1065,UNSAT,1021624,1392713,40675361,19989,0,1021623,10.86,14.98,991917,34,103.0875,uuf250-043.cnf,1.2667
glucose,100,250,1065,UNSAT,629531,862512,25699039,12294,0,629530,10.53,14.86,606916,32,54.0876,uuf250-044.cnf,1.2667
glucose,100,250,1065,UNSAT,349325,474383,14411168,6808,0,349324,10.17,14.23,335514,31,24.4999,uuf250-045.cnf,1.2667
glucose,100,250,1065,UNSAT,2042719,2827573,80115974,39939,0,2042718,11.36,15.67,1993943,42,270.0280,uuf250-046.cnf,1.2667
glucose,100,250,1065,UNSAT,447937,608618,18335608,8703,0,447936,10.27,14.22,432262,36,33.6514,uuf250-047.cnf,1.2667
glucose,100,250,1065,UNSAT,224584,303134,9361296,4378,0,224583,10.09,14.01,209159,34,13.8858,uuf250-048.cnf,1.2667
glucose,100,250,1065,UNSAT,337124,461478,14732074,6504,0,337123,10.41,14.88,325515,30,22.2714,uuf250-049.cnf,1.2667
glucose,100,250,1065,UNSAT,306277,416155,12528571,5951,0,306276,9.91,14.13,296419,35,20.1361,uuf250-05.cnf,1.2667
glucose,100,250,1065,UNSAT,538096,739481,21361218,10503,0,538095,10.47,14.57,515913,34,44.6418,uuf250-050.cnf,1.2667
glucose,100,250,1065,UNSAT,1570261,2144907,62785711,30703,0,1570260,10.96,15.23,1534431,33,185.8436,uuf250-051.cnf,1.2667
glucose,100,250,1065,UNSAT,746738,1013844,29555642,14579,0,746737,10.55,14.67,719926,32,70.1723,uuf250-052.cnf,1.2667
glucose,100,250,1065,UNSAT,1075073,1480011,42668159,21055,0,1075072,10.79,15.04,1044426,38,106.6011,uuf250-053.cnf,1.2667
glucose,100,250,1065,UNSAT,1279985,1737889,52074217,25060,0,1279984,10.99,15.18,1248480,35,141.3606,uuf250-054.cnf,1.2667
glucose,100,250,1065,UNSAT,98023,131124,4057261,1898,0,98022,9.13,13.12,89907,36,4.5261,uuf250-055.cnf,1.2667
glucose,100,250,1065,UNSAT,748485,1015860,30241835,14639,0,748484,10.78,14.94,719924,33,67.8136,uuf250-056.cnf,1.2667
glucose,100,250,1065,UNSAT,640026,881791,25860820,12464,0,640025,10.50,14.82,620516,34,53.9439,uuf250-057.cnf,1.2667
glucose,100,250,1065,UNSAT,275266,371236,11073003,5375,0,275265,10.03,13.91,259711,32,18.1476,uuf250-059.cnf,1.2667
glucose,100,250,1065,UNSAT,338038,462641,13922617,6544,0,338037,9.97,14.30,325515,34,23.3281,uuf250-06.cnf,1.2667
glucose,100,250,1065,UNSAT,324694,442052,13323377,6353,0,324693,10.01,14.19,305964,31,22.1890,uuf250-060.cnf,1.2667
glucose,100,250,1065,UNSAT,376682,513459,15193234,7360,0,376681,10.14,14.20,355965,31,26.6518,uuf250-062.cnf,1.2667
glucose,100,250,1065,UNSAT,591129,808790,24489941,11532,0,591128,10.31,14.65,567014,32,48.2353,uuf250-063.cnf,1.2667
glucose,100,250,1065,UNSAT,1246872,1692733,49479714,24440,0,1246871,10.81,15.12,1210023,34,139.9983,uuf250-064.cnf,1.2667
glucose,100,250,1065,UNSAT,366233,492189,14776432,7146,0,366232,10.07,13.97,345668,31,27.1971,uuf250-065.cnf,1.2667
glucose,100,250,1065,UNSAT,590424,811873,24635498,11522,0,590423,10.58,14.97,567025,34,48.4270,uuf250-067.cnf,1.2667
glucose,100,250,1065,UNSAT,58433,77616,2552509,1119,0,58432,8.94,12.87,52511,28,2.3271,uuf250-068.cnf,1.2667
glucose,100,250,1065,UNSAT,1863616,2551316,71558363,36569,0,1863615,10.96,15.06,1826291,34,248.1771,uuf250-069.cnf,1.2667
glucose,100,250,1065,UNSAT,875662,1194439,34440423,17173,0,875661,10.89,15.05,858520,32,89.4369,uuf250-07.cnf,1.2667
glucose,100,250,1065,UNSAT,1180680,1619517,48294231,23031,0,1180679,11.03,15.54,1153489,35,128.2465,uuf250-070.cnf,1.2667
glucose,100,250,1065,UNSAT,885970,1206331,34933486,17388,0,885969,10.75,14.91,858523,33,88.7137,uuf250-072.cnf,1.2667
glucose,100,250,1065,UNSAT,247427,338006,10577310,4814,0,247426,10.30,14.59,233767,31,15.1431,uuf250-073.cnf,1.2667
glucose,100,250,1065,UNSAT,487980,664141,19551882,9567,0,487979,10.34,14.18,467224,34,36.8132,uuf250-074.cnf,1.2667
glucose,100,250,1065,UNSAT,817355,1129742,33257885,15936,0,817354,10.84,15.18,795422,36,76.1380,uuf250-075.cnf,1.2667
glucose,100,250,1065,UNSAT,494575,667782,19806714,9661,0,494574,10.18,14.03,479161,35,38.2460,uuf250-076.cnf,1.2667
glucose,100,250,1065,UNSAT,1086848,1477800,43126809,21310,0,1086847,10.73,14.79,1062228,32,112.4422,uuf250-078.cnf,1.2667
glucose,100,250,1065,UNSAT,1029231,1399303,40703435,20200,0,1029230,10.76,15.01,1009274,35,110.6033,uuf250-079.cnf,1.2667
glucose,100,250,1065,UNSAT,968662,1315379,37740439,18994,0,968661,10.69,14.88,940775,32,99.6916,uuf250-08.cnf,1.2667
glucose,100,250,1065,UNSAT,689132,939122,27675042,13421,0,689131,10.38,14.52,662222,32,60.8503,uuf250-080.cnf,1.2667
glucose,100,250,1065,UNSAT,946037,1291065,37191635,18489,0,946036,10.48,14.41,924020,31,93.2401,uuf250-081.cnf,1.2667
glucose,100,250,1065,UNSAT,685805,934382,27775721,13379,0,685804,10.54,14.78,662221,32,61.1200,uuf250-082.cnf,1.2667
glucose,100,250,1065,UNSAT,180283,244969,7680320,3498,0,180282,9.85,14.34,171162,32,10.1210,uuf250-083.cnf,1.2667
glucose,100,250,1065,UNSAT,295021,402144,12492477,5707,0,295020,10.37,14.80,277763,32,19.2148,uuf250-084.cnf,1.2667
glucose,100,250,1065,UNSAT,550626,749355,22066327,10685,0,550625,10.33,14.46,528462,33,44.5198,uuf250-085.cnf,1.2667
glucose,100,250,1065,UNSAT,294666,397595,12163516,5725,0,294665,9.69,13.66,277766,30,18.8259,uuf250-086.cnf,1.2667
glucose,100,250,1065,UNSAT,1968236,2701199,78391319,38536,0,1968235,11.04,15.32,1921185,34,257.2562,uuf250-087.cnf,1.2667
glucose,100,250,1065,UNSAT,1665536,2283195,63980274,32721,0,1665535,11.13,15.25,1621530,34,203.0113,uuf250-088.cnf,1.2667
glucose,100,250,1065,UNSAT,1113390,1510493,44648517,21734,0,1113389,10.78,15.04,1080175,37,120.9456,uuf250-089.cnf,1.2667
glucose,100,250,1065,UNSAT,85732,114404,3583971,1660,0,85731,9.14,13.14,79655,32,4.0642,uuf250-090.cnf,1.2667
glucose,100,250,1065,UNSAT,839495,1149738,34042670,16321,0,839494,10.68,15.06,810969,33,79.5217,uuf250-091.cnf,1.2667
glucose,100,250,1065,UNSAT,1917626,2658323,74444341,37558,0,1917625,11.21,15.48,1873434,37,256.3462,uuf250-092.cnf,1.2667
glucose,100,250,1065,UNSAT,401393,549901,16537297,7860,0,401392,10.12,14.26,387756,31,29.0122,uuf250-093.cnf,1.2667
glucose,100,250,1065,UNSAT,534957,727809,21609864,10462,0,534956,10.27,14.50,515911,32,43.1837,uuf250-094.cnf,1.2667
glucose,100,250,1065,UNSAT,319736,434510,12799123,6236,0,319735,10.10,13.99,305965,37,21.6098,uuf250-095.cnf,1.2667
glucose,100,250,1065,UNSAT,1569474,2130167,60988601,30840,0,1569473,10.97,15.17,1534421,34,199.2686,uuf250-096.cnf,1.2667
glucose,100,250,1065,UNSAT,351496,476669,14566965,6866,0,351495,10.17,14.36,335513,38,24.2847,uuf250-097.cnf,1.2667
glucose,100,250,1065,UNSAT,135703,183078,5733968,2626,0,135702,9.55,13.53,124253,33,7.0640,uuf250-098.cnf,1.2667
glucose,100,250,1065,UNSAT,279201,376746,11326005,5430,0,279200,9.81,13.84,268665,33,18.0273,uuf250-099.cnf,1.2667
glucose,100,250,1065,UNSAT,936928,1282641,38465382,18429,0,936927,10.85,15.05,907418,32,90.3298,uuf250-01.cnf,1.4
glucose,100,250,1065,UNSAT,503541,687052,20599129,9900,0,503540,10.42,14.63,491265,31,38.8171,uuf250-010.cnf,1.4
glucose,100,250,1065,UNSAT,1331134,1823758,51794642,26190,0,1331133,10.74,14.77,1307279,35,150.7557,uuf250-0100.cnf,1.4
glucose,100,250,1065,UNSAT,1043862,1430853,41903300,20545,0,1043861,10.65,14.85,1009268,34,105.5718,uuf250-011.cnf,1.4
glucose,100,250,1065,UNSAT,714012,973606,29139879,14053,0,714011,10.62,14.68,690770,37,61.6381,uuf250-012.cnf,1.4
glucose,100,250,1065,UNSAT,460379,628135,18525952,9060,0,460378,10.17,14.37,443766,30,34.8417,uuf250-013.cnf,1.4
glucose,100,250,1065,UNSAT,478449,650170,19808505,9411,0,478448,10.04,14.42,455420,32,36.7177,uuf250-014.cnf,1.4
glucose,100,250,1065,UNSAT,1378390,1885264,53904443,27125,0,1378389,10.90,15.09,1347234,38,160.9131,uuf250-015.cnf,1.4
glucose,100,250,1065,UNSAT,441242,599838,17672554,8685,0,441241,10.31,14.28,420914,30,33.4448,uuf250-016.cnf,1.4
glucose,100,250,1065,UNSAT,764769,1046595,30241500,15056,0,764768,10.40,14.56,749670,34,71.6365,uuf250-017.cnf,1.4
glucose,100,250,1065,UNSAT,1159119,1581439,46533229,22812,0,1159118,10.95,14.97,1134924,34,119.4247,uuf250-018.cnf,1.4
glucose,100,250,1065,UNSAT,920444,1244186,36808417,18105,0,920443,10.83,15.09,890970,35,94.4776,uuf250-019.cnf,1.4
glucose,100,250,1065,UNSAT,1050091,1438411,41222460,20675,0,1050090,10.88,14.97,1026778,31,109.3549,uuf250-02.cnf,1.4
glucose,100,250,1065,UNSAT,1527739,2098350,59138213,30068,0,1527738,11.08,15.09,1491781,33,177.5391,uuf250-020.cnf,1.4
glucose,100,250,1065,UNSAT,965102,1322326,39742626,18991,0,965101,10.50,14.77,940771,36,92.8755,uuf250-021.cnf,1.4
glucose,100,250,1065,UNSAT,2036757,2797493,80420501,40090,0,2036756,11.40,15.53,1993931,34,275.5583,uuf250-022.cnf,1.4
glucose,100,250,1065,UNSAT,551923,748638,21771869,10865,0,551922,10.76,14.71,528465,34,46.9797,uuf250-023.cnf,1.4
glucose,100,250,1065,UNSAT,208020,281446,8730035,4092,0,208019,9.55,13.66,193505,40,11.8631,uuf250-024.cnf,1.4
glucose,100,250,1065,UNSAT,834706,1141272,34504404,16426,0,834705,10.66,14.97,810981,32,77.1431,uuf250-025.cnf,1.4
glucose,100,250,1065,UNSAT,223633,304047,9287654,4399,0,223632,10.03,14.21,209165,31,13.4883,uuf250-026.cnf,1.4
glucose,100,250,1065,UNSAT,1134378,1551092,45564975,22320,0,1134377,10.86,15.24,1098277,37,121.3220,uuf250-027.cnf,1.4
glucose,100,250,1065,UNSAT,1228186,1685217,48625134,24167,0,1228185,11.04,15.30,1191020,35,139.2966,uuf250-028.cnf,1.4
glucose,100,250,1065,UNSAT,366073,496350,14904731,7199,0,366072,10.26,14.48,345673,33,26.9817,uuf250-029.cnf,1.4
glucose,100,250,1065,UNSAT,935465,1271665,37772875,18403,0,935464,10.76,15.03,907426,32,94.6955,uuf250-03.cnf,1.4
glucose,100,250,1065,UNSAT,361651,498402,14392520,7116,0,361650,10.34,14.32,345659,33,25.0581,uuf250-030.cnf,1.4
glucose,100,250,1065,UNSAT,1121123,1542272,46717864,22051,0,1121122,10.99,15.25,1098277,37,111.2465,uuf250-031.cnf,1.4
glucose,100,250,1065,UNSAT,982242,1329496,38407545,19330,0,982241,10.64,14.66,957669,32,99.1176,uuf250-032.cnf,1.4
glucose,100,250,1065,UNSAT,1817368,2496354,72339454,35762,0,1817367,11.16,15.57,1779737,34,233.4007,uuf250-034.cnf,1.4
glucose,100,250,1065,UNSAT,304679,415549,12459141,5985,0,304678,10.21,14.22,287018,32,20.2277,uuf250-036.cnf,1.4
glucose,100,250,1065,UNSAT,439060,593461,17314384,8642,0,439059,10.29,14.10,420916,33,33.4228,uuf250-037.cnf,1.4
glucose,100,250,1065,UNSAT,169888,229603,7078318,3343,0,169887,9.86,13.72,157007,29,9.1981,uuf250-038.cnf,1.4
glucose,100,250,1065,UNSAT,776671,1048453,30757842,15295,0,776670,10.41,14.41,749664,31,72.8235,uuf250-039.cnf,1.4
glucose,100,250,1065,UNSAT,605488,827386,24225323,11909,0,605487,10.41,14.72,580166,30,50.7513,uuf250-04.cnf,1.4
glucose,100,250,1065,UNSAT,285821,382631,11378612,5625,0,285820,10.26,14.01,268661,29,19.0714,uuf250-040.cnf,1.4
glucose,100,250,1065,UNSAT,483199,662682,20136234,9503,0,483198,10.58,14.91,467211,33,36.8453,uuf250-041.cnf,1.4
glucose,100,250,1065,UNSAT,760665,1027983,30549868,14974,0,760664,10.39,14.46,734709,30,70.8117,uuf250-042.cnf,1.4
glucose,100,250,1065,UNSAT,1054570,1440112,41817086,20751,0,1054569,10.89,14.99,1026773,33,108.1673,uuf250-043.cnf,1.4
glucose,100,250,1065,UNSAT,666382,912801,27146405,13113,0,666381,10.53,14.86,648168,33,58.6850,uuf250-044.cnf,1.4
glucose,100,250,1065,UNSAT,384953,523279,15827044,7565,0,384952,10.24,14.29,366418,31,27.9785,uuf250-045.cnf,1.4
glucose,100,250,1065,UNSAT,419312,572859,17241287,8252,0,419311,10.45,14.45,398667,36,30.5447,uuf250-047.cnf,1.4
glucose,100,250,1065,UNSAT,226037,304881,9404081,4447,0,226036,10.05,13.97,217209,34,13.8946,uuf250-048.cnf,1.4
glucose,100,250,1065,UNSAT,353534,485144,15432125,6952,0,353533,10.53,15.03,335510,33,23.9443,uuf250-049.cnf,1.4
glucose,100,250,1065,UNSAT,298201,406888,12208326,5865,0,298200,9.97,14.20,287014,31,19.4253,uuf250-05.cnf,1.4
glucose,100,250,1065,UNSAT,601487,826741,23742991,11838,0,601486,10.50,14.58,580168,31,52.0074,uuf250-050.cnf,1.4
glucose,100,250,1065,UNSAT,1511471,2066555,60548291,29744,0,1511470,10.97,15.23,1470671,33,176.1018,uuf250-051.cnf,1.4
glucose,100,250,1065,UNSAT,747057,1013717,29657882,14700,0,747056,10.57,14.70,719923,32,69.6786,uuf250-052.cnf,1.4
glucose,100,250,1065,UNSAT,951630,1312129,37981303,18723,0,951629,10.77,15.09,924033,38,90.7952,uuf250-053.cnf,1.4
glucose,100,250,1065,UNSAT,1346092,1828607,54604146,26493,0,1346091,11.00,15.20,1307280,35,151.4131,uuf250-054.cnf,1.4
glucose,100,250,1065,UNSAT,103855,138212,4283536,2037,0,103854,9.09,12.98,95259,36,4.9423,uuf250-055.cnf,1.4
glucose,100,250,1065,UNSAT,906300,1227645,36221561,17836,0,906299,10.85,14.97,874681,33,88.7088,uuf250-056.cnf,1.4
glucose,100,250,1065,UNSAT,665424,917288,26868627,13095,0,665423,10.50,14.88,648164,36,56.9182,uuf250-057.cnf,1.4
glucose,100,250,1065,UNSAT,296038,397932,11908849,5824,0,296037,10.04,13.90,277762,32,20.0264,uuf250-059.cnf,1.4
glucose,100,250,1065,UNSAT,443397,608142,18106248,8709,0,443396,10.29,14.59,420912,31,33.7571,uuf250-06.cnf,1.4
glucose,100,250,1065,UNSAT,348303,473777,14249298,6854,0,348302,10.03,14.21,335515,31,24.1592,uuf250-060.cnf,1.4
glucose,100,250,1065,UNSAT,374586,510806,15061680,7372,0,374585,10.20,14.26,355962,31,26.6224,uuf250-062.cnf,1.4
glucose,100,250,1065,UNSAT,540545,739861,22459341,10633,0,540544,10.23,14.61,515916,34,42.5370,uuf250-063.cnf,1.4
glucose,100,250,1065,UNSAT,1268479,1721444,50139420,24961,0,1268478,10.84,15.22,1248477,34,143.6230,uuf250-064.cnf,1.4
glucose,100,250,1065,UNSAT,355530,479293,14350880,6997,0,355529,10.14,14.07,335516,31,26.1247,uuf250-065.cnf,1.4
glucose,100,250,1065,UNSAT,558905,768142,23361396,10987,0,558904,10.56,14.98,541169,34,44.9666,uuf250-067.cnf,1.4
glucose,100,250,1065,UNSAT,74018,98527,3214632,1452,0,74017,9.21,13.22,65409,28,3.2102,uuf250-068.cnf,1.4
glucose,100,250,1065,UNSAT,2077849,2841465,79261080,40894,0,2077848,11.02,15.11,2043195,34,286.6897,uuf250-069.cnf,1.4
glucose,100,250,1065,UNSAT,901187,1229470,35414952,17735,0,901186,10.88,15.06,874674,32,92.6874,uuf250-07.cnf,1.4
glucose,100,250,1065,UNSAT,1384499,1900767,55989398,27239,0,1384498,11.12,15.66,1347221,37,159.9427,uuf250-070.cnf,1.4
glucose,100,250,1065,UNSAT,866963,1182784,34153111,17063,0,866962,10.77,14.91,842521,33,86.2457,uuf250-072.cnf,1.4
glucose,100,250,1065,UNSAT,266795,364518,11337136,5248,0,266794,10.32,14.59,250916,31,16.6218,uuf250-073.cnf,1.4
glucose,100,250,1065,UNSAT,538958,732888,21508069,10604,0,538957,10.39,14.22,515924,34,41.9192,uuf250-074.cnf,1.4
glucose,100,250,1065,UNSAT,984642,1362025,39768238,19377,0,984641,10.98,15.32,957672,36,98.3937,uuf250-075.cnf,1.4
glucose,100,250,1065,UNSAT,487497,660602,19456010,9595,0,487496,10.19,14.09,467217,35,37.6996,uuf250-076.cnf,1.4
glucose,100,250,1065,UNSAT,1025712,1395740,40823612,20182,0,1025711,10.74,14.80,991924,34,103.8259,uuf250-078.cnf,1.4
glucose,100,250,1065,UNSAT,1145787,1557907,45081341,22546,0,1145786,10.77,15.00,1116527,34,127.0376,uuf250-079.cnf,1.4
glucose,100,250,1065,UNSAT,1010560,1374593,39363745,19879,0,1010559,10.76,14.92,991925,32,105.5454,uuf250-08.cnf,1.4
glucose,100,250,1065,UNSAT,730307,998047,29190095,14368,0,730306,10.48,14.69,705262,32,65.9816,uuf250-080.cnf,1.4
glucose,100,250,1065,UNSAT,869899,1188876,34461493,17109,0,869898,10.42,14.41,842521,36,82.6315,uuf250-081.cnf,1.4
glucose,100,250,1065,UNSAT,744871,1016856,29995142,14656,0,744870,10.67,14.97,719929,32,68.9570,uuf250-082.cnf,1.4
glucose,100,250,1065,UNSAT,167607,228012,7183256,3298,0,167606,9.75,14.31,157013,31,9.2026,uuf250-083.cnf,1.4
glucose,100,250,1065,UNSAT,314550,427654,13258833,6183,0,314549,10.29,14.67,296412,31,20.9419,uuf250-084.cnf,1.4
glucose,100,250,1065,UNSAT,601465,818692,24011088,11831,0,601464,10.42,14.53,580173,33,49.7861,uuf250-085.cnf,1.4
glucose,100,250,1065,UNSAT,309176,417956,12692654,6080,0,309175,9.75,13.80,296412,30,19.9536,uuf250-086.cnf,1.4
glucose,100,250,1065,UNSAT,1936866,2657092,77156471,38115,0,1936865,10.99,15.32,1897232,34,252.8914,uuf250-087.cnf,1.4
glucose,100,250,1065,UNSAT,1511602,2075816,58283005,29764,0,1511601,11.13,15.23,1470679,35,177.3771,uuf250-088.cnf,1.4
glucose,100,250,1065,UNSAT,1074589,1459149,43051987,21143,0,1074588,10.83,15.11,1044422,37,115.3845,uuf250-089.cnf,1.4
glucose,100,250,1065,UNSAT,85436,113890,3558377,1682,0,85435,9.10,13.07,79654,32,4.0043,uuf250-090.cnf,1.4
glucose,100,250,1065,UNSAT,763356,1049558,31183105,15016,0,763355,10.75,15.26,734714,34,69.5485,uuf250-091.cnf,1.4
glucose,100,250,1065,UNSAT,408694,560345,16873194,8045,0,408693,10.17,14.35,387757,33,29.8941,uuf250-093.cnf,1.4
glucose,100,250,1065,UNSAT,647646,881660,26011161,12746,0,647645,10.43,14.69,620521,33,56.7518,uuf250-094.cnf,1.4
glucose,100,250,1065,UNSAT,342947,467218,13713172,6742,0,342946,10.21,14.08,325510,37,23.8118,uuf250-095.cnf,1.4
glucose,100,250,1065,UNSAT,1304343,1776775,51219531,25680,0,1304342,10.91,15.18,1267926,31,154.6906,uuf250-096.cnf,1.4
glucose,100,250,1065,UNSAT,365827,495528,15190363,7190,0,365826,10.21,14.44,345660,38,25.7035,uuf250-097.cnf,1.4
glucose,100,250,1065,UNSAT,152247,205685,6428014,2996,0,152246,9.67,13.65,143455,33,8.2251,uuf250-098.cnf,1.4
glucose,100,250,1065,UNSAT,282458,380746,11482393,5560,0,282457,9.87,13.92,268665,33,18.3439,uuf250-099.cnf,1.4