policy,unit,vars,clauses,result,conflicts,decisions,propagations,restarts,blocked,learnt,avg_lbd,avg_len,deleted,max_level,seconds,_cnf,_param_value
geometric,10,250,1065,UNSAT,101933,119625,4511843,21,0,101932,8.21,13.51,95258,26,7.6745,uuf250-01.cnf,10
geometric,10,250,1065,UNSAT,76402,89903,3343594,20,0,76401,7.97,13.51,70002,28,5.3707,uuf250-010.cnf,10
geometric,10,250,1065,UNSAT,145481,170187,6186485,21,0,145480,8.31,13.68,136904,31,12.0370,uuf250-0100.cnf,10
geometric,10,250,1065,UNSAT,123076,144509,5307245,21,0,123075,8.27,13.75,112207,31,9.8634,uuf250-011.cnf,10
geometric,10,250,1065,UNSAT,101679,119299,4419453,21,0,101678,8.10,13.38,95254,29,7.8343,uuf250-012.cnf,10
geometric,10,250,1065,UNSAT,104801,122952,4420433,21,0,104800,8.01,13.21,95257,28,8.1401,uuf250-013.cnf,10
geometric,10,250,1065,UNSAT,147253,171637,6340057,21,0,147252,8.37,14.13,136909,31,13.6273,uuf250-014.cnf,10
geometric,10,250,1065,UNSAT,96441,113586,4145503,20,0,96440,8.24,13.85,89903,38,7.1742,uuf250-015.cnf,10
geometric,10,250,1065,UNSAT,61991,72903,2661269,19,0,61990,7.79,13.01,56654,27,4.4637,uuf250-016.cnf,10
geometric,10,250,1065,UNSAT,94865,111311,4008681,20,0,94864,8.04,13.51,84709,27,7.1992,uuf250-017.cnf,10
geometric,10,250,1065,UNSAT,120595,140800,5252297,21,0,120594,8.32,13.48,112204,32,9.3431,uuf250-018.cnf,10
geometric,10,250,1065,UNSAT,94358,109561,4092912,20,0,94357,8.14,13.63,84705,27,7.1090,uuf250-019.cnf,10
geometric,10,250,1065,UNSAT,107370,125829,4595069,21,0,107369,8.25,13.75,100757,34,8.3724,uuf250-02.cnf,10
geometric,10,250,1065,UNSAT,131437,154051,5617944,21,0,131436,8.49,13.88,124255,28,10.8511,uuf250-020.cnf,10
geometric,10,250,1065,UNSAT,170252,199720,7387907,22,0,170251,8.27,13.87,157003,31,14.9727,uuf250-021.cnf,10
geometric,10,250,1065,UNSAT,149493,174632,6546449,21,0,149492,8.62,14.13,136903,32,12.7995,uuf250-022.cnf,10
geometric,10,250,1065,UNSAT,59765,69724,2574164,19,0,59764,8.10,13.29,52506,34,3.9999,uuf250-023.cnf,10
geometric,10,250,1065,UNSAT,77944,91631,3362169,20,0,77943,7.90,13.10,70005,40,5.4336,uuf250-024.cnf,10
geometric,10,250,1065,UNSAT,98345,115040,4319176,20,0,98344,8.38,13.67,89903,31,7.3998,uuf250-025.cnf,10
geometric,10,250,1065,UNSAT,51211,60372,2251056,19,0,51210,7.81,13.13,44653,30,3.2724,uuf250-026.cnf,10
geometric,10,250,1065,UNSAT,127365,148312,5537873,21,0,127364,8.30,13.98,118157,27,10.4476,uuf250-027.cnf,10
geometric,10,250,1065,UNSAT,107494,125954,4667071,21,0,107493,8.31,13.91,100757,29,8.5785,uuf250-028.cnf,10
geometric,10,250,1065,UNSAT,70079,81676,3003563,20,0,70078,7.99,13.51,65404,27,4.9825,uuf250-029.cnf,10
geometric,10,250,1065,UNSAT,94982,111104,4123734,20,0,94981,8.17,14.02,84709,35,7.4075,uuf250-03.cnf,10
geometric,10,250,1065,UNSAT,63464,74785,2661459,19,0,63463,7.88,13.01,56659,29,4.2461,uuf250-030.cnf,10
geometric,10,250,1065,UNSAT,151624,178197,6707614,22,0,151623,8.73,14.61,143456,37,13.0604,uuf250-031.cnf,10
geometric,10,250,1065,UNSAT,101846,118951,4361726,21,0,101845,8.07,13.35,95259,30,7.7692,uuf250-032.cnf,10
geometric,10,250,1065,UNSAT,146657,172537,6287668,21,0,146656,8.26,13.82,136906,30,12.5721,uuf250-033.cnf,10
geometric,10,250,1065,UNSAT,143446,168309,6222123,21,0,143445,8.42,14.22,136910,31,12.1956,uuf250-034.cnf,10
geometric,10,250,1065,UNSAT,160621,188446,6814432,22,0,160620,8.45,13.90,150156,29,13.9204,uuf250-035.cnf,10
geometric,10,250,1065,UNSAT,66738,78281,2871514,20,0,66737,8.23,13.66,60954,28,4.6925,uuf250-036.cnf,10
geometric,10,250,1065,UNSAT,61681,72082,2615589,19,0,61680,7.76,12.80,56654,33,4.1930,uuf250-037.cnf,10
geometric,10,250,1065,UNSAT,39889,46893,1726945,18,0,39888,7.64,12.65,34004,33,2.3727,uuf250-038.cnf,10
geometric,10,250,1065,UNSAT,82128,96346,3518344,20,0,82127,7.97,13.30,74753,28,5.9110,uuf250-039.cnf,10
geometric,10,250,1065,UNSAT,108361,127321,4588872,21,0,108360,8.39,14.10,100756,31,8.5379,uuf250-04.cnf,10
geometric,10,250,1065,UNSAT,34823,40994,1488180,18,0,34822,7.56,12.48,30752,27,2.0548,uuf250-040.cnf,10
geometric,10,250,1065,UNSAT,83969,98775,3729217,20,0,83968,7.99,13.60,74758,32,5.9976,uuf250-041.cnf,10
geometric,10,250,1065,UNSAT,119304,138673,5162070,21,0,119303,8.31,13.61,112211,28,9.6075,uuf250-042.cnf,10
geometric,10,250,1065,UNSAT,130266,152075,5615237,21,0,130265,8.32,13.68,118158,33,10.4549,uuf250-043.cnf,10
geometric,10,250,1065,UNSAT,98564,115802,4249401,20,0,98563,8.29,14.03,89904,30,7.5620,uuf250-044.cnf,10
geometric,10,250,1065,UNSAT,61111,71888,2667264,19,0,61110,7.80,13.28,56651,27,4.1064,uuf250-045.cnf,10
geometric,10,250,1065,UNSAT,200778,235315,8571477,22,0,200777,8.81,14.93,185911,32,18.8914,uuf250-046.cnf,10
geometric,10,250,1065,UNSAT,70789,83086,3074853,20,0,70788,8.03,13.05,65404,36,4.8458,uuf250-047.cnf,10
geometric,10,250,1065,UNSAT,35962,42034,1594689,18,0,35961,7.67,12.72,30750,34,2.2075,uuf250-048.cnf,10
geometric,10,250,1065,UNSAT,77021,89994,3510469,20,0,77020,8.26,13.83,70006,29,5.5649,uuf250-049.cnf,10
geometric,10,250,1065,UNSAT,83901,98989,3591955,20,0,83900,7.82,13.05,74754,31,5.9624,uuf250-05.cnf,10
geometric,10,250,1065,UNSAT,113709,133568,4829601,21,0,113708,8.34,13.78,106408,30,9.0601,uuf250-050.cnf,10
geometric,10,250,1065,UNSAT,147265,171956,6474675,21,0,147264,8.24,13.61,136907,30,12.1256,uuf250-051.cnf,10
geometric,10,250,1065,UNSAT,96027,112670,4078249,20,0,96026,8.31,13.74,89904,30,7.2979,uuf250-052.cnf,10
geometric,10,250,1065,UNSAT,174384,203545,7406915,22,0,174383,8.64,14.28,164009,38,15.4875,uuf250-053.cnf,10
geometric,10,250,1065,UNSAT,103713,121560,4580682,21,0,103712,8.32,13.92,95258,28,7.8243,uuf250-054.cnf,10
geometric,10,250,1065,UNSAT,39752,46349,1670489,18,0,39751,7.40,12.12,34005,36,2.3547,uuf250-055.cnf,10
geometric,10,250,1065,UNSAT,66619,78489,2899793,20,0,66618,8.15,13.76,60950,32,4.5434,uuf250-056.cnf,10
geometric,10,250,1065,UNSAT,124859,146772,5312087,21,0,124858,8.26,13.97,118160,30,9.9903,uuf250-057.cnf,10
geometric,10,250,1065,UNSAT,165267,193880,7131319,22,0,165266,8.60,14.11,157009,29,14.4682,uuf250-058.cnf,10
geometric,10,250,1065,UNSAT,43273,50899,1873953,18,0,43272,7.72,12.78,37403,28,2.7180,uuf250-059.cnf,10
geometric,10,250,1065,UNSAT,94208,110627,4017444,20,0,94207,8.11,13.79,84703,32,7.1807,uuf250-06.cnf,10
geometric,10,250,1065,UNSAT,68392,80347,2943952,20,0,68391,8.01,13.23,60958,25,4.7556,uuf250-060.cnf,10
geometric,10,250,1065,UNSAT,186237,218106,8074673,22,0,186236,8.60,14.36,178462,36,17.0539,uuf250-061.cnf,10
geometric,10,250,1065,UNSAT,71899,84773,3076619,20,0,71898,8.05,13.33,65403,28,4.9900,uuf250-062.cnf,10
geometric,10,250,1065,UNSAT,140057,164105,6076333,21,0,140056,8.37,14.10,130505,32,11.6838,uuf250-063.cnf,10
geometric,10,250,1065,UNSAT,140897,164075,6067850,21,0,140896,8.64,14.46,130505,34,12.0936,uuf250-064.cnf,10
geometric,10,250,1065,UNSAT,63434,73708,2720800,19,0,63433,7.90,12.99,56656,29,4.3213,uuf250-065.cnf,10
geometric,10,250,1065,UNSAT,231426,269730,10055929,23,0,231425,8.60,14.70,217209,33,22.8216,uuf250-066.cnf,10
geometric,10,250,1065,UNSAT,119331,139948,5226222,21,0,119330,8.23,13.69,112205,34,9.4943,uuf250-067.cnf,10
geometric,10,250,1065,UNSAT,29649,34788,1303769,18,0,29648,7.49,12.31,24702,25,1.6873,uuf250-068.cnf,10
geometric,10,250,1065,UNSAT,121732,142363,5168302,21,0,121731,8.13,13.48,112203,27,9.8701,uuf250-069.cnf,10
geometric,10,250,1065,UNSAT,117066,136725,4954366,21,0,117065,8.49,13.90,106410,32,9.5212,uuf250-07.cnf,10
geometric,10,250,1065,UNSAT,161465,189481,7052746,22,0,161464,8.53,14.43,150159,31,14.0368,uuf250-070.cnf,10
geometric,10,250,1065,UNSAT,149798,175595,6446877,22,0,149797,8.70,14.44,136909,33,12.7668,uuf250-071.cnf,10
geometric,10,250,1065,UNSAT,112106,130528,4793373,21,0,112105,8.12,13.67,106407,33,8.8023,uuf250-072.cnf,10
geometric,10,250,1065,UNSAT,64472,75797,2868630,19,0,64471,8.10,13.44,56656,28,4.3323,uuf250-073.cnf,10
geometric,10,250,1065,UNSAT,83141,97397,3501128,20,0,83140,8.21,13.36,74755,28,5.9324,uuf250-074.cnf,10
geometric,10,250,1065,UNSAT,105406,124167,4603997,21,0,105405,8.43,14.03,95256,28,8.1821,uuf250-075.cnf,10
geometric,10,250,1065,UNSAT,86334,100864,3651222,20,0,86333,8.00,13.10,79655,35,6.2472,uuf250-076.cnf,10
geometric,10,250,1065,UNSAT,215256,252003,9383565,22,0,215255,8.55,14.36,201256,31,20.7349,uuf250-077.cnf,10
geometric,10,250,1065,UNSAT,114278,133804,4958488,21,0,114277,8.32,13.59,106403,32,8.9773,uuf250-078.cnf,10
geometric,10,250,1065,UNSAT,104538,122330,4530164,21,0,104537,8.21,13.81,95256,31,8.1773,uuf250-079.cnf,10
geometric,10,250,1065,UNSAT,101894,119422,4325603,21,0,101893,8.37,13.73,95260,28,7.8727,uuf250-08.cnf,10
geometric,10,250,1065,UNSAT,134102,156329,5710151,21,0,134101,8.36,13.88,124258,32,11.2233,uuf250-080.cnf,10
geometric,10,250,1065,UNSAT,140694,164121,5922206,21,0,140693,8.20,13.43,130511,31,11.5839,uuf250-081.cnf,10
geometric,10,250,1065,UNSAT,113972,133086,4920019,21,0,113971,8.28,13.67,106405,28,9.0005,uuf250-082.cnf,10
geometric,10,250,1065,UNSAT,51871,60961,2296781,19,0,51870,8.03,13.66,44651,28,3.3500,uuf250-083.cnf,10
geometric,10,250,1065,UNSAT,62607,73531,2762237,19,0,62606,8.29,13.96,56658,30,4.2933,uuf250-084.cnf,10
geometric,10,250,1065,UNSAT,102597,119577,4344781,21,0,102596,7.95,13.22,95254,30,7.6606,uuf250-085.cnf,10
geometric,10,250,1065,UNSAT,80076,93827,3421360,20,0,80075,7.68,12.74,74756,28,5.4548,uuf250-086.cnf,10
geometric,10,250,1065,UNSAT,240201,280650,10411542,23,0,240200,8.65,14.47,225411,29,23.6391,uuf250-087.cnf,10
geometric,10,250,1065,UNSAT,117625,137172,5039178,21,0,117624,8.40,14.03,106407,29,9.3828,uuf250-088.cnf,10
geometric,10,250,1065,UNSAT,98843,115650,4308033,20,0,98842,8.07,13.72,89910,29,7.5449,uuf250-089.cnf,10
geometric,10,250,1065,UNSAT,233459,272022,10182926,23,0,233458,8.56,14.40,217208,31,22.8722,uuf250-09.cnf,10
geometric,10,250,1065,UNSAT,30958,36220,1326846,18,0,30957,7.49,12.26,27654,30,1.8050,uuf250-090.cnf,10
geometric,10,250,1065,UNSAT,102671,120760,4539187,21,0,102670,8.19,13.86,95263,32,7.7407,uuf250-091.cnf,10
geometric,10,250,1065,UNSAT,153042,179776,6488467,22,0,153041,8.39,13.99,143456,31,12.9208,uuf250-092.cnf,10
geometric,10,250,1065,UNSAT,100723,118526,4336500,21,0,100722,8.07,13.47,95254,27,7.4421,uuf250-093.cnf,10
geometric,10,250,1065,UNSAT,79579,93609,3399730,20,0,79578,8.24,13.50,74757,30,5.7428,uuf250-094.cnf,10
geometric,10,250,1065,UNSAT,64821,75715,2727773,19,0,64820,7.80,12.74,56656,37,4.3898,uuf250-095.cnf,10
geometric,10,250,1065,UNSAT,110325,127896,4818339,21,0,110324,8.23,13.88,100757,28,8.8067,uuf250-096.cnf,10
geometric,10,250,1065,UNSAT,57899,67964,2534259,19,0,57898,7.94,13.23,52504,38,3.8223,uuf250-097.cnf,10
geometric,10,250,1065,UNSAT,47505,55515,2084724,19,0,47504,7.83,12.82,40953,33,3.0034,uuf250-098.cnf,10
geometric,10,250,1065,UNSAT,69343,80969,2966442,20,0,69342,8.04,13.15,60957,33,4.7954,uuf250-099.cnf,10
geometric,64,250,1065,UNSAT,98637,115886,4370628,16,0,98636,8.38,13.85,89909,29,7.3896,uuf250-01.cnf,64
geometric,64,250,1065,UNSAT,97914,114185,4257160,16,0,97913,8.23,13.85,89908,28,7.2910,uuf250-010.cnf,64
geometric,64,250,1065,UNSAT,129479,151212,5539767,17,0,129478,8.17,13.55,118156,36,10.4378,uuf250-0100.cnf,64
geometric,64,250,1065,UNSAT,120355,141005,5153004,16,0,120354,8.21,13.74,112207,29,9.4625,uuf250-011.cnf,64
geometric,64,250,1065,UNSAT,97775,114666,4244318,16,0,97774,8.43,13.59,89905,33,7.1656,uuf250-012.cnf,64
geometric,64,250,1065,UNSAT,111361,130111,4693036,16,0,111360,8.10,13.42,100760,27,8.4936,uuf250-013.cnf,64
geometric,64,250,1065,UNSAT,133780,156318,5787162,17,0,133779,8.05,13.67,124258,31,10.8253,uuf250-014.cnf,64
geometric,64,250,1065,UNSAT,110973,129774,4814531,16,0,110972,8.30,13.75,100755,38,8.5653,uuf250-015.cnf,64
geometric,64,250,1065,UNSAT,64156,75056,2731138,15,0,64155,7.71,12.72,56655,29,4.3179,uuf250-016.cnf,64
geometric,64,250,1065,UNSAT,124798,145973,5265298,16,0,124797,8.25,13.70,118160,28,10.1917,uuf250-017.cnf,64
geometric,64,250,1065,UNSAT,115035,134088,5055375,16,0,115034,8.31,13.65,106403,29,8.8523,uuf250-018.cnf,64
geometric,64,250,1065,UNSAT,91829,107064,3981062,16,0,91828,8.19,13.98,84708,30,7.0780,uuf250-019.cnf,64
geometric,64,250,1065,UNSAT,110388,129120,4728313,16,0,110387,8.43,13.85,100754,26,8.7039,uuf250-02.cnf,64
geometric,64,250,1065,UNSAT,137001,160861,5851637,17,0,137000,8.78,14.35,130510,29,11.5074,uuf250-020.cnf,64
geometric,64,250,1065,UNSAT,144006,168768,6304908,17,0,144005,8.26,13.74,136905,31,12.2067,uuf250-021.cnf,64
geometric,64,250,1065,UNSAT,142411,166374,6216836,17,0,142410,8.47,14.16,130512,32,11.8720,uuf250-022.cnf,64
geometric,64,250,1065,UNSAT,67455,78605,2892166,15,0,67454,8.08,13.38,60958,34,4.6932,uuf250-023.cnf,64
geometric,64,250,1065,UNSAT,70240,82293,3030112,15,0,70239,7.76,12.90,65402,40,4.7106,uuf250-024.cnf,64
geometric,64,250,1065,UNSAT,110216,129402,4811225,16,0,110215,8.23,13.59,100760,28,8.5819,uuf250-025.cnf,64
geometric,64,250,1065,UNSAT,50612,59526,2205073,14,0,50611,7.82,13.24,44652,27,3.2015,uuf250-026.cnf,64
geometric,64,250,1065,UNSAT,128640,149958,5547612,17,0,128639,8.48,14.13,118159,29,10.9061,uuf250-027.cnf,64
geometric,64,250,1065,UNSAT,100065,117706,4305914,16,0,100064,8.33,13.88,89903,30,7.6861,uuf250-028.cnf,64
geometric,64,250,1065,UNSAT,61790,72438,2677650,15,0,61789,7.94,13.45,56654,28,4.2446,uuf250-029.cnf,64
geometric,64,250,1065,UNSAT,90683,106167,3973496,16,0,90682,8.23,13.70,84706,32,6.7413,uuf250-03.cnf,64
geometric,64,250,1065,UNSAT,61957,73152,2605617,15,0,61956,8.06,13.07,56651,29,4.1141,uuf250-030.cnf,64
geometric,64,250,1065,UNSAT,125206,146929,5644408,16,0,125205,8.43,13.89,118158,37,9.8908,uuf250-031.cnf,64
geometric,64,250,1065,UNSAT,92888,108094,3971981,16,0,92887,8.13,13.32,84709,32,6.9955,uuf250-032.cnf,64
geometric,64,250,1065,UNSAT,141236,166126,6121039,17,0,141235,8.33,13.84,130510,30,12.0087,uuf250-033.cnf,64
geometric,64,250,1065,UNSAT,151746,178001,6620213,17,0,151745,8.53,14.21,143455,27,13.1291,uuf250-034.cnf,64
geometric,64,250,1065,UNSAT,157264,184780,6693453,17,0,157263,8.48,13.94,150163,30,13.4842,uuf250-035.cnf,64
geometric,64,250,1065,UNSAT,73445,85899,3131537,15,0,73444,8.04,13.30,65404,27,5.1743,uuf250-036.cnf,64
geometric,64,250,1065,UNSAT,55770,65174,2359108,14,0,55769,7.84,12.68,48501,33,3.6572,uuf250-037.cnf,64
geometric,64,250,1065,UNSAT,38797,45502,1691144,14,0,38796,7.54,12.56,34005,26,2.3068,uuf250-038.cnf,64
geometric,64,250,1065,UNSAT,87315,102224,3756556,16,0,87314,8.12,13.47,79660,28,6.4053,uuf250-039.cnf,64
geometric,64,250,1065,UNSAT,115382,135054,4886016,16,0,115381,8.29,13.75,106408,29,9.1804,uuf250-04.cnf,64
geometric,64,250,1065,UNSAT,42502,49144,1818018,14,0,42501,7.89,12.88,37403,29,2.6428,uuf250-040.cnf,64
geometric,64,250,1065,UNSAT,77235,91398,3425663,15,0,77234,8.05,13.74,70005,30,5.4265,uuf250-041.cnf,64
geometric,64,250,1065,UNSAT,118664,138123,5087933,16,0,118663,8.50,14.01,112208,29,9.8844,uuf250-042.cnf,64
geometric,64,250,1065,UNSAT,127570,148624,5501626,17,0,127569,8.34,13.84,118158,30,10.3976,uuf250-043.cnf,64
geometric,64,250,1065,UNSAT,106986,125091,4633503,16,0,106985,8.19,13.61,100756,34,8.2766,uuf250-044.cnf,64
geometric,64,250,1065,UNSAT,70364,82254,3083363,15,0,70363,8.01,13.32,65407,29,4.9015,uuf250-045.cnf,64
geometric,64,250,1065,UNSAT,190527,223174,8179121,18,0,190526,8.65,14.45,178461,28,18.7646,uuf250-046.cnf,64
geometric,64,250,1065,UNSAT,74639,87359,3221440,15,0,74638,7.96,12.96,70002,36,5.5162,uuf250-047.cnf,64
geometric,64,250,1065,UNSAT,42647,49756,1864267,14,0,42646,7.41,12.25,37408,34,2.6891,uuf250-048.cnf,64
geometric,64,250,1065,UNSAT,71960,84390,3280659,15,0,71959,8.09,13.76,65405,25,5.4037,uuf250-049.cnf,64
geometric,64,250,1065,UNSAT,84396,99151,3594467,16,0,84395,8.00,13.48,74759,31,6.3663,uuf250-05.cnf,64
geometric,64,250,1065,UNSAT,106026,124428,4505203,16,0,106025,8.09,13.62,95259,28,8.3196,uuf250-050.cnf,64
geometric,64,250,1065,UNSAT,155719,181421,6799414,17,0,155718,8.51,14.07,143465,28,13.7327,uuf250-051.cnf,64
geometric,64,250,1065,UNSAT,114017,132803,4823429,16,0,114016,8.28,13.43,106406,26,9.1644,uuf250-052.cnf,64
geometric,64,250,1065,UNSAT,141284,166359,6035537,17,0,141283,8.54,14.22,130512,38,12.1235,uuf250-053.cnf,64
geometric,64,250,1065,UNSAT,102626,120067,4582243,16,0,102625,8.36,13.78,95254,26,8.0514,uuf250-054.cnf,64
geometric,64,250,1065,UNSAT,40669,47451,1709457,14,0,40668,7.65,12.59,34000,36,2.5011,uuf250-055.cnf,64
geometric,64,250,1065,UNSAT,77220,91163,3365527,15,0,77219,8.08,13.46,70006,29,5.4148,uuf250-056.cnf,64
geometric,64,250,1065,UNSAT,129582,152182,5563947,17,0,129581,8.43,14.25,118162,32,10.7730,uuf250-057.cnf,64
geometric,64,250,1065,UNSAT,167178,195283,7240316,17,0,167177,8.48,13.86,157009,30,14.8615,uuf250-058.cnf,64
geometric,64,250,1065,UNSAT,46493,54462,1987386,14,0,46492,7.87,12.90,40952,26,3.0978,uuf250-059.cnf,64
geometric,64,250,1065,UNSAT,88420,104219,3824929,16,0,88419,8.14,13.59,79655,26,6.4969,uuf250-06.cnf,64
geometric,64,250,1065,UNSAT,63990,74748,2765207,15,0,63989,8.03,13.37,56654,27,4.3899,uuf250-060.cnf,64
geometric,64,250,1065,UNSAT,164789,193175,7121104,17,0,164788,8.62,14.45,157007,36,14.6539,uuf250-061.cnf,64
geometric,64,250,1065,UNSAT,72449,85067,3088586,15,0,72448,8.17,13.44,65407,31,5.1803,uuf250-062.cnf,64
geometric,64,250,1065,UNSAT,129444,152145,5613920,17,0,129443,8.20,13.83,118154,28,10.8330,uuf250-063.cnf,64
geometric,64,250,1065,UNSAT,132030,153454,5677726,17,0,132029,8.46,14.20,124257,34,11.6079,uuf250-064.cnf,64
geometric,64,250,1065,UNSAT,55530,64655,2416458,14,0,55529,7.88,12.97,48504,29,3.7392,uuf250-065.cnf,64
geometric,64,250,1065,UNSAT,224206,261298,9716206,18,0,224205,8.53,14.45,209162,32,21.9411,uuf250-066.cnf,64
geometric,64,250,1065,UNSAT,99454,117133,4353501,16,0,99453,8.27,13.82,89911,34,7.4852,uuf250-067.cnf,64
geometric,64,250,1065,UNSAT,29860,34950,1311281,13,0,29859,7.13,11.78,24701,28,1.6589,uuf250-068.cnf,64
geometric,64,250,1065,UNSAT,116306,135846,4983653,16,0,116305,8.11,13.44,106409,28,9.2191,uuf250-069.cnf,64
geometric,64,250,1065,UNSAT,97896,114027,4209552,16,0,97895,8.17,13.67,89906,30,7.3905,uuf250-07.cnf,64
geometric,64,250,1065,UNSAT,159354,186879,6969084,17,0,159353,8.37,14.18,150155,28,13.9601,uuf250-070.cnf,64
geometric,64,250,1065,UNSAT,151201,177092,6511267,17,0,151200,8.56,14.30,143457,33,12.8546,uuf250-071.cnf,64
geometric,64,250,1065,UNSAT,114192,133233,4915694,16,0,114191,8.26,14.00,106407,33,9.0391,uuf250-072.cnf,64
geometric,64,250,1065,UNSAT,55919,65778,2483000,14,0,55918,8.02,13.41,48507,28,3.6350,uuf250-073.cnf,64
geometric,64,250,1065,UNSAT,75633,88880,3219526,15,0,75632,8.05,13.10,70005,26,5.1603,uuf250-074.cnf,64
geometric,64,250,1065,UNSAT,117797,138381,5100434,16,0,117796,8.38,14.17,106410,30,9.7041,uuf250-075.cnf,64
geometric,64,250,1065,UNSAT,77093,90156,3276602,15,0,77092,7.77,12.71,70001,35,5.2966,uuf250-076.cnf,64
geometric,64,250,1065,UNSAT,192689,225700,8432852,18,0,192688,8.75,14.66,178459,28,12.5809,uuf250-077.cnf,64
geometric,64,250,1065,UNSAT,117191,136688,5106324,16,0,117190,8.39,13.82,106407,32,5.4378,uuf250-078.cnf,64
geometric,64,250,1065,UNSAT,89202,104203,3839429,16,0,89201,8.06,13.49,79659,31,3.8721,uuf250-079.cnf,64
geometric,64,250,1065,UNSAT,102296,119645,4366455,16,0,102295,8.35,13.53,95258,27,4.5409,uuf250-08.cnf,64
geometric,64,250,1065,UNSAT,142975,166490,6083586,17,0,142974,8.37,14.00,130505,32,7.1741,uuf250-080.cnf,64
geometric,64,250,1065,UNSAT,122389,142729,5235602,16,0,122388,8.15,13.65,112207,29,5.7041,uuf250-081.cnf,64
geometric,64,250,1065,UNSAT,118911,138434,5090340,16,0,118910,8.29,13.97,112208,31,5.6481,uuf250-082.cnf,64
geometric,64,250,1065,UNSAT,55499,65002,2441807,14,0,55498,7.92,13.47,48506,26,2.1268,uuf250-083.cnf,64
geometric,64,250,1065,UNSAT,69255,81170,3052158,15,0,69254,8.23,13.63,60954,32,2.7935,uuf250-084.cnf,64
geometric,64,250,1065,UNSAT,86136,100959,3662034,16,0,86135,8.09,13.28,79655,27,3.6157,uuf250-085.cnf,64
geometric,64,250,1065,UNSAT,81767,95238,3498749,15,0,81766,8.07,13.27,74759,28,3.4137,uuf250-086.cnf,64
geometric,64,250,1065,UNSAT,212374,248560,9283848,18,0,212373,8.47,14.38,201262,29,11.4470,uuf250-087.cnf,64
geometric,64,250,1065,UNSAT,120674,141161,5152194,16,0,120673,8.31,13.81,112206,28,5.5515,uuf250-088.cnf,64
geometric,64,250,1065,UNSAT,118105,137533,5146202,16,0,118104,8.28,14.08,112208,31,5.5874,uuf250-089.cnf,64
geometric,64,250,1065,UNSAT,227755,264799,10022683,18,0,227754,8.79,14.39,217208,31,12.5880,uuf250-09.cnf,64
geometric,64,250,1065,UNSAT,31379,36860,1344879,13,0,31378,7.53,12.57,27652,32,1.0730,uuf250-090.cnf,64
geometric,64,250,1065,UNSAT,108006,126756,4704882,16,0,108005,8.59,14.39,100758,30,4.9012,uuf250-091.cnf,64
geometric,64,250,1065,UNSAT,149756,175126,6424668,17,0,149755,8.20,13.85,136904,30,7.4409,uuf250-092.cnf,64
geometric,64,250,1065,UNSAT,108304,127217,4668947,16,0,108303,8.21,13.51,100755,26,4.7678,uuf250-093.cnf,64
geometric,64,250,1065,UNSAT,90303,105197,3846838,16,0,90302,8.25,13.59,84708,26,3.9804,uuf250-094.cnf,64
geometric,64,250,1065,UNSAT,68812,80346,2885976,15,0,68811,7.92,12.92,60954,37,2.7667,uuf250-095.cnf,64
geometric,64,250,1065,UNSAT,120012,139712,5216862,16,0,120011,8.25,13.66,112208,32,5.6061,uuf250-096.cnf,64
geometric,64,250,1065,UNSAT,64341,75401,2813792,15,0,64340,8.06,13.46,56660,38,2.5710,uuf250-097.cnf,64
geometric,64,250,1065,UNSAT,48131,56401,2090627,14,0,48130,7.70,12.67,40953,33,1.7789,uuf250-098.cnf,64
geometric,64,250,1065,UNSAT,60217,70855,2590037,15,0,60216,7.85,13.20,52502,33,2.3480,uuf250-099.cnf,64
geometric,119,250,1065,UNSAT,101321,118740,4502558,14,0,101320,8.10,13.57,95258,26,4.3726,uuf250-01.cnf,119
geometric,119,250,1065,UNSAT,97418,113572,4244066,14,0,97417,8.33,14.02,89905,28,4.3219,uuf250-010.cnf,119
geometric,119,250,1065,UNSAT,149877,175281,6338663,15,0,149876,8.35,13.66,136905,26,7.2808,uuf250-0100.cnf,119
geometric,119,250,1065,UNSAT,126629,147340,5447196,15,0,126628,8.35,13.79,118157,29,5.8795,uuf250-011.cnf,119
geometric,119,250,1065,UNSAT,98264,114734,4240556,14,0,98263,8.32,13.59,89907,29,4.2635,uuf250-012.cnf,119
geometric,119,250,1065,UNSAT,100633,117829,4264426,14,0,100632,8.00,13.26,95258,28,4.4915,uuf250-013.cnf,119
geometric,119,250,1065,UNSAT,135709,158353,5864891,15,0,135708,8.28,14.02,124252,31,6.5366,uuf250-014.cnf,119
geometric,119,250,1065,UNSAT,113032,132025,4855295,15,0,113031,8.27,13.81,106411,38,5.1269,uuf250-015.cnf,119
geometric,119,250,1065,UNSAT,69070,80994,2920380,13,0,69069,7.79,12.81,60954,29,2.7818,uuf250-016.cnf,119
geometric,119,250,1065,UNSAT,107347,125580,4534229,15,0,107346,8.03,13.33,100754,30,4.8534,uuf250-017.cnf,119
geometric,119,250,1065,UNSAT,106630,124350,4667719,15,0,106629,8.16,13.57,100763,32,4.6913,uuf250-018.cnf,119
geometric,119,250,1065,UNSAT,99139,115395,4323565,14,0,99138,8.09,13.48,89905,29,4.3993,uuf250-019.cnf,119
geometric,119,250,1065,UNSAT,124131,144923,5268521,15,0,124130,8.38,13.80,118153,28,5.8594,uuf250-02.cnf,119
geometric,119,250,1065,UNSAT,115917,136018,4963694,15,0,115916,8.23,13.65,106408,28,5.2593,uuf250-020.cnf,119
geometric,119,250,1065,UNSAT,149388,174594,6546008,15,0,149387,8.51,14.06,136904,31,7.4254,uuf250-021.cnf,119
geometric,119,250,1065,UNSAT,154387,180001,6742968,15,0,154386,8.40,13.86,143457,32,7.6341,uuf250-022.cnf,119
geometric,119,250,1065,UNSAT,64015,74520,2739815,13,0,64014,8.02,13.31,56657,34,2.5598,uuf250-023.cnf,119
geometric,119,250,1065,UNSAT,70849,83130,3055730,14,0,70848,7.70,12.94,65405,40,2.7716,uuf250-024.cnf,119
geometric,119,250,1065,UNSAT,94123,110395,4105933,14,0,94122,8.27,13.83,84705,29,4.1208,uuf250-025.cnf,119
geometric,119,250,1065,UNSAT,49403,58000,2158882,13,0,49402,7.95,13.32,44656,28,1.8609,uuf250-026.cnf,119
geometric,119,250,1065,UNSAT,119320,138743,5192833,15,0,119319,8.16,13.94,112208,29,5.5657,uuf250-027.cnf,119
geometric,119,250,1065,UNSAT,119326,139543,5173111,15,0,119325,8.36,13.86,112209,29,5.5557,uuf250-028.cnf,119
geometric,119,250,1065,UNSAT,76458,88689,3303957,14,0,76457,8.23,13.71,70003,27,3.2479,uuf250-029.cnf,119
geometric,119,250,1065,UNSAT,100599,117320,4373363,14,0,100598,8.21,13.85,89911,31,4.5077,uuf250-03.cnf,119
geometric,119,250,1065,UNSAT,72255,84987,2978621,14,0,72254,8.07,13.23,65406,29,2.9532,uuf250-030.cnf,119
geometric,119,250,1065,UNSAT,138322,162449,6152497,15,0,138321,8.61,14.12,130512,37,6.6586,uuf250-031.cnf,119
geometric,119,250,1065,UNSAT,101464,118359,4309239,14,0,101463,8.10,13.49,95258,33,4.5299,uuf250-032.cnf,119
geometric,119,250,1065,UNSAT,170042,199017,7283904,16,0,170041,8.71,14.39,157009,29,9.0916,uuf250-033.cnf,119
geometric,119,250,1065,UNSAT,138614,162631,6048523,15,0,138613,8.46,14.37,130502,30,6.7847,uuf250-034.cnf,119
geometric,119,250,1065,UNSAT,146072,170851,6210098,15,0,146071,8.60,14.15,136909,30,7.2921,uuf250-035.cnf,119
geometric,119,250,1065,UNSAT,65725,77296,2807721,13,0,65724,8.24,13.63,60952,29,2.6384,uuf250-036.cnf,119
geometric,119,250,1065,UNSAT,59602,69565,2518398,13,0,59601,8.01,12.91,52504,33,2.3050,uuf250-037.cnf,119
geometric,119,250,1065,UNSAT,38400,45074,1675796,12,0,38399,7.52,12.50,34001,26,1.3183,uuf250-038.cnf,119
geometric,119,250,1065,UNSAT,72710,85574,3159906,14,0,72709,7.78,13.11,65401,26,2.9405,uuf250-039.cnf,119
geometric,119,250,1065,UNSAT,100866,118441,4264735,14,0,100865,8.11,13.53,95256,31,4.4977,uuf250-04.cnf,119
geometric,119,250,1065,UNSAT,39849,46411,1706980,12,0,39848,7.87,12.87,34003,29,1.4205,uuf250-040.cnf,119
geometric,119,250,1065,UNSAT,83171,98203,3669083,14,0,83170,8.31,14.03,74753,31,3.4897,uuf250-041.cnf,119
geometric,119,250,1065,UNSAT,110742,129316,4819922,15,0,110741,8.20,13.58,100754,29,4.9645,uuf250-042.cnf,119
geometric,119,250,1065,UNSAT,110850,129444,4816805,15,0,110849,8.40,13.92,100757,30,5.0213,uuf250-043.cnf,119
geometric,119,250,1065,UNSAT,89599,105294,3926834,14,0,89598,8.12,13.76,79655,32,3.8670,uuf250-044.cnf,119
geometric,119,250,1065,UNSAT,73777,86623,3197303,14,0,73776,8.22,13.55,65403,27,3.0559,uuf250-045.cnf,119
geometric,119,250,1065,UNSAT,216712,252239,9300590,16,0,216711,8.71,14.51,201258,30,11.9385,uuf250-046.cnf,119
geometric,119,250,1065,UNSAT,84665,99513,3653699,14,0,84664,8.05,13.29,79652,36,3.5388,uuf250-047.cnf,119
geometric,119,250,1065,UNSAT,37925,44588,1668773,12,0,37924,7.61,12.71,34003,34,1.3479,uuf250-048.cnf,119
geometric,119,250,1065,UNSAT,64765,76073,2950344,13,0,64764,8.07,13.61,56654,26,2.5555,uuf250-049.cnf,119
geometric,119,250,1065,UNSAT,90725,106738,3839199,14,0,90724,8.15,13.68,84707,31,3.9368,uuf250-05.cnf,119
geometric,119,250,1065,UNSAT,128850,151012,5454044,15,0,128849,8.21,13.66,118161,27,6.0508,uuf250-050.cnf,119
geometric,119,250,1065,UNSAT,153026,179141,6642811,15,0,153025,8.39,14.00,143453,28,7.5360,uuf250-051.cnf,119
geometric,119,250,1065,UNSAT,94850,110605,4044443,14,0,94849,8.15,13.57,84704,28,4.1587,uuf250-052.cnf,119
geometric,119,250,1065,UNSAT,146807,171621,6240270,15,0,146806,8.44,14.03,136907,38,7.1490,uuf250-053.cnf,119
geometric,119,250,1065,UNSAT,108266,126310,4812186,15,0,108265,8.39,13.97,100762,28,4.9513,uuf250-054.cnf,119
geometric,119,250,1065,UNSAT,41219,48051,1738019,12,0,41218,7.39,12.18,37407,36,1.4574,uuf250-055.cnf,119
geometric,119,250,1065,UNSAT,74745,87532,3277412,14,0,74744,8.26,13.82,70002,29,3.0901,uuf250-056.cnf,119
geometric,119,250,1065,UNSAT,128306,150758,5478003,15,0,128305,8.40,14.03,118153,30,6.0004,uuf250-057.cnf,119
geometric,119,250,1065,UNSAT,185284,216904,7985623,16,0,185283,8.60,14.13,171158,30,9.7283,uuf250-058.cnf,119
geometric,119,250,1065,UNSAT,59888,69833,2570625,13,0,59887,7.57,12.48,52503,30,2.3267,uuf250-059.cnf,119
geometric,119,250,1065,UNSAT,110797,130161,4728315,15,0,110796,8.20,13.76,100752,27,5.0133,uuf250-06.cnf,119
geometric,119,250,1065,UNSAT,60500,70869,2619688,13,0,60499,7.84,12.98,52506,28,2.3557,uuf250-060.cnf,119
geometric,119,250,1065,UNSAT,169202,198403,7343367,16,0,169201,8.53,14.40,157006,36,8.8900,uuf250-061.cnf,119
geometric,119,250,1065,UNSAT,72280,85078,3078764,14,0,72279,8.01,13.35,65405,30,2.9606,uuf250-062.cnf,119
geometric,119,250,1065,UNSAT,137704,161231,5971804,15,0,137703,8.38,14.31,130510,29,6.7169,uuf250-063.cnf,119
geometric,119,250,1065,UNSAT,118575,137886,5175223,15,0,118574,8.42,14.07,112209,34,5.5596,uuf250-064.cnf,119
geometric,119,250,1065,UNSAT,59049,69024,2562670,13,0,59048,7.68,12.70,52505,29,2.3080,uuf250-065.cnf,119
geometric,119,250,1065,UNSAT,265187,308586,11347671,17,0,265186,8.69,14.81,250915,34,15.8957,uuf250-066.cnf,119
geometric,119,250,1065,UNSAT,108363,127182,4769084,15,0,108362,8.14,13.50,100760,34,4.8028,uuf250-067.cnf,119
geometric,119,250,1065,UNSAT,31670,36800,1388823,12,0,31669,7.53,12.25,27654,28,1.0659,uuf250-068.cnf,119
geometric,119,250,1065,UNSAT,106524,124512,4531980,15,0,106523,8.22,13.61,100757,30,4.8503,uuf250-069.cnf,119
geometric,119,250,1065,UNSAT,110912,128881,4748316,15,0,110911,8.54,13.98,100755,30,5.2411,uuf250-07.cnf,119
geometric,119,250,1065,UNSAT,165346,193179,7233472,16,0,165345,8.56,14.46,157010,28,8.4875,uuf250-070.cnf,119
geometric,119,250,1065,UNSAT,158436,186229,6820798,16,0,158435,8.83,14.64,150164,33,8.0649,uuf250-071.cnf,119
geometric,119,250,1065,UNSAT,114423,133542,4888341,15,0,114422,8.26,13.70,106408,33,5.3217,uuf250-072.cnf,119
geometric,119,250,1065,UNSAT,56398,66841,2502109,13,0,56397,8.22,13.60,48506,28,2.1683,uuf250-073.cnf,119
geometric,119,250,1065,UNSAT,74666,87461,3165916,14,0,74665,7.98,12.90,70007,27,3.0035,uuf250-074.cnf,119
geometric,119,250,1065,UNSAT,112950,132509,4902975,15,0,112949,8.57,14.27,106407,29,5.3066,uuf250-075.cnf,119
geometric,119,250,1065,UNSAT,97304,113105,4124176,14,0,97303,7.92,12.85,89907,35,4.1937,uuf250-076.cnf,119
geometric,119,250,1065,UNSAT,186715,218798,8168160,16,0,186714,8.63,14.37,178460,28,9.8990,uuf250-077.cnf,119
geometric,119,250,1065,UNSAT,113374,132927,4920449,15,0,113373,8.20,13.42,106409,32,5.1173,uuf250-078.cnf,119
geometric,119,250,1065,UNSAT,93955,109833,4044553,14,0,93954,8.06,13.66,84707,31,4.1016,uuf250-079.cnf,119
geometric,119,250,1065,UNSAT,100456,117701,4260405,14,0,100455,7.83,13.10,89909,27,4.3796,uuf250-08.cnf,119
geometric,119,250,1065,UNSAT,123282,144079,5245289,15,0,123281,8.03,13.49,112208,32,5.7070,uuf250-080.cnf,119
geometric,119,250,1065,UNSAT,124133,145230,5267492,15,0,124132,8.30,13.83,118153,30,5.8996,uuf250-081.cnf,119
geometric,119,250,1065,UNSAT,118613,138022,5105087,15,0,118612,8.44,14.08,112208,27,5.6272,uuf250-082.cnf,119
geometric,119,250,1065,UNSAT,59039,69073,2593160,13,0,59038,7.95,13.35,52506,26,2.2901,uuf250-083.cnf,119
geometric,119,250,1065,UNSAT,75723,88574,3337206,14,0,75722,8.20,13.66,70006,27,3.1229,uuf250-084.cnf,119
geometric,119,250,1065,UNSAT,95506,111472,4044377,14,0,95505,8.20,13.77,89906,27,4.2074,uuf250-085.cnf,119
geometric,119,250,1065,UNSAT,93754,109300,4003215,14,0,93753,8.28,13.49,84709,28,4.0856,uuf250-086.cnf,119
geometric,119,250,1065,UNSAT,272196,318003,11711608,17,0,272195,8.95,15.05,259705,30,16.2980,uuf250-087.cnf,119
geometric,119,250,1065,UNSAT,109130,127668,4697865,15,0,109129,8.22,13.75,100757,28,4.9024,uuf250-088.cnf,119
geometric,119,250,1065,UNSAT,109861,128129,4786299,15,0,109860,8.33,14.12,100757,30,5.0625,uuf250-089.cnf,119
geometric,119,250,1065,UNSAT,186178,217271,8188359,16,0,186177,8.59,14.21,178462,28,9.7750,uuf250-09.cnf,119
geometric,119,250,1065,UNSAT,29087,33822,1253481,11,0,29086,7.59,12.70,24704,32,0.9882,uuf250-090.cnf,119
geometric,119,250,1065,UNSAT,111622,131009,4932710,15,0,111621,8.17,13.94,100758,31,5.0290,uuf250-091.cnf,119
geometric,119,250,1065,UNSAT,153972,180483,6577299,15,0,153971,8.43,14.16,143458,29,7.7545,uuf250-092.cnf,119
geometric,119,250,1065,UNSAT,116077,136849,5030042,15,0,116076,8.14,13.65,106409,28,5.2075,uuf250-093.cnf,119
geometric,119,250,1065,UNSAT,96136,111795,4100081,14,0,96135,8.06,13.31,89905,28,4.2218,uuf250-094.cnf,119
geometric,119,250,1065,UNSAT,59872,69884,2525023,13,0,59871,7.71,12.62,52501,37,2.3251,uuf250-095.cnf,119
geometric,119,250,1065,UNSAT,113758,132490,4927722,15,0,113757,8.31,13.84,106405,28,5.3105,uuf250-096.cnf,119
geometric,119,250,1065,UNSAT,67810,79378,2934621,13,0,67809,8.02,13.44,60951,38,2.7287,uuf250-097.cnf,119
geometric,119,250,1065,UNSAT,38268,44958,1690280,12,0,38267,7.71,12.76,34005,33,1.3581,uuf250-098.cnf,119
geometric,119,250,1065,UNSAT,70612,82246,3047452,14,0,70611,8.00,13.07,65404,33,2.8670,uuf250-099.cnf,119
geometric,173,250,1065,UNSAT,99662,116902,4406505,13,0,99661,8.36,13.84,89902,26,4.3713,uuf250-01.cnf,173
geometric,173,250,1065,UNSAT,95074,111592,4160016,13,0,95073,8.19,13.58,84708,30,4.0812,uuf250-010.cnf,173
geometric,173,250,1065,UNSAT,138808,163088,5874988,14,0,138807,8.43,13.93,130504,29,6.6887,uuf250-0100.cnf,173
geometric,173,250,1065,UNSAT,149322,174796,6431272,14,0,149321,8.43,13.97,136908,29,7.3957,uuf250-011.cnf,173
geometric,173,250,1065,UNSAT,89618,105010,3915740,13,0,89617,8.20,13.47,79657,29,3.8013,uuf250-012.cnf,173
geometric,173,250,1065,UNSAT,127547,148674,5362278,14,0,127546,8.46,13.99,118152,29,6.1588,uuf250-013.cnf,173
geometric,173,250,1065,UNSAT,131833,154219,5713470,14,0,131832,8.39,14.06,124263,31,6.3164,uuf250-014.cnf,173
geometric,173,250,1065,UNSAT,127342,148512,5467905,14,0,127341,8.52,14.15,118156,38,6.0170,uuf250-015.cnf,173
geometric,173,250,1065,UNSAT,69865,82265,2960517,13,0,69864,7.90,13.08,60952,29,2.8142,uuf250-016.cnf,173
geometric,173,250,1065,UNSAT,97191,114068,4125512,13,0,97190,8.17,13.61,89906,29,4.2741,uuf250-017.cnf,173
geometric,173,250,1065,UNSAT,125875,146701,5471299,14,0,125874,8.42,13.68,118162,28,5.7407,uuf250-018.cnf,173
geometric,173,250,1065,UNSAT,118219,136994,5120932,14,0,118218,8.38,13.95,112208,29,5.6540,uuf250-019.cnf,173
geometric,173,250,1065,UNSAT,116856,136510,4963859,14,0,116855,8.36,13.75,106404,32,5.3628,uuf250-02.cnf,173
geometric,173,250,1065,UNSAT,129899,152382,5552215,14,0,129898,8.26,13.60,118156,30,6.0146,uuf250-020.cnf,173
geometric,173,250,1065,UNSAT,136327,159808,5972774,14,0,136326,8.29,13.94,124256,31,6.5802,uuf250-021.cnf,173
geometric,173,250,1065,UNSAT,136606,159440,6000775,14,0,136605,8.52,14.03,124258,32,6.5919,uuf250-022.cnf,173
geometric,173,250,1065,UNSAT,64569,75120,2749110,12,0,64568,8.08,13.54,56656,34,2.6412,uuf250-023.cnf,173
geometric,173,250,1065,UNSAT,63345,74263,2747476,12,0,63344,7.69,13.03,56657,40,2.4335,uuf250-024.cnf,173
geometric,173,250,1065,UNSAT,87741,103223,3851856,13,0,87740,8.15,13.47,79656,28,3.7155,uuf250-025.cnf,173
geometric,173,250,1065,UNSAT,61421,72034,2672516,12,0,61420,8.17,13.56,56655,26,2.4397,uuf250-026.cnf,173
geometric,173,250,1065,UNSAT,119610,139270,5217217,14,0,119609,8.44,14.28,112207,30,5.6775,uuf250-027.cnf,173
geometric,173,250,1065,UNSAT,117728,137621,5039955,14,0,117727,8.38,13.90,106410,29,5.5377,uuf250-028.cnf,173
geometric,173,250,1065,UNSAT,60436,70476,2631508,12,0,60435,7.76,13.23,52504,27,2.3992,uuf250-029.cnf,173
geometric,173,250,1065,UNSAT,114162,132804,4951983,14,0,114161,8.29,13.90,106409,31,5.3791,uuf250-03.cnf,173
geometric,173,250,1065,UNSAT,68899,81305,2845840,13,0,68898,8.08,13.21,60954,29,2.7832,uuf250-030.cnf,173
geometric,173,250,1065,UNSAT,138886,162462,6196566,14,0,138885,8.30,13.84,130508,37,6.5106,uuf250-031.cnf,173
geometric,173,250,1065,UNSAT,101533,118384,4302547,14,0,101532,8.01,13.25,95254,29,4.4528,uuf250-032.cnf,173
geometric,173,250,1065,UNSAT,170034,198822,7221486,15,0,170033,8.56,14.20,157008,32,9.0606,uuf250-033.cnf,173
geometric,173,250,1065,UNSAT,154869,180820,6724191,15,0,154868,8.50,14.19,143460,27,7.7842,uuf250-034.cnf,173
geometric,173,250,1065,UNSAT,168885,196837,7158400,15,0,168884,8.59,14.20,157007,30,8.8180,uuf250-035.cnf,173
geometric,173,250,1065,UNSAT,62935,73609,2680962,12,0,62934,7.99,13.30,56656,28,2.4933,uuf250-036.cnf,173
geometric,173,250,1065,UNSAT,58834,68723,2500565,12,0,58833,7.79,12.66,52508,33,2.2783,uuf250-037.cnf,173
geometric,173,250,1065,UNSAT,42251,49627,1828842,11,0,42250,7.87,12.95,37402,26,1.5209,uuf250-038.cnf,173
geometric,173,250,1065,UNSAT,78184,91149,3361070,13,0,78183,8.07,13.33,70006,28,3.2529,uuf250-039.cnf,173
geometric,173,250,1065,UNSAT,116205,136468,4926003,14,0,116204,8.00,13.33,106403,28,5.2295,uuf250-04.cnf,173
geometric,173,250,1065,UNSAT,37764,43790,1614730,11,0,37763,7.53,12.34,34000,29,1.3163,uuf250-040.cnf,173
geometric,173,250,1065,UNSAT,75913,89709,3361707,13,0,75912,8.30,13.96,70008,30,3.0981,uuf250-041.cnf,173
geometric,173,250,1065,UNSAT,118180,137787,5115656,14,0,118179,8.41,13.77,112204,26,5.4737,uuf250-042.cnf,173
geometric,173,250,1065,UNSAT,138362,161737,5951250,14,0,138361,8.36,13.84,130506,30,6.6909,uuf250-043.cnf,173
geometric,173,250,1065,UNSAT,100800,117374,4376881,14,0,100799,8.33,13.68,95257,30,4.4620,uuf250-044.cnf,173
geometric,173,250,1065,UNSAT,67390,78975,2938620,13,0,67389,8.10,13.30,60953,27,2.7494,uuf250-045.cnf,173
geometric,173,250,1065,UNSAT,202005,237399,8700788,15,0,202004,8.65,14.66,193513,29,10.9575,uuf250-046.cnf,173
geometric,173,250,1065,UNSAT,80305,94078,3462480,13,0,80304,8.21,13.28,74756,36,3.3215,uuf250-047.cnf,173
geometric,173,250,1065,UNSAT,41408,48388,1826507,11,0,41407,7.81,12.87,37402,34,1.4985,uuf250-048.cnf,173
geometric,173,250,1065,UNSAT,74563,87507,3383803,13,0,74562,8.16,13.87,65403,27,3.0921,uuf250-049.cnf,173
geometric,173,250,1065,UNSAT,93033,109285,3955971,13,0,93032,8.17,13.45,84702,31,3.9826,uuf250-05.cnf,173
geometric,173,250,1065,UNSAT,127706,149523,5356406,14,0,127705,8.37,13.79,118156,28,5.9763,uuf250-050.cnf,173
geometric,173,250,1065,UNSAT,138171,161170,6045264,14,0,138170,8.01,13.70,130507,29,6.5930,uuf250-051.cnf,173
geometric,173,250,1065,UNSAT,99096,115633,4196017,13,0,99095,8.41,13.83,89905,30,4.4519,uuf250-052.cnf,173
geometric,173,250,1065,UNSAT,141682,166243,6042129,14,0,141681,8.52,14.25,130509,38,6.8334,uuf250-053.cnf,173
geometric,173,250,1065,UNSAT,102587,119602,4574384,14,0,102586,8.36,13.75,95253,29,4.5496,uuf250-054.cnf,173
geometric,173,250,1065,UNSAT,34941,40911,1479209,11,0,34940,7.27,12.19,30753,36,1.1933,uuf250-055.cnf,173
geometric,173,250,1065,UNSAT,72804,85530,3165667,13,0,72803,8.19,13.53,65403,29,2.9410,uuf250-056.cnf,173
geometric,173,250,1065,UNSAT,110930,130288,4733084,14,0,110929,8.16,13.64,100760,30,4.9806,uuf250-057.cnf,173
geometric,173,250,1065,UNSAT,154156,179708,6714248,15,0,154155,8.37,13.70,143456,30,7.5551,uuf250-058.cnf,173
geometric,173,250,1065,UNSAT,52999,61772,2265036,12,0,52998,7.88,12.77,48505,28,2.0400,uuf250-059.cnf,173
geometric,173,250,1065,UNSAT,91064,107571,3916704,13,0,91063,8.33,14.04,84710,30,3.9886,uuf250-06.cnf,173
geometric,173,250,1065,UNSAT,75813,88467,3242070,13,0,75812,8.11,13.42,70004,25,3.1633,uuf250-060.cnf,173
geometric,173,250,1065,UNSAT,177193,206781,7725520,15,0,177192,8.83,14.45,164011,36,9.3557,uuf250-061.cnf,173
geometric,173,250,1065,UNSAT,73992,86815,3162025,13,0,73991,8.16,13.43,65401,29,3.0148,uuf250-062.cnf,173
geometric,173,250,1065,UNSAT,147508,172506,6388470,14,0,147507,8.30,13.91,136911,29,7.2890,uuf250-063.cnf,173
geometric,173,250,1065,UNSAT,129356,150818,5588168,14,0,129355,8.24,14.03,118156,34,6.1491,uuf250-064.cnf,173
geometric,173,250,1065,UNSAT,65236,75755,2814315,12,0,65235,8.02,13.15,56654,29,2.6591,uuf250-065.cnf,173
geometric,173,250,1065,UNSAT,202022,235095,8822726,15,0,202021,8.54,14.36,193507,32,10.8928,uuf250-066.cnf,173
geometric,173,250,1065,UNSAT,96880,113785,4261679,13,0,96879,8.24,13.92,89909,34,4.2603,uuf250-067.cnf,173
geometric,173,250,1065,UNSAT,34506,40096,1501926,11,0,34505,7.69,12.49,30752,31,1.2229,uuf250-068.cnf,173
geometric,173,250,1065,UNSAT,115501,135038,4907006,14,0,115500,8.34,13.74,106405,27,5.3494,uuf250-069.cnf,173
geometric,173,250,1065,UNSAT,126500,146869,5380130,14,0,126499,8.31,13.62,118161,30,6.0538,uuf250-07.cnf,173
geometric,173,250,1065,UNSAT,154256,180356,6763279,15,0,154255,8.45,14.27,143456,31,7.8099,uuf250-070.cnf,173
geometric,173,250,1065,UNSAT,170795,200480,7285308,15,0,170794,8.62,14.27,157008,33,8.8782,uuf250-071.cnf,173
geometric,173,250,1065,UNSAT,103112,120409,4410254,14,0,103111,8.11,13.56,95263,33,4.6167,uuf250-072.cnf,173
geometric,173,250,1065,UNSAT,55148,65382,2433486,12,0,55147,8.09,13.48,48503,31,2.0931,uuf250-073.cnf,173
geometric,173,250,1065,UNSAT,79554,93687,3379835,13,0,79553,7.94,12.94,74758,25,3.2457,uuf250-074.cnf,173
geometric,173,250,1065,UNSAT,117119,137837,5075294,14,0,117118,8.42,14.27,106411,32,5.3853,uuf250-075.cnf,173
geometric,173,250,1065,UNSAT,85802,100136,3637604,13,0,85801,7.68,12.90,79654,35,3.5689,uuf250-076.cnf,173
geometric,173,250,1065,UNSAT,211094,246524,9165306,15,0,211093,8.80,14.91,201252,30,11.8748,uuf250-077.cnf,173
geometric,173,250,1065,UNSAT,120606,140469,5231904,14,0,120605,8.51,13.93,112208,32,5.6188,uuf250-078.cnf,173
geometric,173,250,1065,UNSAT,107462,125474,4628761,14,0,107461,8.44,14.07,100752,31,5.0495,uuf250-079.cnf,173
geometric,173,250,1065,UNSAT,98220,114521,4240435,13,0,98219,8.14,13.44,89905,27,4.3541,uuf250-08.cnf,173
geometric,173,250,1065,UNSAT,114019,133081,4896088,14,0,114018,8.08,13.72,106405,32,5.2767,uuf250-080.cnf,173
geometric,173,250,1065,UNSAT,136665,159315,5798535,14,0,136664,8.30,13.86,124257,31,6.6640,uuf250-081.cnf,173
geometric,173,250,1065,UNSAT,116777,136160,5055057,14,0,116776,8.11,13.73,106404,28,5.3636,uuf250-082.cnf,173
geometric,173,250,1065,UNSAT,50700,59384,2232764,12,0,50699,7.92,13.80,44653,26,1.9053,uuf250-083.cnf,173
geometric,173,250,1065,UNSAT,69106,80943,3078517,13,0,69105,8.24,13.57,60954,30,2.8115,uuf250-084.cnf,173
geometric,173,250,1065,UNSAT,88846,103692,3787307,13,0,88845,8.00,13.25,79656,27,3.7545,uuf250-085.cnf,173
geometric,173,250,1065,UNSAT,90096,105473,3853689,13,0,90095,7.88,13.10,84707,34,3.8993,uuf250-086.cnf,173
geometric,173,250,1065,UNSAT,226278,264780,9857143,15,0,226277,8.57,14.30,217210,31,12.3647,uuf250-087.cnf,173
geometric,173,250,1065,UNSAT,110833,130095,4732662,14,0,110832,8.33,13.93,100759,26,5.0423,uuf250-088.cnf,173
geometric,173,250,1065,UNSAT,103260,120280,4509218,14,0,103259,8.32,13.84,95253,36,4.6403,uuf250-089.cnf,173
geometric,173,250,1065,UNSAT,197084,229865,8668226,15,0,197083,8.69,14.52,185908,28,10.6276,uuf250-09.cnf,173
geometric,173,250,1065,UNSAT,26958,31393,1162007,10,0,26957,7.24,12.23,21901,32,0.8916,uuf250-090.cnf,173
geometric,173,250,1065,UNSAT,95272,112243,4229723,13,0,95271,8.16,13.94,89908,30,4.1229,uuf250-091.cnf,173
geometric,173,250,1065,UNSAT,128292,150740,5498856,14,0,128291,8.42,14.06,118157,30,6.1542,uuf250-092.cnf,173
geometric,173,250,1065,UNSAT,101055,118850,4360915,14,0,101054,8.13,13.72,95254,26,4.4808,uuf250-093.cnf,173
geometric,173,250,1065,UNSAT,81532,95780,3451215,13,0,81531,8.00,13.18,74752,27,3.4025,uuf250-094.cnf,173
geometric,173,250,1065,UNSAT,58693,68635,2481584,12,0,58692,7.88,12.84,52504,37,2.2764,uuf250-095.cnf,173
geometric,173,250,1065,UNSAT,97441,113644,4245883,13,0,97440,8.16,13.72,89906,28,4.3467,uuf250-096.cnf,173
geometric,173,250,1065,UNSAT,67948,79223,2961243,13,0,67947,8.12,13.49,60955,38,2.7775,uuf250-097.cnf,173
geometric,173,250,1065,UNSAT,45535,53243,1983177,12,0,45534,7.66,12.73,40956,33,1.6791,uuf250-098.cnf,173
geometric,173,250,1065,UNSAT,64728,75545,2781134,12,0,64727,7.92,13.02,56655,33,2.5932,uuf250-099.cnf,173
geometric,228,250,1065,UNSAT,100216,117419,4444742,13,0,100215,8.18,13.64,89904,29,4.3483,uuf250-01.cnf,228
geometric,228,250,1065,UNSAT,84500,99102,3690415,12,0,84499,7.92,13.46,74753,28,3.5090,uuf250-010.cnf,228
geometric,228,250,1065,UNSAT,143872,168325,6099157,14,0,143871,8.41,13.62,136910,28,6.9409,uuf250-0100.cnf,228
geometric,228,250,1065,UNSAT,119488,140119,5144725,13,0,119487,8.09,13.45,112205,29,5.4194,uuf250-011.cnf,228
geometric,228,250,1065,UNSAT,96256,112833,4181556,13,0,96255,8.13,13.11,89908,28,4.1145,uuf250-012.cnf,228
geometric,228,250,1065,UNSAT,116810,136308,4919348,13,0,116809,8.32,13.65,106406,29,5.3615,uuf250-013.cnf,228
geometric,228,250,1065,UNSAT,136975,160147,5945852,14,0,136974,8.07,13.70,130511,31,6.5209,uuf250-014.cnf,228
geometric,228,250,1065,UNSAT,112652,131070,4837120,13,0,112651,8.21,13.63,106407,38,5.0833,uuf250-015.cnf,228
geometric,228,250,1065,UNSAT,69377,80993,2921406,12,0,69376,8.12,13.43,60957,29,2.8520,uuf250-016.cnf,228
geometric,228,250,1065,UNSAT,138717,162016,5815452,14,0,138716,8.22,13.68,130506,27,6.7308,uuf250-017.cnf,228
geometric,228,250,1065,UNSAT,107215,125365,4655004,13,0,107214,8.29,13.43,100756,28,4.6970,uuf250-018.cnf,228
geometric,228,250,1065,UNSAT,94057,108890,4115917,13,0,94056,8.12,13.66,84705,27,4.1526,uuf250-019.cnf,228
geometric,228,250,1065,UNSAT,116803,136971,4930874,13,0,116802,8.31,13.92,106405,27,5.4363,uuf250-02.cnf,228
geometric,228,250,1065,UNSAT,130722,153380,5583623,13,0,130721,8.50,14.00,124259,28,6.1507,uuf250-020.cnf,228
geometric,228,250,1065,UNSAT,157677,184811,6872640,14,0,157676,8.24,13.73,150162,31,7.9128,uuf250-021.cnf,228
geometric,228,250,1065,UNSAT,144175,168330,6262173,14,0,144174,8.43,14.11,136904,32,7.0843,uuf250-022.cnf,228
geometric,228,250,1065,UNSAT,67627,78778,2895546,12,0,67626,8.00,13.33,60950,34,2.7289,uuf250-023.cnf,228
geometric,228,250,1065,UNSAT,72791,85548,3117634,12,0,72790,7.89,13.25,65405,40,2.8968,uuf250-024.cnf,228
geometric,228,250,1065,UNSAT,103979,122169,4533351,13,0,103978,8.33,13.85,95259,29,4.6612,uuf250-025.cnf,228
geometric,228,250,1065,UNSAT,63491,74649,2735104,12,0,63490,8.32,13.72,56657,28,2.5437,uuf250-026.cnf,228
geometric,228,250,1065,UNSAT,113178,132016,4911915,13,0,113177,8.30,14.13,106404,29,5.2764,uuf250-027.cnf,228
geometric,228,250,1065,UNSAT,119678,140094,5161220,13,0,119677,8.58,14.25,112205,29,5.7201,uuf250-028.cnf,228
geometric,228,250,1065,UNSAT,65884,76778,2869982,12,0,65883,7.84,13.52,60954,29,2.6597,uuf250-029.cnf,228
geometric,228,250,1065,UNSAT,87182,101675,3851874,12,0,87181,7.94,13.56,79659,31,3.7579,uuf250-03.cnf,228
geometric,228,250,1065,UNSAT,63066,74046,2635923,12,0,63065,7.86,12.96,56657,33,2.4413,uuf250-030.cnf,228
geometric,228,250,1065,UNSAT,161599,189833,7117483,14,0,161598,8.54,14.48,150161,37,8.0884,uuf250-031.cnf,228
geometric,228,250,1065,UNSAT,86482,100833,3711707,12,0,86481,8.05,13.40,79653,29,3.6581,uuf250-032.cnf,228
geometric,228,250,1065,UNSAT,153850,180330,6618573,14,0,153849,8.27,13.76,143455,27,7.7751,uuf250-033.cnf,228
geometric,228,250,1065,UNSAT,130397,153046,5687483,13,0,130396,8.34,14.26,124258,28,6.2445,uuf250-034.cnf,228
geometric,228,250,1065,UNSAT,141868,165947,6040590,14,0,141867,8.44,13.92,130504,30,6.8730,uuf250-035.cnf,228
geometric,228,250,1065,UNSAT,64473,75790,2747205,12,0,64472,7.79,13.04,56655,27,2.5724,uuf250-036.cnf,228
geometric,228,250,1065,UNSAT,63674,74333,2686982,12,0,63673,7.93,12.88,56658,33,2.4894,uuf250-037.cnf,228
geometric,228,250,1065,UNSAT,41043,47871,1769381,11,0,41042,7.70,12.73,37401,32,1.4593,uuf250-038.cnf,228
geometric,228,250,1065,UNSAT,82954,96954,3538914,12,0,82953,8.03,13.34,74755,29,3.5314,uuf250-039.cnf,228
geometric,228,250,1065,UNSAT,108792,127574,4579684,13,0,108791,8.27,13.68,100758,31,4.9248,uuf250-04.cnf,228
geometric,228,250,1065,UNSAT,39482,45880,1667639,11,0,39481,7.96,12.94,34003,29,1.4166,uuf250-040.cnf,228
geometric,228,250,1065,UNSAT,88140,103957,3908038,12,0,88139,8.36,14.00,79654,30,3.7304,uuf250-041.cnf,228
geometric,228,250,1065,UNSAT,121943,141156,5262973,13,0,121942,8.22,13.72,112207,29,5.6710,uuf250-042.cnf,228
geometric,228,250,1065,UNSAT,140630,163896,6027844,14,0,140629,8.24,13.53,130509,30,6.6521,uuf250-043.cnf,228
geometric,228,250,1065,UNSAT,87410,102313,3803531,12,0,87409,8.34,14.05,79653,30,3.7913,uuf250-044.cnf,228
geometric,228,250,1065,UNSAT,74380,87247,3230600,12,0,74379,8.42,13.46,65403,28,3.0859,uuf250-045.cnf,228
geometric,228,250,1065,UNSAT,198948,233448,8577746,14,0,198947,8.72,14.43,185906,31,10.7717,uuf250-046.cnf,228
geometric,228,250,1065,UNSAT,103802,121560,4478298,13,0,103801,8.18,13.47,95258,36,4.6666,uuf250-047.cnf,228
geometric,228,250,1065,UNSAT,38815,45114,1710142,10,0,38814,7.68,12.64,34006,34,1.3670,uuf250-048.cnf,228
geometric,228,250,1065,UNSAT,70159,82273,3195262,12,0,70158,8.23,13.85,65408,29,2.8284,uuf250-049.cnf,228
geometric,228,250,1065,UNSAT,90508,106805,3841432,13,0,90507,8.08,13.80,84707,31,3.9039,uuf250-05.cnf,228
geometric,228,250,1065,UNSAT,108061,126525,4578203,13,0,108060,8.20,13.62,100760,30,4.8353,uuf250-050.cnf,228
geometric,228,250,1065,UNSAT,145314,169769,6356826,14,0,145313,8.23,13.85,136903,26,7.0848,uuf250-051.cnf,228
geometric,228,250,1065,UNSAT,101907,119058,4328166,13,0,101906,8.44,14.00,95255,27,4.5976,uuf250-052.cnf,228
geometric,228,250,1065,UNSAT,146234,171147,6188612,14,0,146233,8.39,14.05,136913,38,7.0983,uuf250-053.cnf,228
geometric,228,250,1065,UNSAT,101581,118535,4536571,13,0,101580,8.37,13.88,95257,27,4.4526,uuf250-054.cnf,228
geometric,228,250,1065,UNSAT,46351,53723,1959336,11,0,46350,7.69,12.60,40956,36,1.7114,uuf250-055.cnf,228
geometric,228,250,1065,UNSAT,75656,88830,3264118,12,0,75655,8.07,13.38,70003,29,3.0970,uuf250-056.cnf,228
geometric,228,250,1065,UNSAT,103016,120910,4422458,13,0,103015,8.08,13.81,95255,34,4.5513,uuf250-057.cnf,228
geometric,228,250,1065,UNSAT,141826,165355,6183242,14,0,141825,8.43,13.81,130512,30,6.8467,uuf250-058.cnf,228
geometric,228,250,1065,UNSAT,54597,63348,2337563,11,0,54596,7.90,12.78,48506,26,2.0572,uuf250-059.cnf,228
geometric,228,250,1065,UNSAT,89329,104870,3870379,13,0,89328,8.43,14.09,79653,29,3.8987,uuf250-06.cnf,228
geometric,228,250,1065,UNSAT,64248,75143,2784860,12,0,64247,7.86,13.12,56654,24,2.5637,uuf250-060.cnf,228
geometric,228,250,1065,UNSAT,161070,188501,7016129,14,0,161069,8.47,14.24,150153,36,8.1124,uuf250-061.cnf,228
geometric,228,250,1065,UNSAT,70143,82478,3005508,12,0,70142,8.09,13.25,65405,29,2.8775,uuf250-062.cnf,228
geometric,228,250,1065,UNSAT,126180,147898,5499903,13,0,126179,8.08,13.78,118154,28,5.8961,uuf250-063.cnf,228
geometric,228,250,1065,UNSAT,125456,145762,5474832,13,0,125455,8.34,13.90,118156,34,5.9967,uuf250-064.cnf,228
geometric,228,250,1065,UNSAT,68617,79995,2936613,12,0,68616,7.97,13.17,60956,30,2.7966,uuf250-065.cnf,228
geometric,228,250,1065,UNSAT,203610,238405,8870733,15,0,203609,8.49,14.38,193506,31,11.0608,uuf250-066.cnf,228
geometric,228,250,1065,UNSAT,103294,120843,4563154,13,0,103293,8.59,14.06,95257,34,4.6516,uuf250-067.cnf,228
geometric,228,250,1065,UNSAT,32998,38302,1428697,10,0,32997,7.56,12.30,27653,28,1.1329,uuf250-068.cnf,228
geometric,228,250,1065,UNSAT,110667,129581,4715911,13,0,110666,8.17,13.58,100757,26,5.0450,uuf250-069.cnf,228
geometric,228,250,1065,UNSAT,92876,108588,4002496,13,0,92875,8.08,13.50,84705,30,4.0499,uuf250-07.cnf,228
geometric,228,250,1065,UNSAT,162991,190710,7151419,14,0,162990,8.59,14.56,150158,28,8.4429,uuf250-070.cnf,228
geometric,228,250,1065,UNSAT,173023,202873,7359219,14,0,173022,8.21,13.93,164007,33,8.7610,uuf250-071.cnf,228
geometric,228,250,1065,UNSAT,114571,133914,4910082,13,0,114570,8.13,13.85,106406,33,5.3370,uuf250-072.cnf,228
geometric,228,250,1065,UNSAT,65629,76720,2901991,12,0,65628,8.09,13.39,60956,28,2.6203,uuf250-073.cnf,228
geometric,228,250,1065,UNSAT,83799,98056,3531935,12,0,83798,8.20,13.16,74756,25,3.4670,uuf250-074.cnf,228
geometric,228,250,1065,UNSAT,109690,129195,4762653,13,0,109689,8.56,14.31,100756,29,5.0329,uuf250-075.cnf,228
geometric,228,250,1065,UNSAT,76477,89211,3252815,12,0,76476,7.95,13.03,70007,35,3.1474,uuf250-076.cnf,228
geometric,228,250,1065,UNSAT,214512,251449,9328658,15,0,214511,8.69,14.54,201265,28,12.0593,uuf250-077.cnf,228
geometric,228,250,1065,UNSAT,114162,133621,4954258,13,0,114161,8.32,13.87,106403,32,5.2234,uuf250-078.cnf,228
geometric,228,250,1065,UNSAT,105384,123167,4556101,13,0,105383,8.37,13.88,95256,31,4.8256,uuf250-079.cnf,228
geometric,228,250,1065,UNSAT,107124,125299,4567858,13,0,107123,8.05,13.52,100753,27,4.8521,uuf250-08.cnf,228
geometric,228,250,1065,UNSAT,139353,162454,5914805,14,0,139352,8.25,13.68,130509,32,6.8159,uuf250-080.cnf,228
geometric,228,250,1065,UNSAT,120647,141214,5133307,13,0,120646,8.33,13.67,112205,29,5.5502,uuf250-081.cnf,228
geometric,228,250,1065,UNSAT,110397,128697,4760064,13,0,110396,8.29,14.18,100760,27,5.0936,uuf250-082.cnf,228
geometric,228,250,1065,UNSAT,48059,56416,2119960,11,0,48058,7.94,13.46,40953,27,1.7966,uuf250-083.cnf,228
geometric,228,250,1065,UNSAT,64825,75724,2867869,12,0,64824,8.09,13.54,56655,27,2.5807,uuf250-084.cnf,228
geometric,228,250,1065,UNSAT,102897,119645,4344405,13,0,102896,7.99,13.26,95255,28,4.5242,uuf250-085.cnf,228
geometric,228,250,1065,UNSAT,87291,102014,3719110,12,0,87290,8.00,13.23,79658,28,3.7223,uuf250-086.cnf,228
geometric,228,250,1065,UNSAT,284528,332045,12263544,15,0,284527,8.80,14.64,268666,29,16.8367,uuf250-087.cnf,228
geometric,228,250,1065,UNSAT,105977,124358,4532634,13,0,105976,8.27,13.83,95257,27,4.8099,uuf250-088.cnf,228
geometric,228,250,1065,UNSAT,103859,121357,4558393,13,0,103858,8.41,14.08,95261,29,4.7352,uuf250-089.cnf,228
geometric,228,250,1065,UNSAT,196135,228427,8648830,14,0,196134,8.67,14.42,185907,31,10.5225,uuf250-09.cnf,228
geometric,228,250,1065,UNSAT,32210,37595,1391826,10,0,32209,7.39,12.47,27650,32,1.1340,uuf250-090.cnf,228
geometric,228,250,1065,UNSAT,86029,101484,3809473,12,0,86028,8.15,13.89,79654,31,3.6514,uuf250-091.cnf,228
geometric,228,250,1065,UNSAT,160138,188055,6781205,14,0,160137,8.58,14.35,150156,30,8.1705,uuf250-092.cnf,228
geometric,228,250,1065,UNSAT,105521,123222,4551840,13,0,105520,8.13,13.53,95257,32,4.6770,uuf250-093.cnf,228
geometric,228,250,1065,UNSAT,78368,92131,3323756,12,0,78367,7.96,13.12,70002,29,3.2325,uuf250-094.cnf,228
geometric,228,250,1065,UNSAT,68977,80462,2900028,12,0,68976,7.92,12.88,60955,37,2.7655,uuf250-095.cnf,228
geometric,228,250,1065,UNSAT,122836,142572,5282211,13,0,122835,8.19,13.71,112205,34,5.7892,uuf250-096.cnf,228
geometric,228,250,1065,UNSAT,64622,75294,2824380,12,0,64621,7.84,13.19,56655,38,2.5558,uuf250-097.cnf,228
geometric,228,250,1065,UNSAT,38805,45549,1701567,10,0,38804,7.69,12.63,34004,33,1.3609,uuf250-098.cnf,228
geometric,228,250,1065,UNSAT,68270,80064,2924692,12,0,68269,7.78,12.78,60954,33,2.6771,uuf250-099.cnf,228
geometric,282,250,1065,UNSAT,86178,101522,3826662,12,0,86177,8.37,14.01,79657,32,3.5893,uuf250-01.cnf,282
geometric,282,250,1065,UNSAT,106005,123973,4575979,12,0,106004,8.26,13.70,95258,28,4.6755,uuf250-010.cnf,282
geometric,282,250,1065,UNSAT,120234,140707,5099349,13,0,120233,8.44,13.82,112208,28,5.5333,uuf250-0100.cnf,282
geometric,282,250,1065,UNSAT,154469,180671,6578380,13,0,154468,8.33,13.70,143457,29,7.7121,uuf250-011.cnf,282
geometric,282,250,1065,UNSAT,111208,129811,4793592,13,0,111207,8.12,13.20,100763,26,4.9433,uuf250-012.cnf,282
geometric,282,250,1065,UNSAT,95702,112095,4056017,12,0,95701,8.00,13.36,89906,28,4.1846,uuf250-013.cnf,282
geometric,282,250,1065,UNSAT,141619,165372,6118373,13,0,141618,8.27,14.12,130508,41,6.8882,uuf250-014.cnf,282
geometric,282,250,1065,UNSAT,107310,124997,4641906,12,0,107309,8.25,13.86,100759,38,4.8037,uuf250-015.cnf,282
geometric,282,250,1065,UNSAT,70961,82643,3016282,11,0,70960,7.94,13.06,65407,29,2.8868,uuf250-016.cnf,282
geometric,282,250,1065,UNSAT,110088,128689,4651989,13,0,110087,8.23,13.77,100753,28,5.0414,uuf250-017.cnf,282
geometric,282,250,1065,UNSAT,108364,126756,4733446,12,0,108363,8.10,13.32,100757,28,4.7140,uuf250-018.cnf,282
geometric,282,250,1065,UNSAT,88253,102701,3858210,12,0,88252,8.10,13.88,79660,26,3.8289,uuf250-019.cnf,282
geometric,282,250,1065,UNSAT,106384,124278,4555675,12,0,106383,8.20,13.67,100757,34,4.7494,uuf250-02.cnf,282
geometric,282,250,1065,UNSAT,108963,128006,4698114,12,0,108962,8.26,13.93,100758,28,4.8623,uuf250-020.cnf,282
geometric,282,250,1065,UNSAT,162291,190438,7052575,13,0,162290,8.43,14.01,150159,31,8.1066,uuf250-021.cnf,282
geometric,282,250,1065,UNSAT,151869,176912,6598935,13,0,151868,8.70,14.21,143455,32,7.6537,uuf250-022.cnf,282
geometric,282,250,1065,UNSAT,66700,77306,2851848,11,0,66699,8.32,13.63,60955,34,2.7299,uuf250-023.cnf,282
geometric,282,250,1065,UNSAT,72732,85044,3164635,12,0,72731,7.73,12.94,65401,40,2.8326,uuf250-024.cnf,282
geometric,282,250,1065,UNSAT,125904,146836,5452500,13,0,125903,8.13,13.73,118160,28,5.8589,uuf250-025.cnf,282
geometric,282,250,1065,UNSAT,54738,64381,2382375,11,0,54737,7.98,13.41,48502,28,2.1204,uuf250-026.cnf,282
geometric,282,250,1065,UNSAT,134548,156962,5840956,13,0,134547,8.17,13.73,124261,27,6.4202,uuf250-027.cnf,282
geometric,282,250,1065,UNSAT,99430,116117,4323940,12,0,99429,8.23,13.66,89908,29,4.4043,uuf250-028.cnf,282
geometric,282,250,1065,UNSAT,63430,73866,2756259,11,0,63429,7.93,13.21,56653,27,2.5291,uuf250-029.cnf,282
geometric,282,250,1065,UNSAT,116946,135547,5049872,13,0,116945,8.25,13.98,106407,31,5.4393,uuf250-03.cnf,282
geometric,282,250,1065,UNSAT,71476,83927,2976813,11,0,71475,8.21,13.35,65404,29,2.8850,uuf250-030.cnf,282
geometric,282,250,1065,UNSAT,137338,161050,6139325,13,0,137337,8.77,14.36,130509,37,6.5884,uuf250-031.cnf,282
geometric,282,250,1065,UNSAT,94726,110275,4071693,12,0,94725,8.11,13.25,84710,29,4.0682,uuf250-032.cnf,282
geometric,282,250,1065,UNSAT,157714,185008,6742376,13,0,157713,8.25,13.81,150161,28,7.9893,uuf250-033.cnf,282
geometric,282,250,1065,UNSAT,143179,168036,6197665,13,0,143178,8.49,14.38,130507,30,7.0791,uuf250-034.cnf,282
geometric,282,250,1065,UNSAT,152446,177660,6513361,13,0,152445,8.38,13.97,143460,30,7.6866,uuf250-035.cnf,282
geometric,282,250,1065,UNSAT,60314,70497,2583294,11,0,60313,8.28,13.64,52501,27,2.4011,uuf250-036.cnf,282
geometric,282,250,1065,UNSAT,70795,82131,2955726,11,0,70794,7.94,13.05,65403,33,2.8796,uuf250-037.cnf,282
geometric,282,250,1065,UNSAT,42578,49570,1844753,10,0,42577,7.42,12.28,37404,28,1.4884,uuf250-038.cnf,282
geometric,282,250,1065,UNSAT,79435,93102,3415284,12,0,79434,7.73,13.00,70010,28,3.3057,uuf250-039.cnf,282
geometric,282,250,1065,UNSAT,115178,134925,4847448,13,0,115177,8.28,13.82,106406,29,5.3430,uuf250-04.cnf,282
geometric,282,250,1065,UNSAT,39933,46408,1691148,10,0,39932,7.88,12.66,34004,29,1.4175,uuf250-040.cnf,282
geometric,282,250,1065,UNSAT,88426,104240,3897125,12,0,88425,8.20,14.00,79658,30,3.7636,uuf250-041.cnf,282
geometric,282,250,1065,UNSAT,100438,116720,4363257,12,0,100437,8.18,13.49,89909,29,4.4327,uuf250-042.cnf,282
geometric,282,250,1065,UNSAT,116318,135880,5033874,13,0,116317,8.30,13.93,106407,30,5.3646,uuf250-043.cnf,282
geometric,282,250,1065,UNSAT,82064,96469,3572889,12,0,82063,8.12,13.69,74757,30,3.4254,uuf250-044.cnf,282
geometric,282,250,1065,UNSAT,66567,78084,2893580,11,0,66566,7.82,13.05,60954,27,2.6315,uuf250-045.cnf,282
geometric,282,250,1065,UNSAT,216945,254336,9281184,14,0,216944,8.63,14.45,201259,28,11.9179,uuf250-046.cnf,282
geometric,282,250,1065,UNSAT,79343,93224,3429782,12,0,79342,8.20,13.25,70002,36,3.2709,uuf250-047.cnf,282
geometric,282,250,1065,UNSAT,37176,43465,1632178,10,0,37175,7.62,12.69,30753,34,1.3063,uuf250-048.cnf,282
geometric,282,250,1065,UNSAT,72969,85246,3320999,12,0,72968,8.26,13.78,65403,28,3.0062,uuf250-049.cnf,282
geometric,282,250,1065,UNSAT,81353,95505,3471882,12,0,81352,7.99,13.28,74758,31,3.3465,uuf250-05.cnf,282
geometric,282,250,1065,UNSAT,109537,128224,4660488,13,0,109536,8.28,13.79,100767,27,4.9716,uuf250-050.cnf,282
geometric,282,250,1065,UNSAT,125562,146797,5518217,13,0,125561,8.11,13.75,118158,30,5.9625,uuf250-051.cnf,282
geometric,282,250,1065,UNSAT,94818,110718,4029028,12,0,94817,8.05,13.44,84706,27,4.1067,uuf250-052.cnf,282
geometric,282,250,1065,UNSAT,154492,181420,6577614,13,0,154491,8.32,13.99,143461,38,7.5249,uuf250-053.cnf,282
geometric,282,250,1065,UNSAT,95987,112294,4276382,12,0,95986,8.26,13.78,89910,28,4.1776,uuf250-054.cnf,282
geometric,282,250,1065,UNSAT,39208,45886,1657058,10,0,39207,7.63,12.40,34003,36,1.3629,uuf250-055.cnf,282
geometric,282,250,1065,UNSAT,70836,83137,3106988,11,0,70835,8.07,13.42,65405,29,2.8540,uuf250-056.cnf,282
geometric,282,250,1065,UNSAT,118192,139251,5063977,13,0,118191,8.48,14.20,112208,30,5.4554,uuf250-057.cnf,282
geometric,282,250,1065,UNSAT,145895,170868,6345533,13,0,145894,8.65,14.22,136906,30,7.2667,uuf250-058.cnf,282
geometric,282,250,1065,UNSAT,49328,57370,2123758,11,0,49327,7.66,12.69,44657,27,1.8361,uuf250-059.cnf,282
geometric,282,250,1065,UNSAT,85069,100071,3683538,12,0,85068,8.03,13.55,79658,30,3.6525,uuf250-06.cnf,282
geometric,282,250,1065,UNSAT,65032,75925,2827138,11,0,65031,7.80,12.94,56653,25,2.5865,uuf250-060.cnf,282
geometric,282,250,1065,UNSAT,169489,197762,7408811,14,0,169488,8.54,14.39,157006,36,8.7751,uuf250-061.cnf,282
geometric,282,250,1065,UNSAT,63008,74099,2710979,11,0,63007,7.65,12.89,56658,29,2.4481,uuf250-062.cnf,282
geometric,282,250,1065,UNSAT,125507,146640,5417804,13,0,125506,8.15,13.69,118157,28,5.9734,uuf250-063.cnf,282
geometric,282,250,1065,UNSAT,122358,142805,5314170,13,0,122357,8.48,14.16,112208,34,5.7488,uuf250-064.cnf,282
geometric,282,250,1065,UNSAT,62475,72608,2679750,11,0,62474,7.78,13.12,56658,29,2.4958,uuf250-065.cnf,282
geometric,282,250,1065,UNSAT,236260,274588,10261587,14,0,236259,8.47,14.33,225411,31,13.4003,uuf250-066.cnf,282
geometric,282,250,1065,UNSAT,89805,105594,3972123,12,0,89804,8.02,13.49,84708,34,3.8567,uuf250-067.cnf,282
geometric,282,250,1065,UNSAT,30172,35204,1321363,9,0,30171,7.59,12.41,24702,28,1.0240,uuf250-068.cnf,282
geometric,282,250,1065,UNSAT,108700,127875,4626272,12,0,108699,8.13,13.57,100760,26,4.8691,uuf250-069.cnf,282
geometric,282,250,1065,UNSAT,99178,115562,4272786,12,0,99177,8.46,13.90,89905,30,4.4434,uuf250-07.cnf,282
geometric,282,250,1065,UNSAT,217646,254537,9364686,14,0,217645,8.85,14.78,209159,30,12.2855,uuf250-070.cnf,282
geometric,282,250,1065,UNSAT,171860,200666,7373609,14,0,171859,8.69,14.44,164008,33,9.0362,uuf250-071.cnf,282
geometric,282,250,1065,UNSAT,93911,109279,4049876,12,0,93910,7.98,13.49,84705,33,4.1554,uuf250-072.cnf,282
geometric,282,250,1065,UNSAT,57477,67785,2543101,11,0,57476,7.92,13.46,52505,29,2.2340,uuf250-073.cnf,282
geometric,282,250,1065,UNSAT,70464,82404,2989064,11,0,70463,8.02,13.14,65409,27,2.7823,uuf250-074.cnf,282
geometric,282,250,1065,UNSAT,127773,149530,5554187,13,0,127772,8.36,13.87,118157,28,6.0508,uuf250-075.cnf,282
geometric,282,250,1065,UNSAT,76618,89014,3269713,12,0,76617,8.22,13.49,70002,35,3.1924,uuf250-076.cnf,282
geometric,282,250,1065,UNSAT,188633,220642,8214679,14,0,188632,8.60,14.65,178468,27,10.0676,uuf250-077.cnf,282
geometric,282,250,1065,UNSAT,114774,134023,4997845,13,0,114773,8.22,13.53,106402,32,5.2196,uuf250-078.cnf,282
geometric,282,250,1065,UNSAT,94735,110814,4110776,12,0,94734,8.07,13.69,84706,31,4.1643,uuf250-079.cnf,282
geometric,282,250,1065,UNSAT,98914,115877,4218865,12,0,98913,8.20,13.58,89907,29,4.3232,uuf250-08.cnf,282
geometric,282,250,1065,UNSAT,137520,160619,5841789,13,0,137519,8.32,13.82,130510,32,6.6820,uuf250-080.cnf,282
geometric,282,250,1065,UNSAT,120977,141320,5170663,13,0,120976,8.26,13.55,112206,29,5.6214,uuf250-081.cnf,282
geometric,282,250,1065,UNSAT,98159,114668,4269998,12,0,98158,7.93,13.35,89903,27,4.2157,uuf250-082.cnf,282
geometric,282,250,1065,UNSAT,55271,64969,2430780,11,0,55270,7.82,13.15,48502,26,2.0725,uuf250-083.cnf,282
geometric,282,250,1065,UNSAT,68392,80293,3005112,11,0,68391,8.34,13.83,60956,32,2.7669,uuf250-084.cnf,282
geometric,282,250,1065,UNSAT,99862,117051,4254442,12,0,99861,8.23,13.71,89909,30,4.4321,uuf250-085.cnf,282
geometric,282,250,1065,UNSAT,92943,108767,3946201,12,0,92942,8.04,13.36,84705,28,4.0337,uuf250-086.cnf,282
geometric,282,250,1065,UNSAT,283819,330312,12207432,15,0,283818,8.83,14.73,268660,33,16.9365,uuf250-087.cnf,282
geometric,282,250,1065,UNSAT,113742,133120,4876036,13,0,113741,8.35,13.72,106410,29,5.2242,uuf250-088.cnf,282
geometric,282,250,1065,UNSAT,109653,127778,4777357,13,0,109652,8.41,14.23,100760,33,5.1141,uuf250-089.cnf,282
geometric,282,250,1065,UNSAT,200859,233995,8886479,14,0,200858,8.55,14.39,185911,29,10.8224,uuf250-09.cnf,282
geometric,282,250,1065,UNSAT,32984,38685,1404454,10,0,32983,7.49,12.40,27653,32,1.1447,uuf250-090.cnf,282
geometric,282,250,1065,UNSAT,112514,132373,4885016,13,0,112513,8.48,14.29,106406,30,5.1382,uuf250-091.cnf,282
geometric,282,250,1065,UNSAT,172543,201491,7352172,14,0,172542,8.66,14.09,164005,27,9.0857,uuf250-092.cnf,282
geometric,282,250,1065,UNSAT,123841,145460,5313104,13,0,123840,8.26,13.55,112205,31,5.6722,uuf250-093.cnf,282
geometric,282,250,1065,UNSAT,80227,93820,3416990,12,0,80226,8.14,13.52,74757,27,3.4011,uuf250-094.cnf,282
geometric,282,250,1065,UNSAT,65384,76372,2757193,11,0,65383,7.67,12.63,60952,37,2.5572,uuf250-095.cnf,282
geometric,282,250,1065,UNSAT,99092,115667,4315580,12,0,99091,7.98,13.31,89910,30,4.3737,uuf250-096.cnf,282
geometric,282,250,1065,UNSAT,60792,71380,2663348,11,0,60791,7.91,13.17,52505,38,2.3504,uuf250-097.cnf,282
geometric,282,250,1065,UNSAT,47954,56005,2069979,10,0,47953,7.64,12.63,40953,33,1.7798,uuf250-098.cnf,282
geometric,282,250,1065,UNSAT,68722,80227,2920146,11,0,68721,7.92,13.26,60955,33,2.7644,uuf250-099.cnf,282
geometric,337,250,1065,UNSAT,99370,116465,4375034,12,0,99369,8.06,13.57,89905,27,4.3140,uuf250-01.cnf,337
geometric,337,250,1065,UNSAT,97236,113707,4248585,12,0,97235,8.21,13.61,89905,28,4.1749,uuf250-010.cnf,337
geometric,337,250,1065,UNSAT,142695,166939,6062358,13,0,142694,8.33,13.70,130506,28,6.7318,uuf250-0100.cnf,337
geometric,337,250,1065,UNSAT,140286,163120,6014524,13,0,140285,8.43,13.92,130509,30,6.8519,uuf250-011.cnf,337
geometric,337,250,1065,UNSAT,110557,129313,4777310,12,0,110556,8.41,13.78,100756,27,4.9837,uuf250-012.cnf,337
geometric,337,250,1065,UNSAT,101980,118944,4322977,12,0,101979,8.05,13.52,95254,26,4.5238,uuf250-013.cnf,337
geometric,337,250,1065,UNSAT,148609,172892,6448107,13,0,148608,8.23,13.91,136907,31,7.3109,uuf250-014.cnf,337
geometric,337,250,1065,UNSAT,106066,123975,4561122,12,0,106065,8.50,14.13,95260,38,4.8112,uuf250-015.cnf,337
geometric,337,250,1065,UNSAT,65163,76215,2760538,11,0,65162,7.87,13.17,56654,29,2.6059,uuf250-016.cnf,337
geometric,337,250,1065,UNSAT,112493,131317,4762209,12,0,112492,8.10,13.55,106407,27,5.1841,uuf250-017.cnf,337
geometric,337,250,1065,UNSAT,124266,145144,5402833,12,0,124265,8.22,13.63,118156,32,5.6160,uuf250-018.cnf,337
geometric,337,250,1065,UNSAT,85058,99031,3702409,11,0,85057,8.13,13.71,79656,29,3.6707,uuf250-019.cnf,337
geometric,337,250,1065,UNSAT,107301,125402,4594997,12,0,107300,8.24,13.64,100755,27,4.7313,uuf250-02.cnf,337
geometric,337,250,1065,UNSAT,127514,149620,5421883,12,0,127513,8.34,13.75,118156,29,5.8723,uuf250-020.cnf,337
geometric,337,250,1065,UNSAT,178990,209453,7793704,13,0,178989,8.46,13.98,171160,31,9.3203,uuf250-021.cnf,337
geometric,337,250,1065,UNSAT,135683,158222,5984980,13,0,135682,8.35,13.79,124258,32,6.4495,uuf250-022.cnf,337
geometric,337,250,1065,UNSAT,58934,68741,2539793,11,0,58933,7.96,13.12,52504,34,2.2812,uuf250-023.cnf,337
geometric,337,250,1065,UNSAT,71838,83938,3108296,11,0,71837,8.12,13.49,65409,40,2.8999,uuf250-024.cnf,337
geometric,337,250,1065,UNSAT,95627,111997,4217673,12,0,95626,8.15,13.53,89905,31,4.1788,uuf250-025.cnf,337
geometric,337,250,1065,UNSAT,58425,68434,2521511,11,0,58424,8.23,13.54,52505,32,2.3634,uuf250-026.cnf,337
geometric,337,250,1065,UNSAT,130675,152851,5661566,13,0,130674,8.25,14.03,124262,30,6.3503,uuf250-027.cnf,337
geometric,337,250,1065,UNSAT,110584,129579,4808750,12,0,110583,8.02,13.47,100753,31,4.9687,uuf250-028.cnf,337
geometric,337,250,1065,UNSAT,67663,78735,2923254,11,0,67662,7.96,13.41,60960,27,2.7957,uuf250-029.cnf,337
geometric,337,250,1065,UNSAT,101162,118005,4391142,12,0,101161,8.08,13.58,95253,31,4.5509,uuf250-03.cnf,337
geometric,337,250,1065,UNSAT,65293,76851,2698014,11,0,65292,8.00,13.04,60954,29,2.5800,uuf250-030.cnf,337
geometric,337,250,1065,UNSAT,163020,190864,7185145,13,0,163019,8.49,14.14,150157,37,8.1127,uuf250-031.cnf,337
geometric,337,250,1065,UNSAT,96607,112775,4138997,12,0,96606,8.05,13.24,89905,29,4.1999,uuf250-032.cnf,337
geometric,337,250,1065,UNSAT,149067,175024,6420138,13,0,149066,8.32,13.90,136907,27,7.4379,uuf250-033.cnf,337
geometric,337,250,1065,UNSAT,172972,201591,7567989,13,0,172971,8.35,14.02,164009,28,8.9375,uuf250-034.cnf,337
geometric,337,250,1065,UNSAT,179081,208606,7580519,13,0,179080,8.44,13.91,171158,31,9.4523,uuf250-035.cnf,337
geometric,337,250,1065,UNSAT,59979,70552,2555236,11,0,59978,8.03,13.35,52505,27,2.3253,uuf250-036.cnf,337
geometric,337,250,1065,UNSAT,48759,57175,2086033,10,0,48758,7.56,12.38,44654,33,1.7967,uuf250-037.cnf,337
geometric,337,250,1065,UNSAT,37306,43814,1615646,9,0,37305,7.67,12.56,34004,30,1.2793,uuf250-038.cnf,337
geometric,337,250,1065,UNSAT,96822,112877,4123032,12,0,96821,8.16,13.42,89904,28,4.2269,uuf250-039.cnf,337
geometric,337,250,1065,UNSAT,105120,123178,4453660,12,0,105119,8.05,13.61,95259,28,4.6747,uuf250-04.cnf,337
geometric,337,250,1065,UNSAT,42890,49895,1829814,10,0,42889,7.81,12.52,37406,29,1.5759,uuf250-040.cnf,337
geometric,337,250,1065,UNSAT,88187,103717,3885940,12,0,88186,8.25,13.88,79658,30,3.7336,uuf250-041.cnf,337
geometric,337,250,1065,UNSAT,94159,109412,4106260,12,0,94158,8.17,13.47,84707,30,4.1375,uuf250-042.cnf,337
geometric,337,250,1065,UNSAT,133577,156303,5700932,13,0,133576,8.49,13.89,124258,30,6.3500,uuf250-043.cnf,337
geometric,337,250,1065,UNSAT,98934,116145,4270905,12,0,98933,7.98,13.42,89904,31,4.3302,uuf250-044.cnf,337
geometric,337,250,1065,UNSAT,66103,77929,2895436,11,0,66102,7.85,13.15,60955,29,2.5919,uuf250-045.cnf,337
geometric,337,250,1065,UNSAT,202423,237488,8694955,14,0,202422,8.83,14.83,193504,29,11.0013,uuf250-046.cnf,337
geometric,337,250,1065,UNSAT,77898,91370,3356557,11,0,77897,8.22,13.44,70005,36,3.2023,uuf250-047.cnf,337
geometric,337,250,1065,UNSAT,38144,44500,1692343,9,0,38143,7.88,12.93,34002,34,1.3688,uuf250-048.cnf,337
geometric,337,250,1065,UNSAT,82649,96676,3748258,11,0,82648,8.24,13.69,74756,29,3.4517,uuf250-049.cnf,337
geometric,337,250,1065,UNSAT,81924,95884,3513029,11,0,81923,7.98,13.31,74753,31,3.4181,uuf250-05.cnf,337
geometric,337,250,1065,UNSAT,113223,132445,4766172,12,0,113222,8.37,13.94,106408,29,5.2598,uuf250-050.cnf,337
geometric,337,250,1065,UNSAT,176334,205615,7673839,13,0,176333,8.24,13.70,164010,29,8.9520,uuf250-051.cnf,337
geometric,337,250,1065,UNSAT,94608,110329,4039710,12,0,94607,7.96,13.23,84705,27,4.0925,uuf250-052.cnf,337
geometric,337,250,1065,UNSAT,152515,178385,6536454,13,0,152514,8.14,13.65,143459,38,7.3755,uuf250-053.cnf,337
geometric,337,250,1065,UNSAT,104855,122256,4679737,12,0,104854,8.19,13.73,95258,30,4.6348,uuf250-054.cnf,337
geometric,337,250,1065,UNSAT,40167,46864,1694331,10,0,40166,7.53,12.37,34003,36,1.4321,uuf250-055.cnf,337
geometric,337,250,1065,UNSAT,72488,85180,3141421,11,0,72487,8.01,13.54,65404,29,2.9003,uuf250-056.cnf,337
geometric,337,250,1065,UNSAT,104646,123396,4483786,12,0,104645,8.20,13.97,95258,30,4.6058,uuf250-057.cnf,337
geometric,337,250,1065,UNSAT,147862,172637,6441857,13,0,147861,8.47,14.01,136905,30,7.3455,uuf250-058.cnf,337
geometric,337,250,1065,UNSAT,49750,57980,2132736,10,0,49749,7.84,12.68,44652,27,1.8466,uuf250-059.cnf,337
geometric,337,250,1065,UNSAT,107531,125879,4608678,12,0,107530,8.16,13.81,100758,26,4.8947,uuf250-06.cnf,337
geometric,337,250,1065,UNSAT,67976,79938,2952845,11,0,67975,7.87,13.30,60951,26,2.7014,uuf250-060.cnf,337
geometric,337,250,1065,UNSAT,145736,170507,6366021,13,0,145735,8.46,14.21,136907,36,7.1588,uuf250-061.cnf,337
geometric,337,250,1065,UNSAT,73668,86502,3182434,11,0,73667,7.97,13.28,65405,29,3.0239,uuf250-062.cnf,337
geometric,337,250,1065,UNSAT,139408,162882,6032223,13,0,139407,8.43,14.03,130512,31,6.6897,uuf250-063.cnf,337
geometric,337,250,1065,UNSAT,130276,151468,5653874,12,0,130275,8.38,14.13,118159,34,6.2835,uuf250-064.cnf,337
geometric,337,250,1065,UNSAT,59409,68651,2582020,11,0,59408,7.97,13.02,52504,29,2.3568,uuf250-065.cnf,337
geometric,337,250,1065,UNSAT,267429,312174,11529215,14,0,267428,8.70,14.81,250909,31,16.0792,uuf250-066.cnf,337
geometric,337,250,1065,UNSAT,88875,104241,3947920,12,0,88874,8.20,13.78,79657,34,3.8283,uuf250-067.cnf,337
geometric,337,250,1065,UNSAT,34426,39763,1519160,9,0,34425,7.61,12.35,30754,28,1.1848,uuf250-068.cnf,337
geometric,337,250,1065,UNSAT,114836,134329,4885984,12,0,114835,8.07,13.28,106405,30,5.2107,uuf250-069.cnf,337
geometric,337,250,1065,UNSAT,101610,118381,4380561,12,0,101609,8.33,13.77,95253,30,4.5220,uuf250-07.cnf,337
geometric,337,250,1065,UNSAT,149489,175270,6582735,13,0,149488,8.57,14.53,136907,29,7.5261,uuf250-070.cnf,337
geometric,337,250,1065,UNSAT,136666,160806,5873399,13,0,136665,8.52,14.31,124256,33,6.5761,uuf250-071.cnf,337
geometric,337,250,1065,UNSAT,101798,119094,4383864,12,0,101797,8.07,13.56,95260,33,4.5177,uuf250-072.cnf,337
geometric,337,250,1065,UNSAT,61746,72880,2720714,11,0,61745,8.04,13.49,56653,28,2.4196,uuf250-073.cnf,337
geometric,337,250,1065,UNSAT,76097,89495,3222040,11,0,76096,8.10,13.19,70002,29,3.0638,uuf250-074.cnf,337
geometric,337,250,1065,UNSAT,113844,134046,4930254,12,0,113843,8.41,14.03,106403,28,5.2062,uuf250-075.cnf,337
geometric,337,250,1065,UNSAT,82590,96151,3522764,11,0,82589,8.00,13.07,74755,35,3.4338,uuf250-076.cnf,337
geometric,337,250,1065,UNSAT,217982,254879,9495763,14,0,217981,8.47,14.43,209156,27,12.2031,uuf250-077.cnf,337
geometric,337,250,1065,UNSAT,128852,149904,5573983,12,0,128851,8.40,13.88,118158,32,6.1962,uuf250-078.cnf,337
geometric,337,250,1065,UNSAT,90640,106030,3940203,12,0,90639,8.25,13.96,84705,31,3.9607,uuf250-079.cnf,337
geometric,337,250,1065,UNSAT,110309,128750,4720612,12,0,110308,7.83,13.05,100756,27,4.9065,uuf250-08.cnf,337
geometric,337,250,1065,UNSAT,146861,171513,6228235,13,0,146860,8.32,13.80,136911,32,7.3012,uuf250-080.cnf,337
geometric,337,250,1065,UNSAT,134837,157824,5712339,13,0,134836,8.54,13.93,124252,29,6.5421,uuf250-081.cnf,337
geometric,337,250,1065,UNSAT,120428,140882,5171186,12,0,120427,8.22,13.53,112203,30,5.5532,uuf250-082.cnf,337
geometric,337,250,1065,UNSAT,53429,62715,2362260,10,0,53428,7.76,13.39,48507,26,2.0108,uuf250-083.cnf,337
geometric,337,250,1065,UNSAT,72115,84801,3163719,11,0,72114,8.13,13.43,65404,27,2.9421,uuf250-084.cnf,337
geometric,337,250,1065,UNSAT,79026,92031,3399804,11,0,79025,8.04,13.28,70008,27,3.2537,uuf250-085.cnf,337
geometric,337,250,1065,UNSAT,94750,110363,4025228,12,0,94749,8.08,13.23,84706,28,4.1057,uuf250-086.cnf,337
geometric,337,250,1065,UNSAT,236196,275728,10233851,14,0,236195,8.83,14.74,225409,29,13.4724,uuf250-087.cnf,337
geometric,337,250,1065,UNSAT,114573,133769,4903060,12,0,114572,8.45,13.93,106404,28,5.2368,uuf250-088.cnf,337
geometric,337,250,1065,UNSAT,110277,128541,4809652,12,0,110276,8.39,14.25,100756,29,5.0608,uuf250-089.cnf,337
geometric,337,250,1065,UNSAT,215039,250401,9407743,14,0,215038,8.54,14.16,201267,28,11.6918,uuf250-09.cnf,337
geometric,337,250,1065,UNSAT,29403,34185,1247112,9,0,29402,7.34,12.47,24706,32,1.0098,uuf250-090.cnf,337
geometric,337,250,1065,UNSAT,96993,114203,4266893,12,0,96992,8.27,14.14,89909,30,4.2277,uuf250-091.cnf,337
geometric,337,250,1065,UNSAT,159043,186048,6807336,13,0,159042,8.42,14.26,150157,27,8.0617,uuf250-092.cnf,337
geometric,337,250,1065,UNSAT,90574,106506,3907645,12,0,90573,7.92,13.31,84706,27,3.7837,uuf250-093.cnf,337
geometric,337,250,1065,UNSAT,75324,88290,3207853,11,0,75323,7.82,13.03,70007,28,3.0451,uuf250-094.cnf,337
geometric,337,250,1065,UNSAT,56569,66424,2378119,10,0,56568,7.72,12.75,52504,37,2.1510,uuf250-095.cnf,337
geometric,337,250,1065,UNSAT,115493,134156,4993550,12,0,115492,8.37,13.91,106407,30,5.4277,uuf250-096.cnf,337
geometric,337,250,1065,UNSAT,60254,70678,2609056,11,0,60253,8.02,13.46,52501,38,2.3641,uuf250-097.cnf,337
geometric,337,250,1065,UNSAT,41734,48516,1830984,10,0,41733,7.62,12.59,37404,33,1.4631,uuf250-098.cnf,337
geometric,337,250,1065,UNSAT,59833,70243,2584078,11,0,59832,7.73,12.81,52510,33,2.3504,uuf250-099.cnf,337
geometric,391,250,1065,UNSAT,113023,132234,4973797,12,0,113022,8.41,13.87,106405,28,5.0845,uuf250-01.cnf,391
geometric,391,250,1065,UNSAT,122402,143300,5287742,12,0,122401,8.30,13.77,112205,28,5.6641,uuf250-010.cnf,391
geometric,391,250,1065,UNSAT,137856,161426,5850260,12,0,137855,8.30,13.73,130508,28,6.5376,uuf250-0100.cnf,391
geometric,391,250,1065,UNSAT,127705,149302,5490180,12,0,127704,8.30,13.75,118155,30,6.0181,uuf250-011.cnf,391
geometric,391,250,1065,UNSAT,102307,119527,4431714,12,0,102306,8.14,13.45,95256,27,4.4227,uuf250-012.cnf,391
geometric,391,250,1065,UNSAT,95460,111714,4053288,11,0,95459,8.04,13.36,89907,29,4.1731,uuf250-013.cnf,391
geometric,391,250,1065,UNSAT,177891,207982,7644731,13,0,177890,8.23,13.82,164009,31,9.1581,uuf250-014.cnf,391
geometric,391,250,1065,UNSAT,117414,137059,5029887,12,0,117413,8.37,13.96,106404,38,5.4371,uuf250-015.cnf,391
geometric,391,250,1065,UNSAT,64562,75267,2744771,10,0,64561,7.97,13.13,56652,29,2.5624,uuf250-016.cnf,391
geometric,391,250,1065,UNSAT,124961,146317,5263405,12,0,124960,8.23,13.79,118160,27,5.9942,uuf250-017.cnf,391
geometric,391,250,1065,UNSAT,102312,119481,4486536,12,0,102311,8.21,13.54,95254,31,4.4943,uuf250-018.cnf,391
geometric,391,250,1065,UNSAT,91418,106087,3995649,11,0,91417,8.24,14.06,84704,29,4.0437,uuf250-019.cnf,391
geometric,391,250,1065,UNSAT,112222,131512,4772809,12,0,112221,8.34,13.68,106406,26,5.1417,uuf250-02.cnf,391
geometric,391,250,1065,UNSAT,147384,172846,6267247,12,0,147383,8.36,13.69,136907,28,7.1070,uuf250-020.cnf,391
geometric,391,250,1065,UNSAT,162384,190006,7087751,13,0,162383,8.28,13.90,150157,31,8.0857,uuf250-021.cnf,391
geometric,391,250,1065,UNSAT,143442,167405,6270751,12,0,143441,8.70,14.26,136910,32,7.1313,uuf250-022.cnf,391
geometric,391,250,1065,UNSAT,70989,82195,3013184,11,0,70988,8.20,13.46,65408,34,2.9317,uuf250-023.cnf,391
geometric,391,250,1065,UNSAT,68143,80414,2954924,11,0,68142,7.63,12.93,60957,40,2.6760,uuf250-024.cnf,391
geometric,391,250,1065,UNSAT,105450,123410,4618257,12,0,105449,8.22,13.69,95256,28,4.6809,uuf250-025.cnf,391
geometric,391,250,1065,UNSAT,57312,67308,2479880,10,0,57311,7.97,13.22,52508,31,2.1958,uuf250-026.cnf,391
geometric,391,250,1065,UNSAT,130321,151772,5654557,12,0,130320,8.38,14.07,118159,26,6.2909,uuf250-027.cnf,391
geometric,391,250,1065,UNSAT,133947,156674,5756839,12,0,133946,8.42,13.94,124257,30,6.4592,uuf250-028.cnf,391
geometric,391,250,1065,UNSAT,57933,67598,2512239,10,0,57932,8.03,13.58,52501,28,2.2753,uuf250-029.cnf,391
geometric,391,250,1065,UNSAT,101983,118513,4460152,12,0,101982,8.23,13.87,95255,31,4.6817,uuf250-03.cnf,391
geometric,391,250,1065,UNSAT,74443,87402,3073552,11,0,74442,8.12,13.26,65401,29,3.0972,uuf250-030.cnf,391
geometric,391,250,1065,UNSAT,139642,163770,6201767,12,0,139641,8.55,14.07,130507,37,6.6379,uuf250-031.cnf,391
geometric,391,250,1065,UNSAT,92406,107759,3937687,11,0,92405,8.06,13.39,84710,29,3.9713,uuf250-032.cnf,391
geometric,391,250,1065,UNSAT,149145,174655,6444000,12,0,149144,8.38,14.06,136906,30,7.5229,uuf250-033.cnf,391
geometric,391,250,1065,UNSAT,152657,178012,6640985,13,0,152656,8.50,14.35,143460,28,7.6074,uuf250-034.cnf,391
geometric,391,250,1065,UNSAT,153377,179544,6545070,13,0,153376,8.37,13.83,143462,30,7.6312,uuf250-035.cnf,391
geometric,391,250,1065,UNSAT,61194,72277,2602935,10,0,61193,8.18,13.63,56660,27,2.4702,uuf250-036.cnf,391
geometric,391,250,1065,UNSAT,61113,71199,2565895,10,0,61112,7.84,12.80,56654,33,2.4116,uuf250-037.cnf,391
geometric,391,250,1065,UNSAT,39909,46715,1733812,9,0,39908,7.51,12.55,34002,26,1.3956,uuf250-038.cnf,391
geometric,391,250,1065,UNSAT,73668,86368,3180786,11,0,73667,7.70,12.92,65407,26,2.9590,uuf250-039.cnf,391
geometric,391,250,1065,UNSAT,116891,137143,4911835,12,0,116890,8.26,13.76,106409,28,5.4325,uuf250-04.cnf,391
geometric,391,250,1065,UNSAT,40164,46682,1694571,9,0,40163,7.83,12.73,34002,29,1.4090,uuf250-040.cnf,391
geometric,391,250,1065,UNSAT,71930,85052,3187573,11,0,71929,7.90,13.66,65404,30,2.8943,uuf250-041.cnf,391
geometric,391,250,1065,UNSAT,123428,143680,5303276,12,0,123427,8.05,13.44,112206,28,5.6206,uuf250-042.cnf,391
geometric,391,250,1065,UNSAT,125593,146848,5387091,12,0,125592,8.18,13.63,118158,30,5.7142,uuf250-043.cnf,391
geometric,391,250,1065,UNSAT,86733,101416,3798806,11,0,86732,8.18,13.87,79655,30,3.7658,uuf250-044.cnf,391
geometric,391,250,1065,UNSAT,73626,86734,3197666,11,0,73625,7.85,13.10,65408,28,2.9744,uuf250-045.cnf,391
geometric,391,250,1065,UNSAT,199296,234296,8582938,13,0,199295,8.83,14.74,185905,30,10.8052,uuf250-046.cnf,391
geometric,391,250,1065,UNSAT,98479,115732,4183051,11,0,98478,8.34,13.56,89904,36,4.3084,uuf250-047.cnf,391
geometric,391,250,1065,UNSAT,38464,44617,1699379,9,0,38463,7.59,12.51,34002,34,1.3440,uuf250-048.cnf,391
geometric,391,250,1065,UNSAT,72136,84302,3290215,11,0,72135,8.33,13.99,65405,29,2.9820,uuf250-049.cnf,391
geometric,391,250,1065,UNSAT,90071,105950,3817435,11,0,90070,8.17,13.59,84703,31,3.9089,uuf250-05.cnf,391
geometric,391,250,1065,UNSAT,117014,137118,4960080,12,0,117013,8.17,13.79,106409,27,5.4827,uuf250-050.cnf,391
geometric,391,250,1065,UNSAT,142203,166175,6216020,12,0,142202,8.51,14.22,130506,29,6.9922,uuf250-051.cnf,391
geometric,391,250,1065,UNSAT,109134,127310,4635770,12,0,109133,8.15,13.65,100756,30,5.0270,uuf250-052.cnf,391
geometric,391,250,1065,UNSAT,158805,185841,6791196,13,0,158804,8.46,14.02,150156,38,7.9473,uuf250-053.cnf,391
geometric,391,250,1065,UNSAT,100641,117853,4449461,11,0,100640,8.36,13.87,95265,27,4.4270,uuf250-054.cnf,391
geometric,391,250,1065,UNSAT,38095,44401,1604139,9,0,38094,7.34,12.13,34002,36,1.3214,uuf250-055.cnf,391
geometric,391,250,1065,UNSAT,79328,92822,3438945,11,0,79327,8.37,13.77,70004,29,3.3129,uuf250-056.cnf,391
geometric,391,250,1065,UNSAT,106035,125373,4579500,12,0,106034,8.30,14.04,95254,30,4.7896,uuf250-057.cnf,391
geometric,391,250,1065,UNSAT,140842,164789,6162226,12,0,140841,8.26,13.56,130511,30,6.6039,uuf250-058.cnf,391
geometric,391,250,1065,UNSAT,52355,61113,2256514,10,0,52354,7.86,12.90,44652,28,1.9844,uuf250-059.cnf,391
geometric,391,250,1065,UNSAT,107591,126445,4591588,12,0,107590,8.49,14.08,100761,29,4.9468,uuf250-06.cnf,391
geometric,391,250,1065,UNSAT,66397,77334,2876076,10,0,66396,7.89,13.13,60952,29,2.6102,uuf250-060.cnf,391
geometric,391,250,1065,UNSAT,163825,191354,7157683,13,0,163824,8.70,14.64,150162,36,8.5040,uuf250-061.cnf,391
geometric,391,250,1065,UNSAT,62619,73974,2703744,10,0,62618,7.90,13.25,56654,29,2.4277,uuf250-062.cnf,391
geometric,391,250,1065,UNSAT,123491,144592,5365554,12,0,123490,8.45,14.28,112204,29,5.8689,uuf250-063.cnf,391
geometric,391,250,1065,UNSAT,112528,131048,4951342,12,0,112527,8.49,14.11,106410,34,5.1934,uuf250-064.cnf,391
geometric,391,250,1065,UNSAT,62004,71744,2678809,10,0,62003,7.89,13.34,56654,31,2.5154,uuf250-065.cnf,391
geometric,391,250,1065,UNSAT,196080,228318,8558332,13,0,196079,8.60,14.55,185906,31,10.5346,uuf250-066.cnf,391
geometric,391,250,1065,UNSAT,97377,114542,4288299,11,0,97376,8.10,13.68,89908,34,4.2337,uuf250-067.cnf,391
geometric,391,250,1065,UNSAT,33626,39187,1477524,9,0,33625,7.82,12.79,27652,28,1.1693,uuf250-068.cnf,391
geometric,391,250,1065,UNSAT,124331,145796,5232073,12,0,124330,8.50,13.92,118159,28,6.0094,uuf250-069.cnf,391
geometric,391,250,1065,UNSAT,110136,128171,4651256,12,0,110135,8.08,13.42,100758,30,5.0520,uuf250-07.cnf,391
geometric,391,250,1065,UNSAT,183511,214178,7971381,13,0,183510,8.65,14.54,171163,29,9.8310,uuf250-070.cnf,391
geometric,391,250,1065,UNSAT,174288,204587,7413297,13,0,174287,8.42,14.14,164007,33,8.8767,uuf250-071.cnf,391
geometric,391,250,1065,UNSAT,97779,114345,4201146,11,0,97778,8.21,13.78,89913,33,4.3480,uuf250-072.cnf,391
geometric,391,250,1065,UNSAT,57910,67878,2568054,10,0,57909,7.98,13.45,52503,28,2.2251,uuf250-073.cnf,391
geometric,391,250,1065,UNSAT,79131,92541,3346225,11,0,79130,8.15,13.23,70003,28,3.2106,uuf250-074.cnf,391
geometric,391,250,1065,UNSAT,114106,134527,4949754,12,0,114105,8.43,14.04,106407,29,5.2115,uuf250-075.cnf,391
geometric,391,250,1065,UNSAT,81195,95048,3444601,11,0,81194,8.16,13.32,74753,35,3.3926,uuf250-076.cnf,391
geometric,391,250,1065,UNSAT,210895,245835,9155391,13,0,210894,8.64,14.61,201258,29,11.7519,uuf250-077.cnf,391
geometric,391,250,1065,UNSAT,116556,135679,5036152,12,0,116555,8.38,13.79,106407,32,5.4104,uuf250-078.cnf,391
geometric,391,250,1065,UNSAT,99231,116244,4268531,11,0,99230,8.17,13.86,89903,31,4.5065,uuf250-079.cnf,391
geometric,391,250,1065,UNSAT,96310,112687,4122927,11,0,96309,8.25,13.91,89904,27,4.3153,uuf250-08.cnf,391
geometric,391,250,1065,UNSAT,135941,158503,5801895,12,0,135940,8.38,13.86,124256,32,6.5633,uuf250-080.cnf,391
geometric,391,250,1065,UNSAT,124285,145136,5278357,12,0,124284,8.04,13.58,118159,29,5.8594,uuf250-081.cnf,391
geometric,391,250,1065,UNSAT,107251,125324,4651238,12,0,107250,8.18,13.64,100756,28,4.8116,uuf250-082.cnf,391
geometric,391,250,1065,UNSAT,52485,61323,2298973,10,0,52484,7.77,13.28,48508,26,1.9930,uuf250-083.cnf,391
geometric,391,250,1065,UNSAT,70056,81956,3076295,11,0,70055,8.14,13.61,65404,28,2.8563,uuf250-084.cnf,391
geometric,391,250,1065,UNSAT,91811,107283,3928887,11,0,91810,7.93,13.39,84707,31,3.9099,uuf250-085.cnf,391
geometric,391,250,1065,UNSAT,89327,103878,3813409,11,0,89326,7.89,13.02,79664,28,3.7601,uuf250-086.cnf,391
geometric,391,250,1065,UNSAT,228280,266908,9933508,14,0,228279,8.75,14.51,217209,32,12.6458,uuf250-087.cnf,391
geometric,391,250,1065,UNSAT,136919,160134,5852426,12,0,136918,8.36,13.79,130507,30,6.5133,uuf250-088.cnf,391
geometric,391,250,1065,UNSAT,109886,127906,4813275,12,0,109885,8.40,14.08,100755,30,5.1141,uuf250-089.cnf,391
geometric,391,250,1065,UNSAT,184558,214927,8162352,13,0,184557,8.41,14.09,171158,27,9.5249,uuf250-09.cnf,391
geometric,391,250,1065,UNSAT,28946,33792,1242587,8,0,28945,7.62,12.77,24705,32,1.0110,uuf250-090.cnf,391
geometric,391,250,1065,UNSAT,116183,136262,5104454,12,0,116182,8.34,13.94,106405,30,5.2488,uuf250-091.cnf,391
geometric,391,250,1065,UNSAT,155848,182153,6669713,13,0,155847,8.44,13.98,143461,29,7.8386,uuf250-092.cnf,391
geometric,391,250,1065,UNSAT,99985,117133,4346162,11,0,99984,8.00,13.40,89905,26,4.3498,uuf250-093.cnf,391
geometric,391,250,1065,UNSAT,77461,90675,3328787,11,0,77460,7.66,12.75,70004,27,3.1330,uuf250-094.cnf,391
geometric,391,250,1065,UNSAT,74687,87402,3125888,11,0,74686,7.95,12.84,70004,37,3.0638,uuf250-095.cnf,391
geometric,391,250,1065,UNSAT,122605,142440,5293311,12,0,122604,8.26,13.79,112204,29,5.8630,uuf250-096.cnf,391
geometric,391,250,1065,UNSAT,61533,71742,2678205,10,0,61532,8.02,13.44,56655,38,2.4130,uuf250-097.cnf,391
geometric,391,250,1065,UNSAT,38665,45127,1686346,9,0,38664,7.41,12.52,34008,33,1.3570,uuf250-098.cnf,391
geometric,391,250,1065,UNSAT,68896,80515,2965823,11,0,68895,7.83,12.86,60953,33,2.7589,uuf250-099.cnf,391
geometric,446,250,1065,UNSAT,104920,123189,4621726,11,0,104919,8.19,13.61,95257,28,4.5748,uuf250-01.cnf,446
geometric,446,250,1065,UNSAT,106046,123918,4592953,11,0,106045,8.45,14.04,95251,28,4.7295,uuf250-010.cnf,446
geometric,446,250,1065,UNSAT,126510,147838,5414973,12,0,126509,8.18,13.59,118162,29,5.9750,uuf250-0100.cnf,446
geometric,446,250,1065,UNSAT,117908,137486,5065209,12,0,117907,8.05,13.48,106406,30,5.3489,uuf250-011.cnf,446
geometric,446,250,1065,UNSAT,106180,124219,4622797,11,0,106179,8.42,13.69,95256,27,4.7554,uuf250-012.cnf,446
geometric,446,250,1065,UNSAT,107242,125694,4535779,11,0,107241,7.99,13.39,100751,27,4.7825,uuf250-013.cnf,446
geometric,446,250,1065,UNSAT,119184,139555,5183738,12,0,119183,8.14,13.91,112207,31,5.4748,uuf250-014.cnf,446
geometric,446,250,1065,UNSAT,126260,147526,5405069,12,0,126259,8.11,13.63,118160,38,5.8832,uuf250-015.cnf,446
geometric,446,250,1065,UNSAT,67362,78745,2845563,10,0,67361,8.10,13.11,60957,29,2.7375,uuf250-016.cnf,446
geometric,446,250,1065,UNSAT,104369,122307,4418783,11,0,104368,8.07,13.52,95256,25,4.7090,uuf250-017.cnf,446
geometric,446,250,1065,UNSAT,117752,137839,5099247,12,0,117751,8.29,13.64,106406,28,5.3186,uuf250-018.cnf,446
geometric,446,250,1065,UNSAT,118394,136987,5103598,12,0,118393,8.40,14.25,112207,28,5.6714,uuf250-019.cnf,446
geometric,446,250,1065,UNSAT,93259,108833,4003561,11,0,93258,8.19,13.47,84710,27,4.0404,uuf250-02.cnf,446
geometric,446,250,1065,UNSAT,128020,150125,5466314,12,0,128019,8.36,13.78,118157,28,5.9601,uuf250-020.cnf,446
geometric,446,250,1065,UNSAT,148912,174521,6554170,12,0,148911,8.43,14.03,136902,31,7.3441,uuf250-021.cnf,446
geometric,446,250,1065,UNSAT,147012,171020,6417548,12,0,147011,8.58,13.98,136907,32,7.2180,uuf250-022.cnf,446
geometric,446,250,1065,UNSAT,64148,75010,2749258,10,0,64147,8.10,13.52,56657,34,2.5529,uuf250-023.cnf,446
geometric,446,250,1065,UNSAT,75310,88402,3248167,10,0,75309,7.94,13.24,70009,40,3.0451,uuf250-024.cnf,446
geometric,446,250,1065,UNSAT,92396,107945,4092686,11,0,92395,7.94,13.33,84708,29,3.9112,uuf250-025.cnf,446
geometric,446,250,1065,UNSAT,55945,65395,2436096,10,0,55944,8.01,13.25,48509,27,2.1469,uuf250-026.cnf,446
geometric,446,250,1065,UNSAT,123139,143589,5273247,12,0,123138,8.19,13.83,112206,29,5.8912,uuf250-027.cnf,446
geometric,446,250,1065,UNSAT,144501,168687,6148674,12,0,144500,8.39,13.96,136909,29,7.2856,uuf250-028.cnf,446
geometric,446,250,1065,UNSAT,68142,79576,2946857,10,0,68141,8.06,13.63,60954,28,2.8234,uuf250-029.cnf,446
geometric,446,250,1065,UNSAT,95168,111009,4158324,11,0,95167,8.08,13.65,89904,31,4.2121,uuf250-03.cnf,446
geometric,446,250,1065,UNSAT,56556,66968,2348025,10,0,56555,7.83,13.07,52500,29,2.1586,uuf250-030.cnf,446
geometric,446,250,1065,UNSAT,135457,158689,6018919,12,0,135456,8.66,14.34,124257,37,6.3780,uuf250-031.cnf,446
geometric,446,250,1065,UNSAT,108427,125632,4646389,11,0,108426,8.08,13.23,100751,29,4.8421,uuf250-032.cnf,446
geometric,446,250,1065,UNSAT,130790,153593,5672444,12,0,130789,8.20,13.79,124266,30,6.2631,uuf250-033.cnf,446
geometric,446,250,1065,UNSAT,142259,166895,6171025,12,0,142258,8.34,14.18,130506,28,6.9783,uuf250-034.cnf,446
geometric,446,250,1065,UNSAT,135406,158313,5783688,12,0,135405,8.66,14.26,124258,31,6.5698,uuf250-035.cnf,446
geometric,446,250,1065,UNSAT,63600,74279,2710749,10,0,63599,8.19,13.46,56656,27,2.5418,uuf250-036.cnf,446
geometric,446,250,1065,UNSAT,63390,73957,2685592,10,0,63389,7.84,12.80,56655,33,2.4700,uuf250-037.cnf,446
geometric,446,250,1065,UNSAT,39596,46531,1721279,9,0,39595,7.52,12.45,34005,26,1.3875,uuf250-038.cnf,446
geometric,446,250,1065,UNSAT,76853,89708,3289750,11,0,76852,7.78,13.04,70003,27,3.1449,uuf250-039.cnf,446
geometric,446,250,1065,UNSAT,93453,109707,3963273,11,0,93452,8.02,13.81,84707,28,4.0381,uuf250-04.cnf,446
geometric,446,250,1065,UNSAT,37789,44064,1619237,9,0,37788,7.78,12.73,34005,29,1.3418,uuf250-040.cnf,446
geometric,446,250,1065,UNSAT,97031,114086,4272932,11,0,97030,8.35,13.99,89907,30,4.2014,uuf250-041.cnf,446
geometric,446,250,1065,UNSAT,114471,133015,4957873,11,0,114470,7.98,13.37,106408,28,5.2362,uuf250-042.cnf,446
geometric,446,250,1065,UNSAT,129517,150349,5583564,12,0,129516,8.34,13.90,118160,30,6.1427,uuf250-043.cnf,446
geometric,446,250,1065,UNSAT,87898,102946,3856078,11,0,87897,8.26,13.88,79658,30,3.7677,uuf250-044.cnf,446
geometric,446,250,1065,UNSAT,63025,74149,2747204,10,0,63024,7.83,13.02,56651,28,2.4529,uuf250-045.cnf,446
geometric,446,250,1065,UNSAT,221217,259002,9501664,13,0,221216,8.70,14.76,209160,29,12.3934,uuf250-046.cnf,446
geometric,446,250,1065,UNSAT,81457,95288,3504746,11,0,81456,8.11,13.52,74757,36,3.4470,uuf250-047.cnf,446
geometric,446,250,1065,UNSAT,41374,48251,1812500,9,0,41373,7.79,12.81,37406,34,1.5031,uuf250-048.cnf,446
geometric,446,250,1065,UNSAT,66741,78322,3019442,10,0,66740,8.16,13.77,60956,26,2.6607,uuf250-049.cnf,446
geometric,446,250,1065,UNSAT,87757,103178,3738131,11,0,87756,8.18,13.48,79653,31,3.7847,uuf250-05.cnf,446
geometric,446,250,1065,UNSAT,127074,148691,5348584,12,0,127073,8.70,14.33,118157,31,6.1479,uuf250-050.cnf,446
geometric,446,250,1065,UNSAT,135248,158109,5896344,12,0,135247,8.52,14.15,124256,30,6.6054,uuf250-051.cnf,446
geometric,446,250,1065,UNSAT,106180,123965,4534461,11,0,106179,7.98,13.34,95256,26,4.7365,uuf250-052.cnf,446
geometric,446,250,1065,UNSAT,140770,165074,6026753,12,0,140769,8.46,14.08,130507,38,6.8503,uuf250-053.cnf,446
geometric,446,250,1065,UNSAT,94515,110500,4216166,11,0,94514,8.20,13.74,84705,28,4.0825,uuf250-054.cnf,446
geometric,446,250,1065,UNSAT,38486,44777,1633007,9,0,38485,7.58,12.61,34003,36,1.3716,uuf250-055.cnf,446
geometric,446,250,1065,UNSAT,68497,80639,2972822,10,0,68496,8.12,13.42,60957,29,2.7209,uuf250-056.cnf,446
geometric,446,250,1065,UNSAT,97428,115524,4191216,11,0,97427,8.18,13.87,89910,31,4.2127,uuf250-057.cnf,446
geometric,446,250,1065,UNSAT,150576,175464,6520406,12,0,150575,8.36,13.70,143459,30,7.4071,uuf250-058.cnf,446
geometric,446,250,1065,UNSAT,61229,71410,2614423,10,0,61228,7.84,12.74,56657,28,2.4122,uuf250-059.cnf,446
geometric,446,250,1065,UNSAT,106055,124415,4540202,11,0,106054,8.30,14.00,95255,29,4.8614,uuf250-06.cnf,446
geometric,446,250,1065,UNSAT,65623,76993,2851537,10,0,65622,7.91,13.20,60954,26,2.6641,uuf250-060.cnf,446
geometric,446,250,1065,UNSAT,147692,172289,6461624,12,0,147691,8.60,14.33,136907,36,7.3745,uuf250-061.cnf,446
geometric,446,250,1065,UNSAT,68802,80801,2937643,10,0,68801,8.03,13.32,60957,29,2.7723,uuf250-062.cnf,446
geometric,446,250,1065,UNSAT,147386,172376,6344730,12,0,147385,8.29,13.91,136905,28,7.2352,uuf250-063.cnf,446
geometric,446,250,1065,UNSAT,120668,140692,5235946,12,0,120667,8.35,14.20,112206,34,5.7257,uuf250-064.cnf,446
geometric,446,250,1065,UNSAT,61680,71672,2671558,10,0,61679,7.96,13.13,56655,29,2.4674,uuf250-065.cnf,446
geometric,446,250,1065,UNSAT,235332,274661,10263852,13,0,235331,8.57,14.62,225408,31,13.4166,uuf250-066.cnf,446
geometric,446,250,1065,UNSAT,105423,123940,4641378,11,0,105422,8.23,13.87,95257,34,4.6904,uuf250-067.cnf,446
geometric,446,250,1065,UNSAT,29456,34382,1283705,8,0,29455,7.42,12.46,24706,28,0.9720,uuf250-068.cnf,446
geometric,446,250,1065,UNSAT,104317,121926,4427077,11,0,104316,8.02,13.50,95259,27,4.6466,uuf250-069.cnf,446
geometric,446,250,1065,UNSAT,108364,126110,4628032,11,0,108363,8.31,13.78,100759,30,4.9640,uuf250-07.cnf,446
geometric,446,250,1065,UNSAT,180687,211187,7823581,13,0,180686,8.50,14.35,171158,31,9.4095,uuf250-070.cnf,446
geometric,446,250,1065,UNSAT,180649,211516,7668099,13,0,180648,8.90,14.65,171156,33,9.5193,uuf250-071.cnf,446
geometric,446,250,1065,UNSAT,103462,120707,4460132,11,0,103461,8.34,13.80,95257,33,4.7214,uuf250-072.cnf,446
geometric,446,250,1065,UNSAT,51219,60163,2268803,10,0,51218,7.99,13.59,44653,28,1.9113,uuf250-073.cnf,446
geometric,446,250,1065,UNSAT,88797,104090,3748837,11,0,88796,7.95,12.95,79652,27,3.6820,uuf250-074.cnf,446
geometric,446,250,1065,UNSAT,116735,137388,5068045,12,0,116734,8.39,14.04,106403,28,5.3973,uuf250-075.cnf,446
geometric,446,250,1065,UNSAT,86501,101087,3656180,11,0,86500,8.07,13.11,79656,35,3.6603,uuf250-076.cnf,446
geometric,446,250,1065,UNSAT,247625,288952,10702626,13,0,247624,8.68,14.38,233759,28,14.2119,uuf250-077.cnf,446
geometric,446,250,1065,UNSAT,122557,143321,5341933,12,0,122556,8.30,13.57,112206,32,5.6362,uuf250-078.cnf,446
geometric,446,250,1065,UNSAT,121261,141280,5205480,12,0,121260,8.30,13.89,112211,31,5.7753,uuf250-079.cnf,446
geometric,446,250,1065,UNSAT,105068,122518,4496844,11,0,105067,7.91,13.32,95255,27,4.6427,uuf250-08.cnf,446
geometric,446,250,1065,UNSAT,144713,168332,6156436,12,0,144712,8.50,14.05,136907,32,7.1930,uuf250-080.cnf,446
geometric,446,250,1065,UNSAT,112499,131747,4775103,11,0,112498,8.39,13.81,106406,29,5.2174,uuf250-081.cnf,446
geometric,446,250,1065,UNSAT,120493,140528,5184613,12,0,120492,8.33,13.87,112206,29,5.6523,uuf250-082.cnf,446
geometric,446,250,1065,UNSAT,51586,60352,2278562,10,0,51585,7.72,13.53,44654,27,1.9488,uuf250-083.cnf,446
geometric,446,250,1065,UNSAT,70215,82593,3093735,10,0,70214,8.03,13.60,65407,28,2.8517,uuf250-084.cnf,446
geometric,446,250,1065,UNSAT,99114,115466,4196867,11,0,99113,8.09,13.45,89908,27,4.3394,uuf250-085.cnf,446
geometric,446,250,1065,UNSAT,80929,94396,3456942,11,0,80928,7.75,12.91,74756,28,3.3560,uuf250-086.cnf,446
geometric,446,250,1065,UNSAT,261836,305311,11314562,14,0,261835,8.83,14.63,250909,30,15.2643,uuf250-087.cnf,446
geometric,446,250,1065,UNSAT,114469,133942,4903778,11,0,114468,8.10,13.47,106407,26,5.1345,uuf250-088.cnf,446
geometric,446,250,1065,UNSAT,106414,124409,4649524,11,0,106413,8.18,13.79,100757,30,4.7898,uuf250-089.cnf,446
geometric,446,250,1065,UNSAT,198468,231989,8688910,13,0,198467,8.56,14.38,185909,29,10.5964,uuf250-09.cnf,446
geometric,446,250,1065,UNSAT,31220,36306,1323668,8,0,31219,7.55,12.68,27653,32,1.1029,uuf250-090.cnf,446
geometric,446,250,1065,UNSAT,100758,118557,4427312,11,0,100757,7.98,13.51,95257,30,4.3158,uuf250-091.cnf,446
geometric,446,250,1065,UNSAT,170854,199688,7239523,12,0,170853,8.51,14.25,157013,29,8.9764,uuf250-092.cnf,446
geometric,446,250,1065,UNSAT,104637,122743,4538758,11,0,104636,8.19,13.61,95253,29,4.6393,uuf250-093.cnf,446
geometric,446,250,1065,UNSAT,77062,90384,3310913,11,0,77061,8.00,13.23,70005,29,3.1903,uuf250-094.cnf,446
geometric,446,250,1065,UNSAT,60384,70765,2542981,10,0,60383,7.88,12.86,52503,37,2.3584,uuf250-095.cnf,446
geometric,446,250,1065,UNSAT,104684,121895,4539801,11,0,104683,8.03,13.47,95258,28,4.6857,uuf250-096.cnf,446
geometric,446,250,1065,UNSAT,60657,70950,2647510,10,0,60656,8.01,13.52,52507,38,2.4121,uuf250-097.cnf,446
geometric,446,250,1065,UNSAT,41906,49030,1829279,9,0,41905,7.57,12.68,37404,33,1.4955,uuf250-098.cnf,446
geometric,446,250,1065,UNSAT,60327,70902,2588016,10,0,60326,7.68,12.84,52504,33,2.3015,uuf250-099.cnf,446
geometric,500,250,1065,UNSAT,90375,106039,3993045,11,0,90374,8.02,13.53,84707,29,3.8354,uuf250-01.cnf,500
geometric,500,250,1065,UNSAT,95030,111584,4159732,11,0,95029,8.05,13.55,84710,28,4.0527,uuf250-010.cnf,500
geometric,500,250,1065,UNSAT,140489,164067,5919517,12,0,140488,8.44,13.71,130506,28,6.6595,uuf250-0100.cnf,500
geometric,500,250,1065,UNSAT,132327,154504,5713306,12,0,132326,8.38,13.65,124261,30,6.2603,uuf250-011.cnf,500
geometric,500,250,1065,UNSAT,97238,114586,4209440,11,0,97237,8.17,13.59,89905,27,4.2196,uuf250-012.cnf,500
geometric,500,250,1065,UNSAT,94449,111027,4014134,11,0,94448,8.20,13.71,84707,28,4.0646,uuf250-013.cnf,500
geometric,500,250,1065,UNSAT,155066,181674,6673281,12,0,155065,8.25,14.15,143457,31,7.7213,uuf250-014.cnf,500
geometric,500,250,1065,UNSAT,107120,125237,4609772,11,0,107119,8.31,13.96,100755,38,4.8431,uuf250-015.cnf,500
geometric,500,250,1065,UNSAT,67551,79181,2860479,10,0,67550,8.04,13.28,60955,35,2.6987,uuf250-016.cnf,500
geometric,500,250,1065,UNSAT,115304,135004,4866814,11,0,115303,8.09,13.37,106412,27,5.3018,uuf250-017.cnf,500
geometric,500,250,1065,UNSAT,106284,124623,4642340,11,0,106283,8.40,13.70,100759,28,4.6686,uuf250-018.cnf,500
geometric,500,250,1065,UNSAT,110245,127918,4767716,11,0,110244,8.27,14.04,100754,27,5.1295,uuf250-019.cnf,500
geometric,500,250,1065,UNSAT,95046,111202,4087878,11,0,95045,8.08,13.50,84705,25,4.1358,uuf250-02.cnf,500
geometric,500,250,1065,UNSAT,139959,164320,5951194,12,0,139958,8.51,14.05,130509,29,6.7125,uuf250-020.cnf,500
geometric,500,250,1065,UNSAT,176228,205882,7616189,12,0,176227,8.34,13.76,164007,31,9.0231,uuf250-021.cnf,500
geometric,500,250,1065,UNSAT,139641,162535,6121627,12,0,139640,8.41,13.89,130510,32,6.7269,uuf250-022.cnf,500
geometric,500,250,1065,UNSAT,56834,66667,2428788,10,0,56833,7.94,13.34,52510,34,2.2246,uuf250-023.cnf,500
geometric,500,250,1065,UNSAT,82361,96273,3548300,10,0,82360,7.99,13.10,74756,40,3.3466,uuf250-024.cnf,500
geometric,500,250,1065,UNSAT,105354,123351,4639028,11,0,105353,8.29,13.82,95255,29,4.7581,uuf250-025.cnf,500
geometric,500,250,1065,UNSAT,56695,66737,2448630,10,0,56694,7.96,13.21,52504,28,2.1707,uuf250-026.cnf,500
geometric,500,250,1065,UNSAT,122599,142773,5318347,11,0,122598,8.21,13.75,112207,27,5.7604,uuf250-027.cnf,500
geometric,500,250,1065,UNSAT,112758,132442,4890956,11,0,112757,8.44,13.85,106405,36,5.1596,uuf250-028.cnf,500
geometric,500,250,1065,UNSAT,63647,74230,2758541,10,0,63646,8.04,13.44,56662,28,2.5329,uuf250-029.cnf,500
geometric,500,250,1065,UNSAT,97572,113733,4267041,11,0,97571,8.13,13.73,89904,31,4.2867,uuf250-03.cnf,500
geometric,500,250,1065,UNSAT,58048,68148,2432375,10,0,58047,7.96,12.98,52505,29,2.2146,uuf250-030.cnf,500
geometric,500,250,1065,UNSAT,132461,156001,5911084,12,0,132460,8.51,14.15,124260,37,6.1967,uuf250-031.cnf,500
geometric,500,250,1065,UNSAT,92612,107770,3992216,11,0,92611,8.11,13.46,84705,29,4.0244,uuf250-032.cnf,500
geometric,500,250,1065,UNSAT,154149,180106,6602447,12,0,154148,8.49,14.14,143457,30,7.7991,uuf250-033.cnf,500
geometric,500,250,1065,UNSAT,148157,173558,6435631,12,0,148156,8.23,13.92,136909,31,7.2140,uuf250-034.cnf,500
geometric,500,250,1065,UNSAT,162012,189197,6874892,12,0,162011,8.47,13.94,150155,30,8.3070,uuf250-035.cnf,500
geometric,500,250,1065,UNSAT,75150,88094,3211393,10,0,75149,8.08,13.28,70007,28,3.1100,uuf250-036.cnf,500
geometric,500,250,1065,UNSAT,64490,75145,2694545,10,0,64489,7.92,12.90,56658,33,2.5470,uuf250-037.cnf,500
geometric,500,250,1065,UNSAT,47057,54989,2029672,9,0,47056,7.97,12.93,40953,27,1.7347,uuf250-038.cnf,500
geometric,500,250,1065,UNSAT,83388,97258,3583424,10,0,83387,8.07,13.24,74756,26,3.4907,uuf250-039.cnf,500
geometric,500,250,1065,UNSAT,101135,118801,4277364,11,0,101134,8.13,13.92,95258,28,4.5472,uuf250-04.cnf,500
geometric,500,250,1065,UNSAT,39489,45751,1697941,9,0,39488,7.79,12.82,34003,29,1.4100,uuf250-040.cnf,500
geometric,500,250,1065,UNSAT,83692,98933,3701198,10,0,83691,8.16,13.96,74759,30,3.4979,uuf250-041.cnf,500
geometric,500,250,1065,UNSAT,112881,131244,4861390,11,0,112880,8.27,13.75,106410,31,5.2108,uuf250-042.cnf,500
geometric,500,250,1065,UNSAT,129908,151903,5571859,12,0,129907,8.49,13.98,118157,30,6.1635,uuf250-043.cnf,500
geometric,500,250,1065,UNSAT,86136,100945,3773883,11,0,86135,8.22,13.72,79657,33,3.7231,uuf250-044.cnf,500
geometric,500,250,1065,UNSAT,70636,82496,3075866,10,0,70635,7.96,13.30,65404,27,2.8631,uuf250-045.cnf,500
geometric,500,250,1065,UNSAT,208030,243331,8944094,13,0,208029,8.72,14.74,193509,32,11.4802,uuf250-046.cnf,500
geometric,500,250,1065,UNSAT,83243,97064,3564076,10,0,83242,8.30,13.46,74757,36,3.5547,uuf250-047.cnf,500
geometric,500,250,1065,UNSAT,39628,46139,1741680,9,0,39627,7.64,12.75,34003,34,1.4112,uuf250-048.cnf,500
geometric,500,250,1065,UNSAT,75810,89154,3432825,10,0,75809,8.21,13.69,70003,27,3.0984,uuf250-049.cnf,500
geometric,500,250,1065,UNSAT,86107,101158,3642168,11,0,86106,8.04,13.41,79656,31,3.6400,uuf250-05.cnf,500
geometric,500,250,1065,UNSAT,96720,113235,4127566,11,0,96719,8.22,13.67,89909,30,4.2845,uuf250-050.cnf,500
geometric,500,250,1065,UNSAT,139751,162827,6120925,12,0,139750,8.19,13.68,130508,30,6.6697,uuf250-051.cnf,500
geometric,500,250,1065,UNSAT,103527,121128,4398327,11,0,103526,8.11,13.61,95258,25,4.6248,uuf250-052.cnf,500
geometric,500,250,1065,UNSAT,151267,177750,6469050,12,0,151266,8.57,14.18,143459,38,7.4406,uuf250-053.cnf,500
geometric,500,250,1065,UNSAT,94393,110847,4217132,11,0,94392,8.29,13.83,84703,28,4.0240,uuf250-054.cnf,500
geometric,500,250,1065,UNSAT,43291,50453,1820373,9,0,43290,7.70,12.72,37406,36,1.5554,uuf250-055.cnf,500
geometric,500,250,1065,UNSAT,72673,85142,3148926,10,0,72672,8.16,13.51,65406,29,2.9450,uuf250-056.cnf,500
geometric,500,250,1065,UNSAT,113928,134227,4894857,11,0,113927,8.25,13.91,106409,30,5.1543,uuf250-057.cnf,500
geometric,500,250,1065,UNSAT,164550,191972,7104144,12,0,164549,8.26,13.88,157010,30,8.2633,uuf250-058.cnf,500
geometric,500,250,1065,UNSAT,52569,61440,2253011,9,0,52568,7.86,12.85,48505,28,1.9803,uuf250-059.cnf,500
geometric,500,250,1065,UNSAT,99249,116232,4251692,11,0,99248,8.32,13.98,89906,27,4.4977,uuf250-06.cnf,500
geometric,500,250,1065,UNSAT,74084,86329,3197822,10,0,74083,8.09,13.34,65405,26,3.0711,uuf250-060.cnf,500
geometric,500,250,1065,UNSAT,178153,207356,7781949,12,0,178152,8.62,14.28,164006,36,9.2722,uuf250-061.cnf,500
geometric,500,250,1065,UNSAT,66175,78109,2860913,10,0,66174,7.92,13.19,60959,29,2.6071,uuf250-062.cnf,500
geometric,500,250,1065,UNSAT,133315,156469,5746315,12,0,133314,8.34,14.03,124256,28,6.3674,uuf250-063.cnf,500
geometric,500,250,1065,UNSAT,99504,116636,4359822,11,0,99503,8.17,13.98,89905,34,4.4061,uuf250-064.cnf,500
geometric,500,250,1065,UNSAT,58869,68417,2514768,10,0,58868,8.00,13.15,52504,29,2.3284,uuf250-065.cnf,500
geometric,500,250,1065,UNSAT,232146,271707,10045790,13,0,232145,8.55,14.49,217208,31,13.0312,uuf250-066.cnf,500
geometric,500,250,1065,UNSAT,99458,116754,4399976,11,0,99457,8.45,14.01,89905,34,4.4050,uuf250-067.cnf,500
geometric,500,250,1065,UNSAT,27306,31796,1210932,8,0,27305,7.39,12.30,21902,28,0.9096,uuf250-068.cnf,500
geometric,500,250,1065,UNSAT,123963,145118,5230712,11,0,123962,8.33,13.60,112207,29,5.8477,uuf250-069.cnf,500
geometric,500,250,1065,UNSAT,107847,124937,4613234,11,0,107846,8.38,13.89,100753,30,5.0179,uuf250-07.cnf,500
geometric,500,250,1065,UNSAT,167770,196192,7329237,12,0,167769,8.51,14.33,157009,31,8.7130,uuf250-070.cnf,500
geometric,500,250,1065,UNSAT,185264,216199,7878014,12,0,185263,8.65,14.42,171163,33,9.7720,uuf250-071.cnf,500
geometric,500,250,1065,UNSAT,88180,102741,3816462,11,0,88179,8.33,13.86,79655,33,3.8051,uuf250-072.cnf,500
geometric,500,250,1065,UNSAT,53641,63090,2373442,9,0,53640,8.01,13.55,48503,28,2.0171,uuf250-073.cnf,500
geometric,500,250,1065,UNSAT,88870,104000,3727476,11,0,88869,8.11,13.31,79654,26,3.7671,uuf250-074.cnf,500
geometric,500,250,1065,UNSAT,102892,121135,4504308,11,0,102891,8.38,14.21,95254,35,4.5166,uuf250-075.cnf,500
geometric,500,250,1065,UNSAT,81326,94839,3437867,10,0,81325,7.89,12.79,74758,35,3.3133,uuf250-076.cnf,500
geometric,500,250,1065,UNSAT,188329,221213,8196048,12,0,188328,8.60,14.42,178455,30,10.1009,uuf250-077.cnf,500
geometric,500,250,1065,UNSAT,126337,147180,5479840,11,0,126336,8.23,13.53,118153,32,5.8169,uuf250-078.cnf,500
geometric,500,250,1065,UNSAT,96663,112914,4170755,11,0,96662,8.07,13.73,89903,31,4.3084,uuf250-079.cnf,500
geometric,500,250,1065,UNSAT,96140,112476,4100237,11,0,96139,8.27,13.54,89907,27,4.1986,uuf250-08.cnf,500
geometric,500,250,1065,UNSAT,139005,160988,5963556,12,0,139004,8.24,13.73,130504,32,6.8311,uuf250-080.cnf,500
geometric,500,250,1065,UNSAT,117208,137139,5010920,11,0,117207,8.17,13.47,106410,29,5.4100,uuf250-081.cnf,500
geometric,500,250,1065,UNSAT,104164,121302,4527722,11,0,104163,8.19,13.62,95257,27,4.6531,uuf250-082.cnf,500
geometric,500,250,1065,UNSAT,55088,64652,2419929,9,0,55087,7.92,13.44,48501,26,2.1251,uuf250-083.cnf,500
geometric,500,250,1065,UNSAT,67056,78878,2973648,10,0,67055,8.26,13.97,60957,29,2.6901,uuf250-084.cnf,500
geometric,500,250,1065,UNSAT,94852,110846,4048051,11,0,94851,7.94,13.41,84704,27,4.1018,uuf250-085.cnf,500
geometric,500,250,1065,UNSAT,85183,99473,3660126,10,0,85182,7.72,12.73,79655,28,3.4983,uuf250-086.cnf,500
geometric,500,250,1065,UNSAT,228071,265826,9884814,13,0,228070,8.97,14.92,217209,29,12.8422,uuf250-087.cnf,500
geometric,500,250,1065,UNSAT,121373,142316,5175795,11,0,121372,8.60,14.10,112207,29,5.6775,uuf250-088.cnf,500
geometric,500,250,1065,UNSAT,111458,129913,4879076,11,0,111457,8.25,13.87,100752,32,5.1208,uuf250-089.cnf,500
geometric,500,250,1065,UNSAT,186677,218136,8218041,12,0,186676,8.73,14.51,178457,29,9.9031,uuf250-09.cnf,500
geometric,500,250,1065,UNSAT,32342,37528,1386244,8,0,32341,7.32,12.29,27654,32,1.1331,uuf250-090.cnf,500
geometric,500,250,1065,UNSAT,108464,127640,4733535,11,0,108463,8.31,14.19,100755,30,4.8609,uuf250-091.cnf,500
geometric,500,250,1065,UNSAT,166671,195349,7097785,12,0,166670,8.70,14.51,157006,31,8.5836,uuf250-092.cnf,500
geometric,500,250,1065,UNSAT,102747,120633,4453579,11,0,102746,8.05,13.33,95256,27,4.4742,uuf250-093.cnf,500
geometric,500,250,1065,UNSAT,87761,102518,3718603,11,0,87760,8.05,13.17,79655,27,3.6745,uuf250-094.cnf,500
geometric,500,250,1065,UNSAT,55536,64935,2353632,9,0,55535,7.77,12.77,48503,37,2.1260,uuf250-095.cnf,500
geometric,500,250,1065,UNSAT,117939,136785,5115561,11,0,117938,8.31,13.72,106404,29,5.5578,uuf250-096.cnf,500
geometric,500,250,1065,UNSAT,59324,69133,2603456,10,0,59323,7.76,13.16,52504,38,2.2630,uuf250-097.cnf,500
geometric,500,250,1065,UNSAT,42466,49551,1862022,9,0,42465,7.75,12.86,37403,33,1.5499,uuf250-098.cnf,500
geometric,500,250,1065,UNSAT,62118,72800,2679343,10,0,62117,7.87,12.89,56654,33,2.4190,uuf250-099.cnf,500
geometric,600,250,1065,UNSAT,94967,111422,4197094,10,0,94966,8.05,13.58,84704,26,4.0995,uuf250-01.cnf,600
geometric,600,250,1065,UNSAT,106148,124018,4611127,11,0,106147,8.27,13.77,95258,28,4.7505,uuf250-010.cnf,600
geometric,600,250,1065,UNSAT,135709,158455,5740160,11,0,135708,8.41,13.77,124257,27,6.3725,uuf250-0100.cnf,600
geometric,600,250,1065,UNSAT,112909,131958,4905003,11,0,112908,8.20,13.59,106411,29,5.1791,uuf250-011.cnf,600
geometric,600,250,1065,UNSAT,104554,122233,4550161,11,0,104553,8.14,13.28,95257,27,4.6068,uuf250-012.cnf,600
geometric,600,250,1065,UNSAT,104216,121639,4388249,11,0,104215,8.20,13.52,95254,26,4.6158,uuf250-013.cnf,600
geometric,600,250,1065,UNSAT,147384,172036,6376329,11,0,147383,8.19,14.01,136908,31,7.2330,uuf250-014.cnf,600
geometric,600,250,1065,UNSAT,122943,143824,5253951,11,0,122942,8.53,14.07,112205,38,5.7060,uuf250-015.cnf,600
geometric,600,250,1065,UNSAT,61505,72428,2621158,9,0,61504,7.74,12.88,56657,29,2.4186,uuf250-016.cnf,600
geometric,600,250,1065,UNSAT,113765,133006,4762811,11,0,113764,8.13,13.50,106407,25,5.2328,uuf250-017.cnf,600
geometric,600,250,1065,UNSAT,118364,138370,5135437,11,0,118363,8.41,13.76,112205,30,5.3447,uuf250-018.cnf,600
geometric,600,250,1065,UNSAT,106305,123253,4584633,11,0,106304,8.18,13.84,100757,32,4.9192,uuf250-019.cnf,600
geometric,600,250,1065,UNSAT,95391,111778,4092760,10,0,95390,8.09,13.60,89910,29,4.1807,uuf250-02.cnf,600
geometric,600,250,1065,UNSAT,156843,183574,6649235,12,0,156842,8.43,13.93,143454,31,7.7399,uuf250-020.cnf,600
geometric,600,250,1065,UNSAT,150595,176214,6578004,11,0,150594,8.46,14.01,143458,33,7.3568,uuf250-021.cnf,600
geometric,600,250,1065,UNSAT,138805,162142,6031978,11,0,138804,8.55,14.19,130507,32,6.7139,uuf250-022.cnf,600
geometric,600,250,1065,UNSAT,68170,79654,2901278,10,0,68169,8.22,13.54,60952,34,2.7566,uuf250-023.cnf,600
geometric,600,250,1065,UNSAT,73298,85883,3185698,10,0,73297,7.94,13.29,65406,40,2.9435,uuf250-024.cnf,600
geometric,600,250,1065,UNSAT,100726,118034,4431983,10,0,100725,8.40,14.07,95251,28,4.5366,uuf250-025.cnf,600
geometric,600,250,1065,UNSAT,50728,59599,2216077,9,0,50727,7.93,13.32,44653,26,1.9099,uuf250-026.cnf,600
geometric,600,250,1065,UNSAT,135566,158070,5866803,11,0,135565,8.46,14.05,124259,28,6.5710,uuf250-027.cnf,600
geometric,600,250,1065,UNSAT,111432,130795,4808151,11,0,111431,8.52,14.25,100756,30,5.2244,uuf250-028.cnf,600
geometric,600,250,1065,UNSAT,67700,78725,2933799,9,0,67699,7.97,13.49,60953,28,2.8024,uuf250-029.cnf,600
geometric,600,250,1065,UNSAT,112660,132100,4885649,11,0,112659,7.98,13.47,106405,31,5.1506,uuf250-03.cnf,600
geometric,600,250,1065,UNSAT,67752,79771,2806369,9,0,67751,7.70,12.45,60958,29,2.6366,uuf250-030.cnf,600
geometric,600,250,1065,UNSAT,149772,175954,6632058,11,0,149771,8.54,14.21,136908,37,7.3620,uuf250-031.cnf,600
geometric,600,250,1065,UNSAT,95734,111097,4086468,10,0,95733,8.13,13.66,89908,29,4.2458,uuf250-032.cnf,600
geometric,600,250,1065,UNSAT,150407,176561,6449416,11,0,150406,8.31,13.94,143464,29,7.5579,uuf250-033.cnf,600
geometric,600,250,1065,UNSAT,146504,171899,6344745,11,0,146503,8.48,14.19,136909,28,7.1128,uuf250-034.cnf,600
geometric,600,250,1065,UNSAT,132128,155278,5616518,11,0,132127,8.38,13.87,124255,30,6.2591,uuf250-035.cnf,600
geometric,600,250,1065,UNSAT,71414,83588,3030392,10,0,71413,8.13,13.59,65405,27,2.9270,uuf250-036.cnf,600
geometric,600,250,1065,UNSAT,56839,66148,2418886,9,0,56838,7.78,12.77,52504,33,2.1910,uuf250-037.cnf,600
geometric,600,250,1065,UNSAT,48673,56835,2101858,9,0,48672,7.67,12.66,44654,27,1.7809,uuf250-038.cnf,600
geometric,600,250,1065,UNSAT,79129,92328,3424190,10,0,79128,7.94,13.10,70009,27,3.2583,uuf250-039.cnf,600
geometric,600,250,1065,UNSAT,106268,124318,4510260,11,0,106267,8.14,13.73,95257,28,4.7956,uuf250-04.cnf,600
geometric,600,250,1065,UNSAT,35805,41763,1526745,8,0,35804,7.58,12.49,30755,29,1.2287,uuf250-040.cnf,600
geometric,600,250,1065,UNSAT,72253,85296,3215553,10,0,72252,8.13,13.88,65408,30,2.9076,uuf250-041.cnf,600
geometric,600,250,1065,UNSAT,98341,114624,4275397,10,0,98340,8.14,13.51,89908,28,4.3738,uuf250-042.cnf,600
geometric,600,250,1065,UNSAT,127207,148058,5446667,11,0,127206,8.44,13.89,118157,30,5.9761,uuf250-043.cnf,600
geometric,600,250,1065,UNSAT,84494,99229,3704725,10,0,84493,7.98,13.53,74756,33,3.5526,uuf250-044.cnf,600
geometric,600,250,1065,UNSAT,60669,71138,2651603,9,0,60668,7.89,13.22,52502,27,2.3948,uuf250-045.cnf,600
geometric,600,250,1065,UNSAT,167703,197570,7265569,12,0,167702,8.53,14.42,157009,28,8.4888,uuf250-046.cnf,600
geometric,600,250,1065,UNSAT,81718,95389,3522198,10,0,81717,8.15,13.39,74756,36,3.4167,uuf250-047.cnf,600
geometric,600,250,1065,UNSAT,38123,44683,1689281,8,0,38122,7.61,12.70,34001,34,1.3540,uuf250-048.cnf,600
geometric,600,250,1065,UNSAT,96681,113102,4384662,10,0,96680,8.36,13.90,89909,28,4.2074,uuf250-049.cnf,600
geometric,600,250,1065,UNSAT,75327,88646,3233196,10,0,75326,8.14,13.59,70008,31,3.1150,uuf250-05.cnf,600
geometric,600,250,1065,UNSAT,113417,132633,4811147,11,0,113416,8.34,13.89,106407,27,5.2621,uuf250-050.cnf,600
geometric,600,250,1065,UNSAT,172531,200784,7459825,12,0,172530,8.47,14.23,164008,27,8.9364,uuf250-051.cnf,600
geometric,600,250,1065,UNSAT,104115,121466,4414318,11,0,104114,8.28,13.69,95257,27,4.6701,uuf250-052.cnf,600
geometric,600,250,1065,UNSAT,160438,187893,6816275,12,0,160437,8.52,14.29,150153,38,7.9950,uuf250-053.cnf,600
geometric,600,250,1065,UNSAT,97898,114649,4389713,10,0,97897,8.08,13.65,89908,28,4.2490,uuf250-054.cnf,600
geometric,600,250,1065,UNSAT,42432,49541,1781184,8,0,42431,7.53,12.48,37404,36,1.5301,uuf250-055.cnf,600
geometric,600,250,1065,UNSAT,77259,90978,3351490,10,0,77258,8.17,13.60,70002,29,3.1691,uuf250-056.cnf,600
geometric,600,250,1065,UNSAT,116718,137318,4971034,11,0,116717,8.39,14.24,106411,30,5.4512,uuf250-057.cnf,600
geometric,600,250,1065,UNSAT,169744,198145,7342684,12,0,169743,8.56,14.10,157008,30,8.6856,uuf250-058.cnf,600
geometric,600,250,1065,UNSAT,60696,70777,2571091,9,0,60695,8.06,13.00,52507,28,2.3618,uuf250-059.cnf,600
geometric,600,250,1065,UNSAT,108784,127541,4664314,11,0,108783,8.15,14.05,100757,30,4.9667,uuf250-06.cnf,600
geometric,600,250,1065,UNSAT,78518,91577,3384170,10,0,78517,7.89,13.22,70003,26,3.2467,uuf250-060.cnf,600
geometric,600,250,1065,UNSAT,187396,218643,8109933,12,0,187395,8.67,14.30,178460,36,9.9494,uuf250-061.cnf,600
geometric,600,250,1065,UNSAT,69207,81559,2955339,10,0,69206,7.84,12.96,60958,29,2.7332,uuf250-062.cnf,600
geometric,600,250,1065,UNSAT,135791,159353,5857248,11,0,135790,8.17,13.80,124257,26,6.4622,uuf250-063.cnf,600
geometric,600,250,1065,UNSAT,105579,122874,4622707,11,0,105578,8.10,13.91,95254,34,4.7272,uuf250-064.cnf,600
geometric,600,250,1065,UNSAT,70109,81391,3022324,10,0,70108,7.82,12.93,65405,30,2.8409,uuf250-065.cnf,600
geometric,600,250,1065,UNSAT,177836,207984,7790898,12,0,177835,8.33,14.21,164010,31,9.1944,uuf250-066.cnf,600
geometric,600,250,1065,UNSAT,110210,129614,4833101,11,0,110209,8.26,13.90,100759,34,4.9929,uuf250-067.cnf,600
geometric,600,250,1065,UNSAT,32781,37941,1442657,8,0,32780,7.61,12.46,27653,28,1.1228,uuf250-068.cnf,600
geometric,600,250,1065,UNSAT,111079,129838,4707253,11,0,111078,8.26,13.83,100756,27,5.1646,uuf250-069.cnf,600
geometric,600,250,1065,UNSAT,99305,115966,4287275,10,0,99304,8.32,13.84,89908,30,4.4129,uuf250-07.cnf,600
geometric,600,250,1065,UNSAT,185777,217535,8044051,12,0,185776,8.54,14.48,178459,28,9.8880,uuf250-070.cnf,600
geometric,600,250,1065,UNSAT,133953,157488,5742886,11,0,133952,8.49,14.36,124262,33,6.5576,uuf250-071.cnf,600
geometric,600,250,1065,UNSAT,111682,130624,4785209,11,0,111681,8.25,13.77,100756,33,5.0864,uuf250-072.cnf,600
geometric,600,250,1065,UNSAT,65076,76397,2864265,9,0,65075,8.12,13.36,56653,28,2.5588,uuf250-073.cnf,600
geometric,600,250,1065,UNSAT,86125,100718,3656041,10,0,86124,8.16,13.07,79656,27,3.5590,uuf250-074.cnf,600
geometric,600,250,1065,UNSAT,98535,116024,4297782,10,0,98534,8.33,14.04,89903,28,4.3242,uuf250-075.cnf,600
geometric,600,250,1065,UNSAT,79215,92909,3357139,10,0,79214,7.92,12.97,70008,35,3.2657,uuf250-076.cnf,600
geometric,600,250,1065,UNSAT,169668,198836,7462266,12,0,169667,8.39,14.21,157011,31,8.6834,uuf250-077.cnf,600
geometric,600,250,1065,UNSAT,119217,139283,5183675,11,0,119216,8.33,13.82,112209,32,5.5166,uuf250-078.cnf,600
geometric,600,250,1065,UNSAT,113908,132587,4858340,11,0,113907,8.33,13.92,106409,31,5.3762,uuf250-079.cnf,600
geometric,600,250,1065,UNSAT,107551,125490,4577291,11,0,107550,8.23,13.68,100755,28,4.8861,uuf250-08.cnf,600
geometric,600,250,1065,UNSAT,122793,142660,5270196,11,0,122792,8.21,13.75,112202,32,5.8202,uuf250-080.cnf,600
geometric,600,250,1065,UNSAT,148801,173307,6292135,11,0,148800,8.29,13.65,136906,29,7.2778,uuf250-081.cnf,600
geometric,600,250,1065,UNSAT,100536,117063,4373674,10,0,100535,8.01,13.44,89902,27,4.4009,uuf250-082.cnf,600
geometric,600,250,1065,UNSAT,60824,71362,2669780,9,0,60823,8.02,13.61,56656,27,2.3716,uuf250-083.cnf,600
geometric,600,250,1065,UNSAT,64589,75677,2853023,9,0,64588,8.20,13.62,56655,26,2.5811,uuf250-084.cnf,600
geometric,600,250,1065,UNSAT,95156,110784,4063732,10,0,95155,8.09,13.53,89904,27,4.2039,uuf250-085.cnf,600
geometric,600,250,1065,UNSAT,80970,94567,3478045,10,0,80969,8.04,13.20,74755,30,3.3880,uuf250-086.cnf,600
geometric,600,250,1065,UNSAT,228613,267973,9948559,12,0,228612,8.62,14.36,217208,31,12.5806,uuf250-087.cnf,600
geometric,600,250,1065,UNSAT,102029,119724,4410033,10,0,102028,8.30,13.97,95256,27,4.5016,uuf250-088.cnf,600
geometric,600,250,1065,UNSAT,104308,122188,4577874,11,0,104307,8.42,14.12,95262,30,4.7542,uuf250-089.cnf,600
geometric,600,250,1065,UNSAT,209383,243845,9168542,12,0,209382,8.75,14.38,201259,30,11.4081,uuf250-09.cnf,600
geometric,600,250,1065,UNSAT,35211,40847,1506636,8,0,35210,7.60,12.65,30751,32,1.2490,uuf250-090.cnf,600
geometric,600,250,1065,UNSAT,118519,139282,5158507,11,0,118518,8.38,14.11,112206,31,5.5699,uuf250-091.cnf,600
geometric,600,250,1065,UNSAT,155576,181897,6669638,12,0,155575,8.61,14.21,143456,30,7.8723,uuf250-092.cnf,600
geometric,600,250,1065,UNSAT,102058,120166,4414180,10,0,102057,8.03,13.25,95254,25,4.4877,uuf250-093.cnf,600
geometric,600,250,1065,UNSAT,91843,108041,3906285,10,0,91842,8.29,13.87,84709,27,4.0635,uuf250-094.cnf,600
geometric,600,250,1065,UNSAT,62219,72437,2607453,9,0,62218,8.02,12.98,56655,37,2.4531,uuf250-095.cnf,600
geometric,600,250,1065,UNSAT,111361,129663,4870783,11,0,111360,8.13,13.50,100754,28,5.1236,uuf250-096.cnf,600
geometric,600,250,1065,UNSAT,61528,72220,2697470,9,0,61527,8.00,13.36,56653,38,2.4096,uuf250-097.cnf,600
geometric,600,250,1065,UNSAT,42129,49334,1861737,8,0,42128,7.74,12.84,37404,33,1.5235,uuf250-098.cnf,600
geometric,600,250,1065,UNSAT,76507,89006,3261174,10,0,76506,8.05,13.29,70007,33,3.1697,uuf250-099.cnf,600
geometric,700,250,1065,UNSAT,103229,121032,4587400,10,0,103228,8.25,13.78,95258,29,4.5235,uuf250-01.cnf,700
geometric,700,250,1065,UNSAT,86029,101012,3748923,10,0,86028,8.07,13.49,79653,28,3.5918,uuf250-010.cnf,700
geometric,700,250,1065,UNSAT,129109,151131,5463066,11,0,129108,8.49,13.98,118159,28,6.1217,uuf250-0100.cnf,700
geometric,700,250,1065,UNSAT,130025,152199,5607226,11,0,130024,8.21,13.60,118159,29,6.1232,uuf250-011.cnf,700
geometric,700,250,1065,UNSAT,101169,118713,4396908,10,0,101168,8.43,13.68,95258,29,4.4660,uuf250-012.cnf,700
geometric,700,250,1065,UNSAT,98372,115090,4172109,10,0,98371,8.16,13.51,89907,27,4.2612,uuf250-013.cnf,700
geometric,700,250,1065,UNSAT,116995,136576,5108538,10,0,116994,8.13,13.67,106409,31,5.3175,uuf250-014.cnf,700
geometric,700,250,1065,UNSAT,147617,171553,6287386,11,0,147616,8.53,14.06,136905,38,7.2969,uuf250-015.cnf,700
geometric,700,250,1065,UNSAT,63735,74414,2718624,9,0,63734,7.98,13.06,56655,31,2.5316,uuf250-016.cnf,700
geometric,700,250,1065,UNSAT,123668,144572,5168435,11,0,123667,8.20,13.53,112205,26,5.8314,uuf250-017.cnf,700
geometric,700,250,1065,UNSAT,108813,127523,4765995,10,0,108812,8.33,13.59,100756,29,4.8044,uuf250-018.cnf,700
geometric,700,250,1065,UNSAT,101073,117648,4406465,10,0,101072,8.18,13.79,95257,31,4.5186,uuf250-019.cnf,700
geometric,700,250,1065,UNSAT,115076,134056,4925256,10,0,115075,8.36,13.84,106407,26,5.3141,uuf250-02.cnf,700
geometric,700,250,1065,UNSAT,144165,169879,6087111,11,0,144164,8.47,13.85,136912,28,6.9759,uuf250-020.cnf,700
geometric,700,250,1065,UNSAT,147668,172141,6483380,11,0,147667,8.30,13.70,136910,31,7.1833,uuf250-021.cnf,700
geometric,700,250,1065,UNSAT,148324,173331,6442134,11,0,148323,8.27,13.74,136907,32,7.2803,uuf250-022.cnf,700
geometric,700,250,1065,UNSAT,66058,76781,2833764,9,0,66057,8.09,13.41,60953,34,2.6765,uuf250-023.cnf,700
geometric,700,250,1065,UNSAT,69018,80671,2991781,9,0,69017,7.90,13.07,60955,40,2.7087,uuf250-024.cnf,700
geometric,700,250,1065,UNSAT,99188,115855,4327725,10,0,99187,8.13,13.79,89904,28,4.3792,uuf250-025.cnf,700
geometric,700,250,1065,UNSAT,58566,68698,2559722,9,0,58565,7.83,13.19,52503,25,2.2815,uuf250-026.cnf,700
geometric,700,250,1065,UNSAT,120245,140574,5242542,11,0,120244,8.13,13.72,112210,27,5.5241,uuf250-027.cnf,700
geometric,700,250,1065,UNSAT,108951,127485,4733006,10,0,108950,7.97,13.38,100759,29,4.8790,uuf250-028.cnf,700
geometric,700,250,1065,UNSAT,68147,79210,2967030,9,0,68146,8.02,13.50,60955,29,2.7723,uuf250-029.cnf,700
geometric,700,250,1065,UNSAT,111881,130343,4850744,10,0,111880,8.15,13.60,100761,31,5.1185,uuf250-03.cnf,700
geometric,700,250,1065,UNSAT,59272,70059,2467416,9,0,59271,7.90,13.02,52506,29,2.2704,uuf250-030.cnf,700
geometric,700,250,1065,UNSAT,162615,190146,7166944,11,0,162614,8.72,14.40,150159,37,8.1617,uuf250-031.cnf,700
geometric,700,250,1065,UNSAT,99927,116333,4273242,10,0,99926,8.01,12.93,89905,29,4.3388,uuf250-032.cnf,700
geometric,700,250,1065,UNSAT,170442,199502,7261496,11,0,170441,8.52,14.11,157004,33,8.9332,uuf250-033.cnf,700
geometric,700,250,1065,UNSAT,142394,166544,6170075,11,0,142393,8.53,14.39,130507,29,6.9691,uuf250-034.cnf,700
geometric,700,250,1065,UNSAT,128796,150648,5553853,11,0,128795,8.07,13.42,118156,30,6.0174,uuf250-035.cnf,700
geometric,700,250,1065,UNSAT,78963,92024,3352042,9,0,78962,8.33,13.65,70006,28,3.3436,uuf250-036.cnf,700
geometric,700,250,1065,UNSAT,54755,63822,2321727,9,0,54754,7.90,12.94,48502,33,2.0952,uuf250-037.cnf,700
geometric,700,250,1065,UNSAT,40590,47445,1756165,8,0,40589,7.78,12.79,34001,27,1.4551,uuf250-038.cnf,700
geometric,700,250,1065,UNSAT,91290,106803,3908715,10,0,91289,8.12,13.29,84707,26,3.8632,uuf250-039.cnf,700
geometric,700,250,1065,UNSAT,118822,139546,5028320,10,0,118821,8.43,13.98,112211,32,5.5717,uuf250-04.cnf,700
geometric,700,250,1065,UNSAT,37599,43900,1606555,8,0,37598,7.79,12.76,34006,29,1.3070,uuf250-040.cnf,700
geometric,700,250,1065,UNSAT,94003,110621,4135431,10,0,94002,8.31,14.16,84711,30,4.0774,uuf250-041.cnf,700
geometric,700,250,1065,UNSAT,109065,126681,4740539,10,0,109064,8.35,13.72,100756,28,5.0231,uuf250-042.cnf,700
geometric,700,250,1065,UNSAT,120460,140642,5205527,11,0,120459,8.37,13.85,112206,30,5.5866,uuf250-043.cnf,700
geometric,700,250,1065,UNSAT,93607,109651,4077006,10,0,93606,8.26,13.86,84709,33,4.1021,uuf250-044.cnf,700
geometric,700,250,1065,UNSAT,58618,69016,2565694,9,0,58617,7.69,12.81,52506,27,2.2441,uuf250-045.cnf,700
geometric,700,250,1065,UNSAT,170639,200552,7344426,11,0,170638,8.83,14.77,157005,31,8.8525,uuf250-046.cnf,700
geometric,700,250,1065,UNSAT,71593,84193,3106283,9,0,71592,8.00,13.14,65400,36,2.9076,uuf250-047.cnf,700
geometric,700,250,1065,UNSAT,41922,48600,1823281,8,0,41921,7.71,12.80,37404,34,1.5358,uuf250-048.cnf,700
geometric,700,250,1065,UNSAT,72511,84901,3302034,9,0,72510,7.87,13.35,65403,27,2.8967,uuf250-049.cnf,700
geometric,700,250,1065,UNSAT,71132,83671,3053149,9,0,71131,7.95,13.51,65403,31,2.8804,uuf250-05.cnf,700
geometric,700,250,1065,UNSAT,119040,139468,5006517,10,0,119039,8.33,13.69,112207,32,5.5801,uuf250-050.cnf,700
geometric,700,250,1065,UNSAT,134724,157012,5926670,11,0,134723,8.24,13.87,124256,27,6.4033,uuf250-051.cnf,700
geometric,700,250,1065,UNSAT,96502,113021,4090227,10,0,96501,7.93,13.25,89903,25,4.2553,uuf250-052.cnf,700
geometric,700,250,1065,UNSAT,148669,173807,6346564,11,0,148668,8.25,13.87,136911,38,7.1830,uuf250-053.cnf,700
geometric,700,250,1065,UNSAT,103950,121371,4608607,10,0,103949,8.15,13.53,95259,29,4.5962,uuf250-054.cnf,700
geometric,700,250,1065,UNSAT,35468,41490,1495885,8,0,35467,7.55,12.56,30754,36,1.2203,uuf250-055.cnf,700
geometric,700,250,1065,UNSAT,74046,86541,3222604,9,0,74045,8.05,13.48,65407,30,3.0250,uuf250-056.cnf,700
geometric,700,250,1065,UNSAT,159010,186320,6683366,11,0,159009,8.28,13.88,150158,30,7.9376,uuf250-057.cnf,700
geometric,700,250,1065,UNSAT,156529,182964,6825510,11,0,156528,8.43,13.84,143457,30,7.8192,uuf250-058.cnf,700
geometric,700,250,1065,UNSAT,52146,61006,2222175,8,0,52145,7.90,13.04,44652,28,2.0180,uuf250-059.cnf,700
geometric,700,250,1065,UNSAT,94212,110849,4049718,10,0,94211,8.22,13.85,84706,28,4.1673,uuf250-06.cnf,700
geometric,700,250,1065,UNSAT,59243,69378,2578848,9,0,59242,7.82,13.00,52505,27,2.2922,uuf250-060.cnf,700
geometric,700,250,1065,UNSAT,153185,179700,6712659,11,0,153184,8.55,14.38,143456,36,7.6652,uuf250-061.cnf,700
geometric,700,250,1065,UNSAT,65311,77081,2802996,9,0,65310,7.94,13.14,60959,29,2.6223,uuf250-062.cnf,700
geometric,700,250,1065,UNSAT,145630,170445,6284926,11,0,145629,8.29,13.88,136910,32,7.0789,uuf250-063.cnf,700
geometric,700,250,1065,UNSAT,99019,114972,4340957,10,0,99018,8.29,13.98,89907,34,4.4460,uuf250-064.cnf,700
geometric,700,250,1065,UNSAT,67353,78131,2902183,9,0,67352,7.83,12.90,60955,29,2.7327,uuf250-065.cnf,700
geometric,700,250,1065,UNSAT,221639,258669,9606766,12,0,221638,8.54,14.38,209161,31,12.3614,uuf250-066.cnf,700
geometric,700,250,1065,UNSAT,109512,128200,4795730,10,0,109511,8.08,13.50,100754,34,4.9075,uuf250-067.cnf,700
geometric,700,250,1065,UNSAT,33387,38940,1455623,7,0,33386,7.71,12.64,27653,28,1.1673,uuf250-068.cnf,700
geometric,700,250,1065,UNSAT,115243,134777,4895534,10,0,115242,8.30,13.69,106407,29,5.3853,uuf250-069.cnf,700
geometric,700,250,1065,UNSAT,104476,122261,4455479,10,0,104475,8.34,13.73,95260,34,4.7727,uuf250-07.cnf,700
geometric,700,250,1065,UNSAT,173138,202313,7531077,11,0,173137,8.61,14.53,164012,32,9.0139,uuf250-070.cnf,700
geometric,700,250,1065,UNSAT,165731,194259,7069617,11,0,165730,8.48,14.30,157007,33,8.4730,uuf250-071.cnf,700
geometric,700,250,1065,UNSAT,104559,121780,4485231,10,0,104558,8.20,13.66,95256,33,4.7633,uuf250-072.cnf,700
geometric,700,250,1065,UNSAT,52503,61561,2345799,9,0,52502,8.03,13.33,48503,28,1.9989,uuf250-073.cnf,700
geometric,700,250,1065,UNSAT,75869,88535,3223853,9,0,75868,7.86,12.80,70005,29,3.0571,uuf250-074.cnf,700
geometric,700,250,1065,UNSAT,116894,137748,5048134,10,0,116893,8.71,14.41,106406,30,5.5018,uuf250-075.cnf,700
geometric,700,250,1065,UNSAT,76230,88963,3242496,9,0,76229,7.86,12.86,70003,35,3.0744,uuf250-076.cnf,700
geometric,700,250,1065,UNSAT,202828,236749,8849707,12,0,202827,8.40,14.28,193510,26,10.9325,uuf250-077.cnf,700
geometric,700,250,1065,UNSAT,115226,134423,5004833,10,0,115225,8.18,13.50,106405,32,5.2442,uuf250-078.cnf,700
geometric,700,250,1065,UNSAT,86665,101527,3769795,10,0,86664,8.24,14.00,79654,31,3.7667,uuf250-079.cnf,700
geometric,700,250,1065,UNSAT,92922,108773,3984110,10,0,92921,8.14,13.59,84706,28,4.0034,uuf250-08.cnf,700
geometric,700,250,1065,UNSAT,112834,131438,4821102,10,0,112833,8.20,13.80,106407,32,5.2544,uuf250-080.cnf,700
geometric,700,250,1065,UNSAT,124370,145476,5294106,11,0,124369,8.18,13.51,118158,31,5.7789,uuf250-081.cnf,700
geometric,700,250,1065,UNSAT,121117,140990,5219784,11,0,121116,8.31,13.85,112205,27,5.7093,uuf250-082.cnf,700
geometric,700,250,1065,UNSAT,53234,62469,2351693,9,0,53233,7.81,13.47,48508,28,2.0265,uuf250-083.cnf,700
geometric,700,250,1065,UNSAT,61597,72676,2692653,9,0,61596,7.99,13.40,56654,27,2.4070,uuf250-084.cnf,700
geometric,700,250,1065,UNSAT,91969,107415,3887754,10,0,91968,8.08,13.58,84711,29,4.0062,uuf250-085.cnf,700
geometric,700,250,1065,UNSAT,84227,98254,3594191,10,0,84226,7.91,13.07,74753,28,3.5317,uuf250-086.cnf,700
geometric,700,250,1065,UNSAT,248387,289801,10793409,12,0,248386,8.80,14.66,233762,30,14.0666,uuf250-087.cnf,700
geometric,700,250,1065,UNSAT,113387,133024,4855358,10,0,113386,8.23,13.64,106407,27,5.0626,uuf250-088.cnf,700
geometric,700,250,1065,UNSAT,107416,125352,4667646,10,0,107415,8.55,14.21,100754,30,4.9541,uuf250-089.cnf,700
geometric,700,250,1065,UNSAT,191617,222840,8484435,12,0,191616,8.56,14.34,178462,27,10.3284,uuf250-09.cnf,700
geometric,700,250,1065,UNSAT,34399,39915,1469314,7,0,34398,7.66,12.68,30755,32,1.2246,uuf250-090.cnf,700
geometric,700,250,1065,UNSAT,108811,127751,4765004,10,0,108810,8.66,14.60,100755,31,4.9652,uuf250-091.cnf,700
geometric,700,250,1065,UNSAT,161876,189393,6911030,11,0,161875,8.79,14.48,150157,26,8.3793,uuf250-092.cnf,700
geometric,700,250,1065,UNSAT,90592,106405,3953952,10,0,90591,8.04,13.38,84705,26,3.8697,uuf250-093.cnf,700
geometric,700,250,1065,UNSAT,75904,89184,3270150,9,0,75903,7.96,13.16,70007,27,3.1461,uuf250-094.cnf,700
geometric,700,250,1065,UNSAT,76582,89059,3189324,9,0,76581,7.98,12.92,70001,37,3.1952,uuf250-095.cnf,700
geometric,700,250,1065,UNSAT,121722,141504,5277474,11,0,121721,8.42,13.98,112204,30,5.8247,uuf250-096.cnf,700
geometric,700,250,1065,UNSAT,68694,80544,2996905,9,0,68693,8.03,13.35,60955,38,2.7952,uuf250-097.cnf,700
geometric,700,250,1065,UNSAT,36697,43015,1614232,8,0,36696,7.68,12.79,30752,33,1.2745,uuf250-098.cnf,700
geometric,700,250,1065,UNSAT,68347,79765,2929213,9,0,68346,7.94,13.43,60953,33,2.7608,uuf250-099.cnf,700
geometric,800,250,1065,UNSAT,97996,114424,4333063,10,0,97995,8.18,13.50,89905,26,4.1760,uuf250-01.cnf,800
geometric,800,250,1065,UNSAT,101209,118106,4397725,10,0,101208,8.10,13.86,95262,28,4.4644,uuf250-010.cnf,800
geometric,800,250,1065,UNSAT,120712,141504,5151409,10,0,120711,7.99,13.21,112205,31,5.4655,uuf250-0100.cnf,800
geometric,800,250,1065,UNSAT,130998,153148,5642780,10,0,130997,8.20,13.84,124260,29,6.2449,uuf250-011.cnf,800
geometric,800,250,1065,UNSAT,112728,131865,4855966,10,0,112727,8.30,13.54,106404,29,5.0450,uuf250-012.cnf,800
geometric,800,250,1065,UNSAT,108323,127090,4571330,10,0,108322,8.18,13.52,100756,28,4.8226,uuf250-013.cnf,800
geometric,800,250,1065,UNSAT,129154,150769,5609800,10,0,129153,8.25,14.03,118157,31,6.1287,uuf250-014.cnf,800
geometric,800,250,1065,UNSAT,103603,121032,4477522,10,0,103602,8.33,13.99,95257,38,4.6444,uuf250-015.cnf,800
geometric,800,250,1065,UNSAT,77103,90199,3256991,9,0,77102,7.91,12.97,70004,29,3.1484,uuf250-016.cnf,800
geometric,800,250,1065,UNSAT,118014,137890,4927607,10,0,118013,8.26,13.55,106407,28,5.5743,uuf250-017.cnf,800
geometric,800,250,1065,UNSAT,111404,130125,4865567,10,0,111403,8.03,13.30,100761,29,4.8673,uuf250-018.cnf,800
geometric,800,250,1065,UNSAT,94837,110326,4134720,10,0,94836,8.18,13.64,84705,27,4.1810,uuf250-019.cnf,800
geometric,800,250,1065,UNSAT,103897,121225,4435306,10,0,103896,8.21,13.65,95254,28,4.6248,uuf250-02.cnf,800
geometric,800,250,1065,UNSAT,131776,154429,5580326,10,0,131775,8.44,13.80,124254,29,6.1855,uuf250-020.cnf,800
geometric,800,250,1065,UNSAT,164749,192328,7201452,11,0,164748,8.49,14.12,157011,31,8.3362,uuf250-021.cnf,800
geometric,800,250,1065,UNSAT,146150,171256,6375037,11,0,146149,8.39,13.99,136911,32,7.1555,uuf250-022.cnf,800
geometric,800,250,1065,UNSAT,62337,72658,2665777,9,0,62336,8.09,13.47,56655,34,2.4844,uuf250-023.cnf,800
geometric,800,250,1065,UNSAT,64153,75090,2784641,9,0,64152,7.97,13.40,56659,40,2.4805,uuf250-024.cnf,800
geometric,800,250,1065,UNSAT,100729,118555,4410649,10,0,100728,8.41,13.98,95259,30,4.5246,uuf250-025.cnf,800
geometric,800,250,1065,UNSAT,58564,68777,2544534,8,0,58563,8.13,13.66,52505,26,2.2797,uuf250-026.cnf,800
geometric,800,250,1065,UNSAT,134750,156863,5815406,10,0,134749,8.32,14.17,124261,27,6.6339,uuf250-027.cnf,800
geometric,800,250,1065,UNSAT,125449,146831,5405441,10,0,125448,8.42,14.17,118159,29,6.0454,uuf250-028.cnf,800
geometric,800,250,1065,UNSAT,67835,78738,2943293,9,0,67834,7.87,13.40,60953,28,2.7532,uuf250-029.cnf,800
geometric,800,250,1065,UNSAT,94778,110776,4158964,10,0,94777,7.92,13.32,84708,31,4.0861,uuf250-03.cnf,800
geometric,800,250,1065,UNSAT,59429,70141,2483616,8,0,59428,7.82,12.88,52505,29,2.2595,uuf250-030.cnf,800
geometric,800,250,1065,UNSAT,139006,163458,6157836,11,0,139005,8.59,14.23,130505,37,6.6579,uuf250-031.cnf,800
geometric,800,250,1065,UNSAT,105962,123624,4489958,10,0,105961,8.12,13.66,95255,29,4.8675,uuf250-032.cnf,800
geometric,800,250,1065,UNSAT,160312,187876,6877568,11,0,160311,8.37,13.92,150158,28,8.2150,uuf250-033.cnf,800
geometric,800,250,1065,UNSAT,144837,169712,6295336,11,0,144836,8.40,14.18,136909,30,7.1232,uuf250-034.cnf,800
geometric,800,250,1065,UNSAT,157828,184629,6703484,11,0,157827,8.53,14.05,150160,30,8.0849,uuf250-035.cnf,800
geometric,800,250,1065,UNSAT,59515,69789,2539750,8,0,59514,7.87,13.33,52503,27,2.3333,uuf250-036.cnf,800
geometric,800,250,1065,UNSAT,54837,63731,2327069,8,0,54836,8.00,13.05,48505,33,2.0954,uuf250-037.cnf,800
geometric,800,250,1065,UNSAT,36720,43066,1596372,7,0,36719,7.39,12.36,30752,27,1.2483,uuf250-038.cnf,800
geometric,800,250,1065,UNSAT,85960,100293,3653965,9,0,85959,7.90,13.17,79653,29,3.6730,uuf250-039.cnf,800
geometric,800,250,1065,UNSAT,99000,116704,4175969,10,0,98999,8.10,13.65,89910,28,4.3479,uuf250-04.cnf,800
geometric,800,250,1065,UNSAT,33327,38866,1433323,7,0,33326,7.67,12.63,27651,29,1.1444,uuf250-040.cnf,800
geometric,800,250,1065,UNSAT,93919,110258,4128960,10,0,93918,8.35,13.97,84708,30,4.0629,uuf250-041.cnf,800
geometric,800,250,1065,UNSAT,102211,118842,4452829,10,0,102210,8.33,13.74,95258,30,4.5698,uuf250-042.cnf,800
geometric,800,250,1065,UNSAT,124411,145422,5348778,10,0,124410,8.53,14.08,118155,30,5.8047,uuf250-043.cnf,800
geometric,800,250,1065,UNSAT,95374,112235,4182055,10,0,95373,8.07,13.68,89909,33,4.1933,uuf250-044.cnf,800
geometric,800,250,1065,UNSAT,71140,83684,3076651,9,0,71139,8.09,13.27,65405,31,2.8723,uuf250-045.cnf,800
geometric,800,250,1065,UNSAT,207405,243223,8866982,12,0,207404,9.00,15.00,193510,31,11.5493,uuf250-046.cnf,800
geometric,800,250,1065,UNSAT,80176,94108,3455190,9,0,80175,8.19,13.44,74754,36,3.3691,uuf250-047.cnf,800
geometric,800,250,1065,UNSAT,44552,51704,1935442,8,0,44551,7.45,12.53,40952,34,1.6266,uuf250-048.cnf,800
geometric,800,250,1065,UNSAT,83924,98556,3800198,9,0,83923,8.49,14.20,74756,29,3.6094,uuf250-049.cnf,800
geometric,800,250,1065,UNSAT,79635,93030,3403887,9,0,79634,7.80,13.04,74754,31,3.2274,uuf250-05.cnf,800
geometric,800,250,1065,UNSAT,106134,124418,4512433,10,0,106133,8.33,13.94,95255,28,4.8261,uuf250-050.cnf,800
geometric,800,250,1065,UNSAT,137965,160771,6051857,11,0,137964,8.32,13.77,130509,27,6.5600,uuf250-051.cnf,800
geometric,800,250,1065,UNSAT,96127,112240,4077234,10,0,96126,8.29,13.72,89908,27,4.2813,uuf250-052.cnf,800
geometric,800,250,1065,UNSAT,141438,166842,6073922,11,0,141437,8.44,14.13,130505,38,6.7721,uuf250-053.cnf,800
geometric,800,250,1065,UNSAT,102615,120009,4563971,10,0,102614,8.28,13.89,95258,27,4.5610,uuf250-054.cnf,800
geometric,800,250,1065,UNSAT,43576,50660,1839874,8,0,43575,7.58,12.54,37401,36,1.5557,uuf250-055.cnf,800
geometric,800,250,1065,UNSAT,85313,99970,3694710,9,0,85312,8.07,13.49,79656,29,3.6092,uuf250-056.cnf,800
geometric,800,250,1065,UNSAT,112526,132363,4844846,10,0,112525,8.53,14.08,106407,30,5.1557,uuf250-057.cnf,800
geometric,800,250,1065,UNSAT,157486,183749,6804018,11,0,157485,8.47,14.03,150157,30,7.8840,uuf250-058.cnf,800
geometric,800,250,1065,UNSAT,45847,53323,1984462,8,0,45846,7.96,13.02,40954,28,1.7020,uuf250-059.cnf,800
geometric,800,250,1065,UNSAT,110921,130187,4760441,10,0,110920,8.27,13.85,100757,27,5.0243,uuf250-06.cnf,800
geometric,800,250,1065,UNSAT,60661,71039,2622018,9,0,60660,7.85,13.06,52502,24,2.3890,uuf250-060.cnf,800
geometric,800,250,1065,UNSAT,183796,214585,7989195,11,0,183795,8.87,14.81,171165,36,9.9237,uuf250-061.cnf,800
geometric,800,250,1065,UNSAT,71886,84665,3084497,9,0,71885,8.01,13.32,65401,29,2.8719,uuf250-062.cnf,800
geometric,800,250,1065,UNSAT,118839,138889,5184730,10,0,118838,8.29,13.98,112205,31,5.5148,uuf250-063.cnf,800
geometric,800,250,1065,UNSAT,104179,121613,4558836,10,0,104178,8.09,13.71,95255,34,4.6545,uuf250-064.cnf,800
geometric,800,250,1065,UNSAT,59914,69870,2587073,8,0,59913,7.91,13.27,52507,29,2.3709,uuf250-065.cnf,800
geometric,800,250,1065,UNSAT,225613,263055,9772596,12,0,225612,8.68,14.78,217209,31,12.7701,uuf250-066.cnf,800
geometric,800,250,1065,UNSAT,110244,129208,4823115,10,0,110243,8.11,13.56,100757,34,4.9079,uuf250-067.cnf,800
geometric,800,250,1065,UNSAT,29583,34276,1299060,7,0,29582,7.45,12.35,24703,28,0.9895,uuf250-068.cnf,800
geometric,800,250,1065,UNSAT,113845,133317,4813739,10,0,113844,8.15,13.58,106406,27,5.2457,uuf250-069.cnf,800
geometric,800,250,1065,UNSAT,100259,116892,4297640,10,0,100258,8.24,13.71,89906,30,4.5057,uuf250-07.cnf,800
geometric,800,250,1065,UNSAT,176800,206811,7710553,11,0,176799,8.62,14.44,164014,31,9.3428,uuf250-070.cnf,800
geometric,800,250,1065,UNSAT,149902,175805,6417531,11,0,149901,8.68,14.38,136905,33,7.4053,uuf250-071.cnf,800
geometric,800,250,1065,UNSAT,107457,125581,4654538,10,0,107456,8.16,13.71,100757,33,4.8052,uuf250-072.cnf,800
geometric,800,250,1065,UNSAT,53228,62811,2355339,8,0,53227,7.79,13.18,48502,28,2.0058,uuf250-073.cnf,800
geometric,800,250,1065,UNSAT,81105,94756,3434586,9,0,81104,8.02,13.16,74756,29,3.3241,uuf250-074.cnf,800
geometric,800,250,1065,UNSAT,125126,146612,5433014,10,0,125125,8.42,14.23,118160,30,5.9696,uuf250-075.cnf,800
geometric,800,250,1065,UNSAT,82885,96127,3516835,9,0,82884,8.06,13.03,74754,35,3.4181,uuf250-076.cnf,800
geometric,800,250,1065,UNSAT,222578,259891,9653235,12,0,222577,8.75,14.64,209155,29,12.6279,uuf250-077.cnf,800
geometric,800,250,1065,UNSAT,113672,132954,4923514,10,0,113671,8.26,13.58,106407,32,5.1199,uuf250-078.cnf,800
geometric,800,250,1065,UNSAT,109794,128000,4747439,10,0,109793,8.34,13.90,100752,31,5.1148,uuf250-079.cnf,800
geometric,800,250,1065,UNSAT,126211,147655,5349351,10,0,126210,8.14,13.45,118156,27,5.9055,uuf250-08.cnf,800
geometric,800,250,1065,UNSAT,128146,149598,5482116,10,0,128145,8.35,13.97,118159,32,6.1460,uuf250-080.cnf,800
geometric,800,250,1065,UNSAT,129864,151364,5527772,10,0,129863,8.10,13.46,118158,29,6.0961,uuf250-081.cnf,800
geometric,800,250,1065,UNSAT,105670,123407,4575579,10,0,105669,8.18,13.80,95257,27,4.7709,uuf250-082.cnf,800
geometric,800,250,1065,UNSAT,59581,69807,2615336,8,0,59580,7.75,13.24,52507,27,2.3247,uuf250-083.cnf,800
geometric,800,250,1065,UNSAT,77514,90473,3404052,9,0,77513,8.44,13.80,70008,30,3.2423,uuf250-084.cnf,800
geometric,800,250,1065,UNSAT,89182,103733,3800906,9,0,89181,8.01,13.24,79654,29,3.7681,uuf250-085.cnf,800
geometric,800,250,1065,UNSAT,84663,98456,3618306,9,0,84662,8.04,13.31,79651,28,3.6218,uuf250-086.cnf,800
geometric,800,250,1065,UNSAT,202519,236359,8857296,11,0,202518,8.65,14.51,193512,32,10.7650,uuf250-087.cnf,800
geometric,800,250,1065,UNSAT,115850,135909,4985725,10,0,115849,8.20,13.65,106405,27,5.2704,uuf250-088.cnf,800
geometric,800,250,1065,UNSAT,91681,107102,4020020,10,0,91680,8.30,14.09,84704,30,4.0188,uuf250-089.cnf,800
geometric,800,250,1065,UNSAT,200350,233230,8822371,11,0,200349,8.83,14.56,185910,29,10.7220,uuf250-09.cnf,800
geometric,800,250,1065,UNSAT,34246,39809,1468636,7,0,34245,7.62,12.78,30752,32,1.2089,uuf250-090.cnf,800
geometric,800,250,1065,UNSAT,113886,133934,4957280,10,0,113885,8.26,14.03,106408,30,5.0846,uuf250-091.cnf,800
geometric,800,250,1065,UNSAT,138048,162050,5869362,11,0,138047,8.61,14.51,130505,28,6.8186,uuf250-092.cnf,800
geometric,800,250,1065,UNSAT,107937,127033,4655255,10,0,107936,8.24,13.71,100758,26,4.8686,uuf250-093.cnf,800
geometric,800,250,1065,UNSAT,79467,93003,3391897,9,0,79466,8.09,13.55,70002,28,3.3507,uuf250-094.cnf,800
geometric,800,250,1065,UNSAT,62676,73437,2648680,9,0,62675,7.96,12.97,56652,37,2.4421,uuf250-095.cnf,800
geometric,800,250,1065,UNSAT,102897,119815,4508093,10,0,102896,8.19,13.76,95259,28,4.6610,uuf250-096.cnf,800
geometric,800,250,1065,UNSAT,73241,85378,3170972,9,0,73240,8.25,13.72,65405,38,3.0433,uuf250-097.cnf,800
geometric,800,250,1065,UNSAT,43157,50660,1875807,8,0,43156,7.83,12.92,37402,33,1.5533,uuf250-098.cnf,800
geometric,800,250,1065,UNSAT,59449,69502,2570205,8,0,59448,7.94,13.10,52505,33,2.2692,uuf250-099.cnf,800
geometric,900,250,1065,UNSAT,98794,116031,4405564,9,0,98793,8.05,13.48,89905,28,4.2352,uuf250-01.cnf,900
geometric,900,250,1065,UNSAT,100843,117713,4401628,9,0,100842,8.50,14.02,95255,28,4.4918,uuf250-010.cnf,900
geometric,900,250,1065,UNSAT,127600,149091,5454703,10,0,127599,8.30,13.67,118156,27,5.9443,uuf250-0100.cnf,900
geometric,900,250,1065,UNSAT,143937,168293,6156672,10,0,143936,8.41,13.99,136906,29,6.9931,uuf250-011.cnf,900
geometric,900,250,1065,UNSAT,99926,116872,4336916,9,0,99925,8.27,13.65,89905,27,4.3529,uuf250-012.cnf,900
geometric,900,250,1065,UNSAT,81822,95898,3500270,9,0,81821,7.91,13.16,74758,28,3.3818,uuf250-013.cnf,900
geometric,900,250,1065,UNSAT,158494,184649,6810506,11,0,158493,8.29,14.13,150161,31,8.0184,uuf250-014.cnf,900
geometric,900,250,1065,UNSAT,135196,158111,5769539,10,0,135195,8.40,13.89,124262,38,6.3812,uuf250-015.cnf,900
geometric,900,250,1065,UNSAT,66514,77969,2806288,8,0,66513,7.80,12.86,60955,29,2.6678,uuf250-016.cnf,900
geometric,900,250,1065,UNSAT,94674,110867,3994973,9,0,94673,7.95,13.24,84704,26,4.1122,uuf250-017.cnf,900
geometric,900,250,1065,UNSAT,113119,132369,4946485,10,0,113118,8.37,13.65,106406,29,5.0038,uuf250-018.cnf,900
geometric,900,250,1065,UNSAT,105239,122207,4569882,10,0,105238,8.11,13.79,95256,28,4.8067,uuf250-019.cnf,900
geometric,900,250,1065,UNSAT,106368,124377,4542855,10,0,106367,8.14,13.60,100755,28,4.7715,uuf250-02.cnf,900
geometric,900,250,1065,UNSAT,142739,167401,6030565,10,0,142738,8.26,13.65,130508,28,6.7303,uuf250-020.cnf,900
geometric,900,250,1065,UNSAT,189426,221155,8221801,11,0,189425,8.55,14.10,178455,31,9.9710,uuf250-021.cnf,900
geometric,900,250,1065,UNSAT,195939,227439,8408885,11,0,195938,8.59,14.09,185910,32,10.5628,uuf250-022.cnf,900
geometric,900,250,1065,UNSAT,61305,71239,2614050,8,0,61304,8.10,13.39,56659,34,2.4040,uuf250-023.cnf,900
geometric,900,250,1065,UNSAT,86230,100306,3707606,9,0,86229,8.22,13.65,79656,40,3.6965,uuf250-024.cnf,900
geometric,900,250,1065,UNSAT,102604,119922,4500411,10,0,102603,8.03,13.39,95258,31,4.5463,uuf250-025.cnf,900
geometric,900,250,1065,UNSAT,56099,65393,2435708,8,0,56098,8.33,13.77,48501,25,2.1918,uuf250-026.cnf,900
geometric,900,250,1065,UNSAT,141958,165728,6066873,10,0,141957,8.55,14.26,130508,28,7.0580,uuf250-027.cnf,900
geometric,900,250,1065,UNSAT,110894,130085,4794615,10,0,110893,8.32,13.85,100753,29,5.0637,uuf250-028.cnf,900
geometric,900,250,1065,UNSAT,67075,78295,2877595,8,0,67074,8.02,13.48,60954,28,2.7284,uuf250-029.cnf,900
geometric,900,250,1065,UNSAT,130148,151500,5582818,10,0,130147,8.47,14.21,118156,31,6.3526,uuf250-03.cnf,900
geometric,900,250,1065,UNSAT,70445,82906,2933486,9,0,70444,8.18,13.23,65402,29,2.8927,uuf250-030.cnf,900
geometric,900,250,1065,UNSAT,142438,167823,6312644,10,0,142437,8.44,14.10,130507,37,6.8090,uuf250-031.cnf,900
geometric,900,250,1065,UNSAT,96378,112440,4138176,9,0,96377,8.19,13.37,89904,29,4.1911,uuf250-032.cnf,900
geometric,900,250,1065,UNSAT,153922,180028,6568016,11,0,153921,8.40,14.13,143454,27,7.9642,uuf250-033.cnf,900
geometric,900,250,1065,UNSAT,142785,167403,6242037,10,0,142784,8.33,14.13,130514,29,7.0468,uuf250-034.cnf,900
geometric,900,250,1065,UNSAT,144293,168560,6115602,10,0,144292,8.55,13.91,136904,30,7.0961,uuf250-035.cnf,900
geometric,900,250,1065,UNSAT,64562,76069,2764268,8,0,64561,7.96,13.30,56660,27,2.5785,uuf250-036.cnf,900
geometric,900,250,1065,UNSAT,58609,68572,2474162,8,0,58608,7.91,13.04,52503,33,2.2698,uuf250-037.cnf,900
geometric,900,250,1065,UNSAT,45042,52580,1941499,8,0,45041,7.76,12.71,40955,27,1.6368,uuf250-038.cnf,900
geometric,900,250,1065,UNSAT,83422,97900,3598583,9,0,83421,7.86,13.21,74754,27,3.5224,uuf250-039.cnf,900
geometric,900,250,1065,UNSAT,131330,152941,5567018,10,0,131329,8.26,13.77,124264,28,6.3140,uuf250-04.cnf,900
geometric,900,250,1065,UNSAT,40235,46782,1711222,7,0,40234,7.81,12.67,34006,29,1.4530,uuf250-040.cnf,900
geometric,900,250,1065,UNSAT,87295,103865,3834045,9,0,87294,8.30,14.14,79656,37,3.7445,uuf250-041.cnf,900
geometric,900,250,1065,UNSAT,117342,136792,5079076,10,0,117341,8.09,13.47,106408,33,5.3079,uuf250-042.cnf,900
geometric,900,250,1065,UNSAT,138572,161493,5941448,10,0,138571,8.34,13.89,130506,30,6.6351,uuf250-043.cnf,900
geometric,900,250,1065,UNSAT,94753,110776,4099609,9,0,94752,8.07,13.56,84709,33,4.1608,uuf250-044.cnf,900
geometric,900,250,1065,UNSAT,70495,82848,3058493,9,0,70494,8.05,13.26,65403,27,2.8252,uuf250-045.cnf,900
geometric,900,250,1065,UNSAT,187585,219752,8075443,11,0,187584,8.72,14.51,178465,31,9.9746,uuf250-046.cnf,900
geometric,900,250,1065,UNSAT,81875,95954,3536800,9,0,81874,8.16,13.43,74758,36,3.4116,uuf250-047.cnf,900
geometric,900,250,1065,UNSAT,34809,40548,1526104,7,0,34808,7.63,12.83,30750,34,1.2154,uuf250-048.cnf,900
geometric,900,250,1065,UNSAT,71015,83455,3237042,9,0,71014,8.12,13.65,65404,28,2.8677,uuf250-049.cnf,900
geometric,900,250,1065,UNSAT,90232,105728,3837361,9,0,90231,7.99,13.20,84712,31,3.8332,uuf250-05.cnf,900
geometric,900,250,1065,UNSAT,105153,123296,4452576,10,0,105152,8.32,13.81,95254,28,4.7559,uuf250-050.cnf,900
geometric,900,250,1065,UNSAT,123231,144363,5434076,10,0,123230,8.25,13.86,112204,28,5.7333,uuf250-051.cnf,900
geometric,900,250,1065,UNSAT,109079,127379,4652568,10,0,109078,8.20,13.74,100754,28,4.9594,uuf250-052.cnf,900
geometric,900,250,1065,UNSAT,145177,170456,6227623,10,0,145176,8.33,13.97,136916,38,6.8821,uuf250-053.cnf,900
geometric,900,250,1065,UNSAT,103103,120031,4612714,10,0,103102,8.37,13.84,95254,30,4.5712,uuf250-054.cnf,900
geometric,900,250,1065,UNSAT,40359,47238,1703543,7,0,40358,7.57,12.58,34003,36,1.4359,uuf250-055.cnf,900
geometric,900,250,1065,UNSAT,65966,77775,2885878,8,0,65965,8.25,13.78,60951,29,2.6560,uuf250-056.cnf,900
geometric,900,250,1065,UNSAT,113284,133100,4844780,10,0,113283,8.39,14.10,106407,30,5.1752,uuf250-057.cnf,900
geometric,900,250,1065,UNSAT,151418,176591,6587164,10,0,151417,8.41,13.94,143457,30,7.4584,uuf250-058.cnf,900
geometric,900,250,1065,UNSAT,51249,59830,2185644,8,0,51248,7.66,12.53,44652,28,1.8852,uuf250-059.cnf,900
geometric,900,250,1065,UNSAT,96387,113331,4146932,9,0,96386,8.19,13.80,89904,26,4.2284,uuf250-06.cnf,900
geometric,900,250,1065,UNSAT,61649,72227,2669404,8,0,61648,7.97,13.13,56655,25,2.4070,uuf250-060.cnf,900
geometric,900,250,1065,UNSAT,169053,197452,7332135,11,0,169052,8.72,14.61,157007,36,8.7921,uuf250-061.cnf,900
geometric,900,250,1065,UNSAT,72590,85669,3110842,9,0,72589,8.09,13.37,65404,29,2.9803,uuf250-062.cnf,900
geometric,900,250,1065,UNSAT,119640,140349,5211780,10,0,119639,8.09,13.75,112207,28,5.4815,uuf250-063.cnf,900
geometric,900,250,1065,UNSAT,121244,140900,5282546,10,0,121243,8.34,14.04,112208,34,5.7015,uuf250-064.cnf,900
geometric,900,250,1065,UNSAT,62457,72361,2692351,8,0,62456,8.02,13.18,56652,29,2.4665,uuf250-065.cnf,900
geometric,900,250,1065,UNSAT,229670,268039,9850766,11,0,229669,8.22,13.94,217208,31,12.6044,uuf250-066.cnf,900
geometric,900,250,1065,UNSAT,94890,111565,4178239,9,0,94889,8.12,13.60,84706,34,4.0813,uuf250-067.cnf,900
geometric,900,250,1065,UNSAT,28017,32712,1221754,6,0,28016,7.67,12.71,24704,28,0.9323,uuf250-068.cnf,900
geometric,900,250,1065,UNSAT,110653,129248,4667464,10,0,110652,8.07,13.68,100756,27,5.1231,uuf250-069.cnf,900
geometric,900,250,1065,UNSAT,99377,116243,4250685,9,0,99376,8.05,13.51,89906,30,4.3456,uuf250-07.cnf,900
geometric,900,250,1065,UNSAT,176273,205336,7685353,11,0,176272,8.64,14.74,164004,29,9.4763,uuf250-070.cnf,900
geometric,900,250,1065,UNSAT,160064,188175,6847179,11,0,160063,8.55,14.30,150159,33,7.9194,uuf250-071.cnf,900
geometric,900,250,1065,UNSAT,110088,128591,4731887,10,0,110087,8.17,13.66,100756,33,4.9682,uuf250-072.cnf,900
geometric,900,250,1065,UNSAT,53555,63160,2381212,8,0,53554,7.90,13.25,48501,30,2.0294,uuf250-073.cnf,900
geometric,900,250,1065,UNSAT,73805,86549,3127315,9,0,73804,8.28,13.39,65401,33,2.9740,uuf250-074.cnf,900
geometric,900,250,1065,UNSAT,118429,139615,5160210,10,0,118428,8.59,14.23,112204,30,5.5525,uuf250-075.cnf,900
geometric,900,250,1065,UNSAT,72184,84151,3091174,9,0,72183,7.83,12.77,65403,35,2.8625,uuf250-076.cnf,900
geometric,900,250,1065,UNSAT,221986,260215,9612378,11,0,221985,8.66,14.43,209164,28,12.4205,uuf250-077.cnf,900
geometric,900,250,1065,UNSAT,119820,139891,5200650,10,0,119819,8.27,13.51,112204,32,5.5271,uuf250-078.cnf,900
geometric,900,250,1065,UNSAT,103488,120869,4451572,10,0,103487,8.13,13.62,95256,31,4.5600,uuf250-079.cnf,900
geometric,900,250,1065,UNSAT,109594,128269,4650814,10,0,109593,8.12,13.49,100757,29,4.9853,uuf250-08.cnf,900
geometric,900,250,1065,UNSAT,116785,136055,5020601,10,0,116784,8.19,13.80,106404,32,5.3956,uuf250-080.cnf,900
geometric,900,250,1065,UNSAT,97206,113380,4164180,9,0,97205,8.12,13.55,89908,29,4.2284,uuf250-081.cnf,900
geometric,900,250,1065,UNSAT,98943,115415,4272233,9,0,98942,8.26,13.76,89907,28,4.4142,uuf250-082.cnf,900
geometric,900,250,1065,UNSAT,49323,58336,2182806,8,0,49322,7.63,13.38,44652,27,1.8297,uuf250-083.cnf,900
geometric,900,250,1065,UNSAT,63545,74653,2808787,8,0,63544,7.94,13.25,56654,28,2.4973,uuf250-084.cnf,900
geometric,900,250,1065,UNSAT,101485,118129,4310929,9,0,101484,8.34,13.71,95260,29,4.5811,uuf250-085.cnf,900
geometric,900,250,1065,UNSAT,79485,92887,3410337,9,0,79484,7.75,12.79,70005,28,3.2600,uuf250-086.cnf,900
geometric,900,250,1065,UNSAT,255598,297476,11075196,12,0,255597,8.85,14.61,242263,29,14.8638,uuf250-087.cnf,900
geometric,900,250,1065,UNSAT,101027,118565,4340523,9,0,101026,8.28,14.04,95257,29,4.5362,uuf250-088.cnf,900
geometric,900,250,1065,UNSAT,115447,134819,5042821,10,0,115446,8.17,13.82,106408,30,5.3308,uuf250-089.cnf,900
geometric,900,250,1065,UNSAT,171908,199826,7606779,11,0,171907,8.56,14.49,164007,30,8.9781,uuf250-09.cnf,900
geometric,900,250,1065,UNSAT,33758,39455,1450810,7,0,33757,7.70,12.87,27653,32,1.1919,uuf250-090.cnf,900
geometric,900,250,1065,UNSAT,99728,117579,4380786,9,0,99727,8.23,13.97,89909,30,4.2903,uuf250-091.cnf,900
geometric,900,250,1065,UNSAT,132561,155494,5668343,10,0,132560,8.30,14.07,124259,29,6.2745,uuf250-092.cnf,900
geometric,900,250,1065,UNSAT,112232,132104,4865163,10,0,112231,7.99,13.45,106406,27,5.0866,uuf250-093.cnf,900
geometric,900,250,1065,UNSAT,81604,95341,3509831,9,0,81603,7.86,13.25,74753,27,3.4198,uuf250-094.cnf,900
geometric,900,250,1065,UNSAT,57532,67234,2432234,8,0,57531,7.76,12.71,52503,37,2.1871,uuf250-095.cnf,900
geometric,900,250,1065,UNSAT,99163,115389,4307514,9,0,99162,8.12,13.76,89907,28,4.4697,uuf250-096.cnf,900
geometric,900,250,1065,UNSAT,66030,77027,2896431,8,0,66029,8.16,13.62,60957,38,2.6830,uuf250-097.cnf,900
geometric,900,250,1065,UNSAT,36033,41994,1568418,7,0,36032,7.72,12.69,30751,33,1.2459,uuf250-098.cnf,900
geometric,900,250,1065,UNSAT,58558,67937,2541995,8,0,58557,7.67,12.88,52507,33,2.2542,uuf250-099.cnf,900
geometric,1000,250,1065,UNSAT,102934,120305,4536376,9,0,102933,8.40,13.96,95261,29,4.5686,uuf250-01.cnf,1000
geometric,1000,250,1065,UNSAT,123309,143548,5271412,10,0,123308,8.27,13.87,112204,28,5.7798,uuf250-010.cnf,1000
geometric,1000,250,1065,UNSAT,145269,170138,6159153,10,0,145268,8.18,13.60,136903,28,6.9101,uuf250-0100.cnf,1000
geometric,1000,250,1065,UNSAT,127992,149875,5512916,10,0,127991,8.44,14.00,118153,29,6.1021,uuf250-011.cnf,1000
geometric,1000,250,1065,UNSAT,95656,112336,4143600,9,0,95655,8.20,13.46,89907,27,4.1544,uuf250-012.cnf,1000
geometric,1000,250,1065,UNSAT,93585,109215,3956492,9,0,93584,8.03,13.46,84708,28,4.0958,uuf250-013.cnf,1000
geometric,1000,250,1065,UNSAT,131057,153481,5691777,10,0,131056,8.35,14.20,124257,31,6.2231,uuf250-014.cnf,1000
geometric,1000,250,1065,UNSAT,106523,124259,4604613,9,0,106522,8.57,14.10,100757,38,4.8814,uuf250-015.cnf,1000
geometric,1000,250,1065,UNSAT,70432,82440,2967833,8,0,70431,8.08,13.42,65406,29,2.8988,uuf250-016.cnf,1000
geometric,1000,250,1065,UNSAT,100120,117110,4231910,9,0,100119,8.14,13.50,89908,28,4.4453,uuf250-017.cnf,1000
geometric,1000,250,1065,UNSAT,121309,141457,5270578,10,0,121308,8.58,13.74,112204,30,5.4575,uuf250-018.cnf,1000
geometric,1000,250,1065,UNSAT,109170,126935,4742417,9,0,109169,8.38,14.13,100754,27,5.0956,uuf250-019.cnf,1000
geometric,1000,250,1065,UNSAT,109351,128001,4672331,9,0,109350,8.29,13.74,100755,28,4.9288,uuf250-02.cnf,1000
geometric,1000,250,1065,UNSAT,131137,154053,5575974,10,0,131136,8.54,14.06,124258,29,6.3462,uuf250-020.cnf,1000
geometric,1000,250,1065,UNSAT,148364,173880,6486704,10,0,148363,8.47,14.10,136913,31,7.3289,uuf250-021.cnf,1000
geometric,1000,250,1065,UNSAT,132267,154284,5821522,10,0,132266,8.19,13.60,124261,32,6.2922,uuf250-022.cnf,1000
geometric,1000,250,1065,UNSAT,76478,88909,3235215,9,0,76477,8.24,13.58,70007,34,3.2548,uuf250-023.cnf,1000
geometric,1000,250,1065,UNSAT,66426,77914,2875561,8,0,66425,7.86,13.09,60953,40,2.5608,uuf250-024.cnf,1000
geometric,1000,250,1065,UNSAT,104821,122215,4572440,9,0,104820,8.44,13.87,95260,28,4.6951,uuf250-025.cnf,1000
geometric,1000,250,1065,UNSAT,57642,67635,2520307,8,0,57641,8.14,13.61,52503,31,2.2617,uuf250-026.cnf,1000
geometric,1000,250,1065,UNSAT,135878,158217,5878323,10,0,135877,8.49,14.19,124260,27,6.6900,uuf250-027.cnf,1000
geometric,1000,250,1065,UNSAT,106328,124469,4604119,9,0,106327,8.20,13.63,100754,29,4.7828,uuf250-028.cnf,1000
geometric,1000,250,1065,UNSAT,70275,82195,3023253,8,0,70274,7.81,13.34,65403,28,2.9031,uuf250-029.cnf,1000
geometric,1000,250,1065,UNSAT,95327,111049,4167746,9,0,95326,8.18,13.83,89907,31,4.2618,uuf250-03.cnf,1000
geometric,1000,250,1065,UNSAT,56058,66574,2338981,8,0,56057,8.09,13.42,48503,29,2.1509,uuf250-030.cnf,1000
geometric,1000,250,1065,UNSAT,144230,168807,6377367,10,0,144229,8.73,14.22,136905,37,7.0131,uuf250-031.cnf,1000
geometric,1000,250,1065,UNSAT,95386,110915,4070943,9,0,95385,8.02,13.46,89906,29,4.2571,uuf250-032.cnf,1000
geometric,1000,250,1065,UNSAT,134634,157700,5814437,10,0,134633,8.39,13.90,124256,28,6.5075,uuf250-033.cnf,1000
geometric,1000,250,1065,UNSAT,136419,159852,5927419,10,0,136418,8.47,14.06,124258,28,6.6145,uuf250-034.cnf,1000
geometric,1000,250,1065,UNSAT,155467,181505,6592041,10,0,155466,8.50,14.09,143458,30,7.8331,uuf250-035.cnf,1000
geometric,1000,250,1065,UNSAT,65683,77151,2810523,8,0,65682,7.97,13.37,60954,27,2.5920,uuf250-036.cnf,1000
geometric,1000,250,1065,UNSAT,53535,62427,2274418,8,0,53534,7.81,12.96,48506,33,2.0654,uuf250-037.cnf,1000
geometric,1000,250,1065,UNSAT,40612,47742,1774063,7,0,40611,7.74,12.69,34004,29,1.4205,uuf250-038.cnf,1000
geometric,1000,250,1065,UNSAT,87121,101532,3750124,9,0,87120,7.87,13.06,79654,27,3.6553,uuf250-039.cnf,1000
geometric,1000,250,1065,UNSAT,102157,119972,4347338,9,0,102156,8.06,13.56,95257,29,4.4918,uuf250-04.cnf,1000
geometric,1000,250,1065,UNSAT,36850,43157,1565934,7,0,36849,7.49,12.52,30754,29,1.2789,uuf250-040.cnf,1000
geometric,1000,250,1065,UNSAT,71571,84565,3161166,8,0,71570,8.22,14.06,65404,30,2.8671,uuf250-041.cnf,1000
geometric,1000,250,1065,UNSAT,107939,125541,4654438,9,0,107938,8.26,13.77,100754,30,4.8892,uuf250-042.cnf,1000
geometric,1000,250,1065,UNSAT,119515,139372,5125393,10,0,119514,8.32,13.76,112208,30,5.5400,uuf250-043.cnf,1000
geometric,1000,250,1065,UNSAT,95795,111912,4152907,9,0,95794,8.34,13.85,89904,33,4.2510,uuf250-044.cnf,1000
geometric,1000,250,1065,UNSAT,59991,70228,2620346,8,0,59990,7.73,13.18,52503,27,2.3313,uuf250-045.cnf,1000
geometric,1000,250,1065,UNSAT,203502,237275,8811591,11,0,203501,8.57,14.45,193511,27,11.1367,uuf250-046.cnf,1000
geometric,1000,250,1065,UNSAT,75496,88367,3271618,9,0,75495,7.96,13.11,70005,36,3.0936,uuf250-047.cnf,1000
geometric,1000,250,1065,UNSAT,40904,47889,1802504,7,0,40903,7.55,12.65,37405,34,1.4769,uuf250-048.cnf,1000
geometric,1000,250,1065,UNSAT,72547,85249,3325405,8,0,72546,8.06,13.63,65408,28,2.9055,uuf250-049.cnf,1000
geometric,1000,250,1065,UNSAT,79489,93263,3395701,9,0,79488,8.14,13.57,70006,31,3.2998,uuf250-05.cnf,1000
geometric,1000,250,1065,UNSAT,105873,124137,4474289,9,0,105872,8.28,13.68,95256,32,4.7786,uuf250-050.cnf,1000
geometric,1000,250,1065,UNSAT,162529,189105,7090230,10,0,162528,8.39,14.22,150157,27,8.2689,uuf250-051.cnf,1000
geometric,1000,250,1065,UNSAT,96990,112954,4138863,9,0,96989,8.21,13.54,89907,30,4.3042,uuf250-052.cnf,1000
geometric,1000,250,1065,UNSAT,157911,184929,6712919,10,0,157910,8.38,13.94,150159,38,7.8313,uuf250-053.cnf,1000
geometric,1000,250,1065,UNSAT,105598,123478,4676062,9,0,105597,8.31,13.78,95260,27,4.7317,uuf250-054.cnf,1000
geometric,1000,250,1065,UNSAT,32662,38072,1383530,7,0,32661,7.29,12.16,27652,36,1.0842,uuf250-055.cnf,1000
geometric,1000,250,1065,UNSAT,71754,84217,3132463,8,0,71753,8.17,13.48,65403,29,2.8825,uuf250-056.cnf,1000
geometric,1000,250,1065,UNSAT,131737,154159,5597099,10,0,131736,8.30,13.95,124260,30,6.2734,uuf250-057.cnf,1000
geometric,1000,250,1065,UNSAT,162344,189337,7003564,10,0,162343,8.66,14.25,150154,30,8.3086,uuf250-058.cnf,1000
geometric,1000,250,1065,UNSAT,48020,56057,2053201,7,0,48019,7.79,13.03,40954,28,1.8021,uuf250-059.cnf,1000
geometric,1000,250,1065,UNSAT,94366,110867,4041962,9,0,94365,8.15,13.73,84705,28,4.1719,uuf250-06.cnf,1000
geometric,1000,250,1065,UNSAT,63378,74058,2757965,8,0,63377,7.84,13.14,56655,26,2.5031,uuf250-060.cnf,1000
geometric,1000,250,1065,UNSAT,189247,220989,8187798,11,0,189246,8.48,14.20,178460,36,10.0571,uuf250-061.cnf,1000
geometric,1000,250,1065,UNSAT,69397,81513,2978817,8,0,69396,7.82,13.23,60955,29,2.7817,uuf250-062.cnf,1000
geometric,1000,250,1065,UNSAT,121646,143240,5295063,10,0,121645,8.10,13.77,112207,27,5.4974,uuf250-063.cnf,1000
geometric,1000,250,1065,UNSAT,111142,129353,4832571,9,0,111141,8.48,14.30,100757,34,5.2196,uuf250-064.cnf,1000
geometric,1000,250,1065,UNSAT,63005,73304,2729045,8,0,63004,8.01,13.17,56654,29,2.5217,uuf250-065.cnf,1000
geometric,1000,250,1065,UNSAT,202268,236212,8801055,11,0,202267,8.43,14.40,193507,32,10.8874,uuf250-066.cnf,1000
geometric,1000,250,1065,UNSAT,99253,116490,4348945,9,0,99252,8.33,13.79,89906,34,4.4236,uuf250-067.cnf,1000
geometric,1000,250,1065,UNSAT,31638,36905,1378507,6,0,31637,7.71,12.66,27650,28,1.1021,uuf250-068.cnf,1000
geometric,1000,250,1065,UNSAT,118283,138381,5024416,10,0,118282,8.05,13.57,112206,28,5.5911,uuf250-069.cnf,1000
geometric,1000,250,1065,UNSAT,105584,123104,4539043,9,0,105583,8.18,13.52,95254,30,4.7370,uuf250-07.cnf,1000
geometric,1000,250,1065,UNSAT,189534,221596,8228139,11,0,189533,8.67,14.75,178456,32,10.3034,uuf250-070.cnf,1000
geometric,1000,250,1065,UNSAT,161091,188472,6861218,10,0,161090,8.58,14.21,150155,33,8.0133,uuf250-071.cnf,1000
geometric,1000,250,1065,UNSAT,99774,116610,4287140,9,0,99773,8.09,13.58,89909,33,4.3838,uuf250-072.cnf,1000
geometric,1000,250,1065,UNSAT,68099,79534,2991577,8,0,68098,8.13,13.60,60954,28,2.7348,uuf250-073.cnf,1000
geometric,1000,250,1065,UNSAT,83835,97421,3564945,9,0,83834,8.12,13.18,74755,26,3.4801,uuf250-074.cnf,1000
geometric,1000,250,1065,UNSAT,131653,155015,5654419,10,0,131652,8.47,14.28,124255,28,6.3680,uuf250-075.cnf,1000
geometric,1000,250,1065,UNSAT,84131,97934,3565523,9,0,84130,7.83,12.65,74757,35,3.4331,uuf250-076.cnf,1000
geometric,1000,250,1065,UNSAT,196870,230945,8578493,11,0,196869,8.70,14.71,185908,32,10.8279,uuf250-077.cnf,1000
geometric,1000,250,1065,UNSAT,107464,125435,4688187,9,0,107463,7.96,13.52,100757,32,4.7606,uuf250-078.cnf,1000
geometric,1000,250,1065,UNSAT,103644,120789,4453317,9,0,103643,8.20,13.82,95255,31,4.7003,uuf250-079.cnf,1000
geometric,1000,250,1065,UNSAT,88801,103534,3796106,9,0,88800,7.84,13.30,79658,27,3.7640,uuf250-08.cnf,1000
geometric,1000,250,1065,UNSAT,116754,136387,5002624,10,0,116753,8.19,13.51,106407,32,5.4049,uuf250-080.cnf,1000
geometric,1000,250,1065,UNSAT,109698,128563,4693707,9,0,109697,8.12,13.61,100751,31,4.9290,uuf250-081.cnf,1000
geometric,1000,250,1065,UNSAT,116980,136613,5016519,10,0,116979,8.39,13.91,106406,31,5.4727,uuf250-082.cnf,1000
geometric,1000,250,1065,UNSAT,65040,76420,2853414,8,0,65039,7.98,13.56,56654,27,2.5865,uuf250-083.cnf,1000
geometric,1000,250,1065,UNSAT,62785,73676,2780234,8,0,62784,7.99,13.33,56656,27,2.4554,uuf250-084.cnf,1000
geometric,1000,250,1065,UNSAT,92615,107803,3995894,9,0,92614,8.09,13.34,84711,28,3.9736,uuf250-085.cnf,1000
geometric,1000,250,1065,UNSAT,86260,100602,3664017,9,0,86259,7.63,12.63,79659,28,3.6087,uuf250-086.cnf,1000
geometric,1000,250,1065,UNSAT,253897,296198,10994412,11,0,253896,8.98,14.80,242258,31,14.6150,uuf250-087.cnf,1000
geometric,1000,250,1065,UNSAT,117090,137191,4997216,10,0,117089,8.28,13.74,106405,26,5.3699,uuf250-088.cnf,1000
geometric,1000,250,1065,UNSAT,111946,130632,4883496,9,0,111945,8.19,13.77,100755,30,5.1878,uuf250-089.cnf,1000
geometric,1000,250,1065,UNSAT,194158,226236,8590566,11,0,194157,8.77,14.49,185912,28,10.3709,uuf250-09.cnf,1000
geometric,1000,250,1065,UNSAT,30572,35712,1308643,6,0,30571,7.62,12.54,24703,32,1.0648,uuf250-090.cnf,1000
geometric,1000,250,1065,UNSAT,112313,132195,4929765,9,0,112312,8.34,14.06,106408,30,5.0835,uuf250-091.cnf,1000
geometric,1000,250,1065,UNSAT,151628,177217,6484153,10,0,151627,8.40,14.12,143460,30,7.6724,uuf250-092.cnf,1000
geometric,1000,250,1065,UNSAT,106228,124753,4593504,9,0,106227,8.16,13.60,95254,27,4.7318,uuf250-093.cnf,1000
geometric,1000,250,1065,UNSAT,80145,94013,3427843,9,0,80144,8.19,13.94,74757,28,3.4723,uuf250-094.cnf,1000
geometric,1000,250,1065,UNSAT,67147,78280,2815274,8,0,67146,7.93,12.98,60957,37,2.6982,uuf250-095.cnf,1000
geometric,1000,250,1065,UNSAT,95748,111614,4187792,9,0,95747,8.02,13.57,89909,28,4.1812,uuf250-096.cnf,1000
geometric,1000,250,1065,UNSAT,54509,64106,2393700,8,0,54508,8.02,13.50,48501,38,2.0771,uuf250-097.cnf,1000
geometric,1000,250,1065,UNSAT,52542,61405,2267232,8,0,52541,7.67,12.67,48503,33,1.9652,uuf250-098.cnf,1000
geometric,1000,250,1065,UNSAT,74977,87642,3200128,9,0,74976,8.03,13.08,70007,33,3.0662,uuf250-099.cnf,1000
geometric,1100,250,1065,UNSAT,105988,123871,4694132,9,0,105987,8.33,13.94,95254,27,4.6529,uuf250-01.cnf,1100
geometric,1100,250,1065,UNSAT,98202,114474,4282216,9,0,98201,7.85,13.25,89905,28,4.2056,uuf250-010.cnf,1100
geometric,1100,250,1065,UNSAT,122900,143378,5264756,9,0,122899,8.50,13.78,112207,27,5.6954,uuf250-0100.cnf,1100
geometric,1100,250,1065,UNSAT,123167,144317,5303205,9,0,123166,8.00,13.51,112204,29,5.7090,uuf250-011.cnf,1100
geometric,1100,250,1065,UNSAT,100099,117095,4331013,9,0,100098,7.97,12.99,89908,26,4.2736,uuf250-012.cnf,1100
geometric,1100,250,1065,UNSAT,113527,132463,4794561,9,0,113526,8.21,13.49,106404,28,5.1891,uuf250-013.cnf,1100
geometric,1100,250,1065,UNSAT,119343,140056,5243563,9,0,119342,7.93,13.70,112208,31,5.5135,uuf250-014.cnf,1100
geometric,1100,250,1065,UNSAT,113466,132459,4867948,9,0,113465,8.04,13.54,106408,38,5.0947,uuf250-015.cnf,1100
geometric,1100,250,1065,UNSAT,65594,76997,2793348,8,0,65593,7.84,12.92,60952,29,2.6041,uuf250-016.cnf,1100
geometric,1100,250,1065,UNSAT,110911,129820,4654265,9,0,110910,8.27,13.77,100757,30,5.1549,uuf250-017.cnf,1100
geometric,1100,250,1065,UNSAT,103748,121397,4556230,9,0,103747,8.25,13.53,95253,29,4.5399,uuf250-018.cnf,1100
geometric,1100,250,1065,UNSAT,101391,117740,4380675,9,0,101390,8.15,13.72,95253,28,4.6012,uuf250-019.cnf,1100
geometric,1100,250,1065,UNSAT,115797,135233,4960737,9,0,115796,8.12,13.48,106408,29,5.2354,uuf250-02.cnf,1100
geometric,1100,250,1065,UNSAT,157485,184729,6683857,10,0,157484,8.61,14.07,150160,29,7.7038,uuf250-020.cnf,1100
geometric,1100,250,1065,UNSAT,144054,168369,6266805,10,0,144053,8.21,13.62,136902,31,6.9528,uuf250-021.cnf,1100
geometric,1100,250,1065,UNSAT,133974,156662,5889242,10,0,133973,8.24,13.83,124263,32,6.3239,uuf250-022.cnf,1100
geometric,1100,250,1065,UNSAT,63368,73932,2720903,8,0,63367,7.93,13.21,56656,34,2.5365,uuf250-023.cnf,1100
geometric,1100,250,1065,UNSAT,71507,83742,3112340,8,0,71506,7.73,12.86,65407,40,2.7951,uuf250-024.cnf,1100
geometric,1100,250,1065,UNSAT,86518,100977,3836853,9,0,86517,8.20,13.69,79657,28,3.7127,uuf250-025.cnf,1100
geometric,1100,250,1065,UNSAT,53611,63151,2333102,7,0,53610,8.07,13.48,48506,26,2.0642,uuf250-026.cnf,1100
geometric,1100,250,1065,UNSAT,142908,165932,6152317,10,0,142907,8.38,14.07,130510,28,7.1418,uuf250-027.cnf,1100
geometric,1100,250,1065,UNSAT,107520,125937,4678530,9,0,107519,8.36,14.11,100759,29,4.9332,uuf250-028.cnf,1100
geometric,1100,250,1065,UNSAT,64805,75132,2823010,8,0,64804,7.73,13.19,56663,28,2.5894,uuf250-029.cnf,1100
geometric,1100,250,1065,UNSAT,100888,117694,4397902,9,0,100887,8.13,13.78,95262,31,4.5212,uuf250-03.cnf,1100
geometric,1100,250,1065,UNSAT,72289,84628,3015877,8,0,72288,8.02,13.15,65402,29,2.9204,uuf250-030.cnf,1100
geometric,1100,250,1065,UNSAT,126169,148310,5579332,10,0,126168,8.54,14.27,118154,37,5.8557,uuf250-031.cnf,1100
geometric,1100,250,1065,UNSAT,92107,107327,3953275,9,0,92106,8.07,13.29,84704,29,3.9557,uuf250-032.cnf,1100
geometric,1100,250,1065,UNSAT,165444,193199,7081824,10,0,165443,8.47,14.12,157007,28,8.4710,uuf250-033.cnf,1100
geometric,1100,250,1065,UNSAT,137932,161965,5993386,10,0,137931,8.69,14.53,130508,27,6.7335,uuf250-034.cnf,1100
geometric,1100,250,1065,UNSAT,131396,154764,5588936,10,0,131395,8.47,13.96,124257,30,6.2563,uuf250-035.cnf,1100
geometric,1100,250,1065,UNSAT,58672,68693,2528993,8,0,58671,8.01,13.23,52508,27,2.2658,uuf250-036.cnf,1100
geometric,1100,250,1065,UNSAT,62985,73481,2662152,8,0,62984,8.09,13.01,56657,33,2.5008,uuf250-037.cnf,1100
geometric,1100,250,1065,UNSAT,38488,45110,1655203,7,0,38487,7.67,12.81,34002,27,1.3383,uuf250-038.cnf,1100
geometric,1100,250,1065,UNSAT,87797,102590,3779609,9,0,87796,8.06,13.30,79651,26,3.7199,uuf250-039.cnf,1100
geometric,1100,250,1065,UNSAT,100309,117580,4223128,9,0,100308,8.26,13.68,89907,29,4.4515,uuf250-04.cnf,1100
geometric,1100,250,1065,UNSAT,37352,43612,1588732,7,0,37351,7.83,12.76,34004,29,1.3465,uuf250-040.cnf,1100
geometric,1100,250,1065,UNSAT,93287,109579,4080677,9,0,93286,8.46,14.11,84709,30,4.0400,uuf250-041.cnf,1100
geometric,1100,250,1065,UNSAT,102209,119016,4434043,9,0,102208,8.39,13.94,95259,28,4.5459,uuf250-042.cnf,1100
geometric,1100,250,1065,UNSAT,130649,151991,5617778,10,0,130648,8.26,13.64,124262,30,6.1429,uuf250-043.cnf,1100
geometric,1100,250,1065,UNSAT,98779,115464,4291569,9,0,98778,8.17,13.56,89906,33,4.3403,uuf250-044.cnf,1100
geometric,1100,250,1065,UNSAT,61066,71502,2651407,8,0,61065,7.88,13.29,56653,27,2.3680,uuf250-045.cnf,1100
geometric,1100,250,1065,UNSAT,205527,241513,8828350,11,0,205526,8.86,14.76,193506,32,11.1744,uuf250-046.cnf,1100
geometric,1100,250,1065,UNSAT,83595,97777,3600249,9,0,83594,8.04,13.16,74754,36,3.4916,uuf250-047.cnf,1100
geometric,1100,250,1065,UNSAT,34700,40255,1532927,6,0,34699,7.70,12.82,30756,34,1.2237,uuf250-048.cnf,1100
geometric,1100,250,1065,UNSAT,62398,73038,2853570,8,0,62397,7.84,13.56,56655,25,2.4294,uuf250-049.cnf,1100
geometric,1100,250,1065,UNSAT,84013,99244,3571204,9,0,84012,7.86,13.09,74757,31,3.4774,uuf250-05.cnf,1100
geometric,1100,250,1065,UNSAT,96717,113354,4115416,9,0,96716,8.22,13.72,89904,28,4.3056,uuf250-050.cnf,1100
geometric,1100,250,1065,UNSAT,140547,164247,6132191,10,0,140546,8.24,13.87,130514,27,6.6918,uuf250-051.cnf,1100
geometric,1100,250,1065,UNSAT,99208,115780,4217268,9,0,99207,8.17,13.68,89906,26,4.4641,uuf250-052.cnf,1100
geometric,1100,250,1065,UNSAT,152644,178450,6554240,10,0,152643,8.41,13.90,143464,38,7.4945,uuf250-053.cnf,1100
geometric,1100,250,1065,UNSAT,105602,123238,4700670,9,0,105601,8.37,13.98,95254,27,4.7847,uuf250-054.cnf,1100
geometric,1100,250,1065,UNSAT,38050,44519,1599540,7,0,38049,7.54,12.38,34004,36,1.3338,uuf250-055.cnf,1100
geometric,1100,250,1065,UNSAT,72126,84857,3133057,8,0,72125,7.93,13.14,65405,29,2.8957,uuf250-056.cnf,1100
geometric,1100,250,1065,UNSAT,119871,140887,5131045,9,0,119870,8.57,14.28,112208,30,5.5773,uuf250-057.cnf,1100
geometric,1100,250,1065,UNSAT,142076,165884,6230972,10,0,142075,8.35,13.71,130512,35,6.7715,uuf250-058.cnf,1100
geometric,1100,250,1065,UNSAT,48637,56858,2096644,7,0,48636,7.89,12.80,44652,28,1.8126,uuf250-059.cnf,1100
geometric,1100,250,1065,UNSAT,98950,116548,4253556,9,0,98949,8.40,14.09,89907,29,4.4398,uuf250-06.cnf,1100
geometric,1100,250,1065,UNSAT,69147,80518,2991708,8,0,69146,7.74,13.02,60956,24,2.7550,uuf250-060.cnf,1100
geometric,1100,250,1065,UNSAT,156572,183589,6849426,10,0,156571,8.58,14.29,143458,36,7.9806,uuf250-061.cnf,1100
geometric,1100,250,1065,UNSAT,78056,91679,3337636,8,0,78055,8.19,13.75,70005,29,3.3097,uuf250-062.cnf,1100
geometric,1100,250,1065,UNSAT,147430,172840,6371967,10,0,147429,8.25,13.90,136913,28,7.2486,uuf250-063.cnf,1100
geometric,1100,250,1065,UNSAT,99566,116449,4345927,9,0,99565,8.04,13.69,89903,34,4.4264,uuf250-064.cnf,1100
geometric,1100,250,1065,UNSAT,64505,74749,2779350,8,0,64504,8.13,13.27,56655,29,2.6129,uuf250-065.cnf,1100
geometric,1100,250,1065,UNSAT,242399,282722,10472713,11,0,242398,8.49,14.39,233765,31,13.8500,uuf250-066.cnf,1100
geometric,1100,250,1065,UNSAT,95198,111790,4196677,9,0,95197,8.10,13.72,89908,34,4.1772,uuf250-067.cnf,1100
geometric,1100,250,1065,UNSAT,29244,34046,1282308,6,0,29243,7.53,12.59,24704,28,0.9746,uuf250-068.cnf,1100
geometric,1100,250,1065,UNSAT,118280,138036,5036036,9,0,118279,8.15,13.54,112206,27,5.5721,uuf250-069.cnf,1100
geometric,1100,250,1065,UNSAT,99589,116188,4290164,9,0,99588,8.13,13.58,89908,30,4.4579,uuf250-07.cnf,1100
geometric,1100,250,1065,UNSAT,163081,190493,7115879,10,0,163080,8.70,14.63,150157,28,8.4141,uuf250-070.cnf,1100
geometric,1100,250,1065,UNSAT,169246,198360,7150263,10,0,169245,8.69,14.39,157008,33,8.7746,uuf250-071.cnf,1100
geometric,1100,250,1065,UNSAT,90841,106081,3914976,9,0,90840,8.24,13.73,84706,33,3.9400,uuf250-072.cnf,1100
geometric,1100,250,1065,UNSAT,56133,65931,2487079,8,0,56132,8.19,13.62,48503,30,2.1874,uuf250-073.cnf,1100
geometric,1100,250,1065,UNSAT,75911,89094,3216041,8,0,75910,8.19,13.25,70002,33,3.0485,uuf250-074.cnf,1100
geometric,1100,250,1065,UNSAT,116910,137416,5077258,9,0,116909,8.19,13.81,106409,28,5.3844,uuf250-075.cnf,1100
geometric,1100,250,1065,UNSAT,78164,91060,3337614,8,0,78163,8.07,13.20,70006,35,3.1945,uuf250-076.cnf,1100
geometric,1100,250,1065,UNSAT,180926,211460,7898366,10,0,180925,8.68,14.72,171160,31,9.6759,uuf250-077.cnf,1100
geometric,1100,250,1065,UNSAT,104017,121363,4518739,9,0,104016,8.41,13.77,95258,32,4.6691,uuf250-078.cnf,1100
geometric,1100,250,1065,UNSAT,112963,131480,4816703,9,0,112962,8.16,13.67,106411,31,5.2526,uuf250-079.cnf,1100
geometric,1100,250,1065,UNSAT,100181,116705,4281834,9,0,100180,8.15,13.62,89907,27,4.4901,uuf250-08.cnf,1100
geometric,1100,250,1065,UNSAT,128094,149740,5448210,10,0,128093,8.29,13.91,118157,32,6.1459,uuf250-080.cnf,1100
geometric,1100,250,1065,UNSAT,133391,156014,5658347,10,0,133390,8.41,14.00,124254,34,6.4877,uuf250-081.cnf,1100
geometric,1100,250,1065,UNSAT,114026,132681,4942144,9,0,114025,8.09,13.49,106410,29,5.1982,uuf250-082.cnf,1100
geometric,1100,250,1065,UNSAT,53159,62118,2323659,7,0,53158,7.97,13.47,48505,27,2.0334,uuf250-083.cnf,1100
geometric,1100,250,1065,UNSAT,60674,71512,2680570,8,0,60673,8.02,13.64,52503,26,2.3583,uuf250-084.cnf,1100
geometric,1100,250,1065,UNSAT,103119,119966,4346397,9,0,103118,8.37,13.75,95258,28,4.6371,uuf250-085.cnf,1100
geometric,1100,250,1065,UNSAT,74799,87328,3204534,8,0,74798,7.88,13.09,70004,28,3.0407,uuf250-086.cnf,1100
geometric,1100,250,1065,UNSAT,207109,242555,8992541,11,0,207108,8.71,14.51,193515,29,11.1249,uuf250-087.cnf,1100
geometric,1100,250,1065,UNSAT,96826,113165,4176827,9,0,96825,8.20,13.65,89907,28,4.2886,uuf250-088.cnf,1100
geometric,1100,250,1065,UNSAT,110270,128407,4840816,9,0,110269,8.21,13.82,100756,30,5.0787,uuf250-089.cnf,1100
geometric,1100,250,1065,UNSAT,170141,198917,7502702,10,0,170140,8.57,14.30,157008,26,8.5892,uuf250-09.cnf,1100
geometric,1100,250,1065,UNSAT,30882,36043,1312552,6,0,30881,7.60,12.72,27652,32,1.0605,uuf250-090.cnf,1100
geometric,1100,250,1065,UNSAT,100488,118337,4398058,9,0,100487,8.06,13.65,89906,30,4.3514,uuf250-091.cnf,1100
geometric,1100,250,1065,UNSAT,181186,211694,7725657,10,0,181185,8.40,14.18,171161,32,9.5136,uuf250-092.cnf,1100
geometric,1100,250,1065,UNSAT,100353,117965,4331594,9,0,100352,8.17,13.80,89906,29,4.4549,uuf250-093.cnf,1100
geometric,1100,250,1065,UNSAT,76687,90003,3279473,8,0,76686,8.18,13.49,70004,30,3.1360,uuf250-094.cnf,1100
geometric,1100,250,1065,UNSAT,63430,74056,2690486,8,0,63429,7.88,12.74,56653,37,2.4352,uuf250-095.cnf,1100
geometric,1100,250,1065,UNSAT,110507,128838,4805206,9,0,110506,8.29,13.82,100756,28,5.1111,uuf250-096.cnf,1100
geometric,1100,250,1065,UNSAT,60881,71221,2688581,8,0,60880,8.24,13.70,56654,38,2.4135,uuf250-097.cnf,1100
geometric,1100,250,1065,UNSAT,44650,52032,1959820,7,0,44649,7.79,12.84,40955,33,1.6462,uuf250-098.cnf,1100
geometric,1100,250,1065,UNSAT,59662,69977,2569253,8,0,59661,7.72,12.97,52505,33,2.2945,uuf250-099.cnf,1100
geometric,1200,250,1065,UNSAT,108927,127551,4780791,9,0,108926,8.46,14.12,100758,29,4.9316,uuf250-01.cnf,1200
geometric,1200,250,1065,UNSAT,91734,107356,4002792,9,0,91733,8.21,13.82,84705,29,3.9242,uuf250-010.cnf,1200
geometric,1200,250,1065,UNSAT,134118,157417,5679632,9,0,134117,8.38,13.85,124253,26,6.3725,uuf250-0100.cnf,1200
geometric,1200,250,1065,UNSAT,147060,171697,6268568,10,0,147059,8.43,14.08,136911,29,7.3026,uuf250-011.cnf,1200
geometric,1200,250,1065,UNSAT,95663,112349,4159691,9,0,95662,8.21,13.36,89905,30,4.0853,uuf250-012.cnf,1200
geometric,1200,250,1065,UNSAT,111614,130520,4684932,9,0,111613,8.18,13.44,100759,30,5.0657,uuf250-013.cnf,1200
geometric,1200,250,1065,UNSAT,121542,142273,5264733,9,0,121541,8.32,14.14,112205,31,5.6818,uuf250-014.cnf,1200
geometric,1200,250,1065,UNSAT,127197,147810,5465137,9,0,127196,8.01,13.39,118158,38,5.9076,uuf250-015.cnf,1200
geometric,1200,250,1065,UNSAT,66127,77487,2802373,8,0,66126,7.82,12.96,60951,29,2.6030,uuf250-016.cnf,1200
geometric,1200,250,1065,UNSAT,107337,125846,4544807,9,0,107336,8.25,13.70,100754,27,4.9019,uuf250-017.cnf,1200
geometric,1200,250,1065,UNSAT,110271,128575,4835174,9,0,110270,8.46,13.83,100762,32,4.8921,uuf250-018.cnf,1200
geometric,1200,250,1065,UNSAT,98153,113634,4308508,9,0,98152,8.25,13.92,89906,26,4.4015,uuf250-019.cnf,1200
geometric,1200,250,1065,UNSAT,96032,112192,4133802,9,0,96031,8.14,13.66,89908,26,4.1929,uuf250-02.cnf,1200
geometric,1200,250,1065,UNSAT,134026,157581,5704178,9,0,134025,8.52,13.97,124258,28,6.3193,uuf250-020.cnf,1200
geometric,1200,250,1065,UNSAT,176442,206505,7683698,10,0,176441,8.59,14.22,164009,31,9.1878,uuf250-021.cnf,1200
geometric,1200,250,1065,UNSAT,140787,164727,6163544,10,0,140786,8.40,14.00,130511,32,6.8191,uuf250-022.cnf,1200
geometric,1200,250,1065,UNSAT,70217,81616,2990242,8,0,70216,8.17,13.59,65406,34,2.9147,uuf250-023.cnf,1200
geometric,1200,250,1065,UNSAT,67741,79483,2964322,8,0,67740,7.75,13.07,60953,40,2.6600,uuf250-024.cnf,1200
geometric,1200,250,1065,UNSAT,95092,111695,4174854,9,0,95091,8.09,13.60,84711,28,4.1643,uuf250-025.cnf,1200
geometric,1200,250,1065,UNSAT,67746,79457,2919821,8,0,67745,8.04,13.45,60955,27,2.7235,uuf250-026.cnf,1200
geometric,1200,250,1065,UNSAT,124738,145386,5411395,9,0,124737,8.57,14.27,118155,33,6.1542,uuf250-027.cnf,1200
geometric,1200,250,1065,UNSAT,106115,124296,4602454,9,0,106114,8.39,13.88,95257,29,4.8063,uuf250-028.cnf,1200
geometric,1200,250,1065,UNSAT,65376,76512,2832210,8,0,65375,7.82,13.21,60953,28,2.6597,uuf250-029.cnf,1200
geometric,1200,250,1065,UNSAT,89403,104974,3904607,8,0,89402,8.05,13.72,79657,31,3.8399,uuf250-03.cnf,1200
geometric,1200,250,1065,UNSAT,60649,71148,2545016,8,0,60648,7.78,12.78,52505,29,2.3305,uuf250-030.cnf,1200
geometric,1200,250,1065,UNSAT,127782,150272,5655647,9,0,127781,8.45,13.98,118159,37,5.9517,uuf250-031.cnf,1200
geometric,1200,250,1065,UNSAT,95428,111526,4057520,9,0,95427,8.12,13.42,89904,29,4.2051,uuf250-032.cnf,1200
geometric,1200,250,1065,UNSAT,171435,199436,7331791,10,0,171434,8.53,13.89,164013,28,8.9504,uuf250-033.cnf,1200
geometric,1200,250,1065,UNSAT,142357,166804,6196769,10,0,142356,8.34,13.94,130508,28,6.8694,uuf250-034.cnf,1200
geometric,1200,250,1065,UNSAT,152743,178727,6495366,10,0,152742,8.43,14.08,143457,30,7.7310,uuf250-035.cnf,1200
geometric,1200,250,1065,UNSAT,69971,81768,2986657,8,0,69970,8.17,13.70,65403,29,2.8927,uuf250-036.cnf,1200
geometric,1200,250,1065,UNSAT,57605,66993,2437754,7,0,57604,7.69,12.59,52502,33,2.1836,uuf250-037.cnf,1200
geometric,1200,250,1065,UNSAT,40363,47324,1745808,7,0,40362,7.71,12.63,34003,27,1.4139,uuf250-038.cnf,1200
geometric,1200,250,1065,UNSAT,77814,90673,3353769,8,0,77813,7.91,13.39,70008,26,3.2772,uuf250-039.cnf,1200
geometric,1200,250,1065,UNSAT,106617,125350,4515109,9,0,106616,8.17,13.77,100756,31,4.8491,uuf250-04.cnf,1200
geometric,1200,250,1065,UNSAT,42505,49475,1812056,7,0,42504,8.01,13.02,37402,29,1.5822,uuf250-040.cnf,1200
geometric,1200,250,1065,UNSAT,79510,93559,3509126,8,0,79509,8.14,13.76,70006,30,3.2776,uuf250-041.cnf,1200
geometric,1200,250,1065,UNSAT,128158,148254,5515116,9,0,128157,8.42,13.81,118153,28,6.0551,uuf250-042.cnf,1200
geometric,1200,250,1065,UNSAT,143513,167232,6112330,10,0,143512,8.18,13.70,136909,30,6.9691,uuf250-043.cnf,1200
geometric,1200,250,1065,UNSAT,90443,105844,3930288,9,0,90442,8.15,13.65,84706,33,3.8545,uuf250-044.cnf,1200
geometric,1200,250,1065,UNSAT,59401,69714,2607919,8,0,59400,7.85,13.15,52501,27,2.2733,uuf250-045.cnf,1200
geometric,1200,250,1065,UNSAT,181637,213848,7821910,10,0,181636,8.65,14.61,171160,30,9.4351,uuf250-046.cnf,1200
geometric,1200,250,1065,UNSAT,80807,94408,3497008,8,0,80806,8.13,13.15,74754,36,3.3737,uuf250-047.cnf,1200
geometric,1200,250,1065,UNSAT,38517,45023,1686844,6,0,38516,7.65,12.68,34007,34,1.3642,uuf250-048.cnf,1200
geometric,1200,250,1065,UNSAT,63339,74647,2876047,8,0,63338,8.17,14.01,56661,26,2.4951,uuf250-049.cnf,1200
geometric,1200,250,1065,UNSAT,80674,95075,3433860,8,0,80673,7.91,13.16,74757,31,3.2637,uuf250-05.cnf,1200
geometric,1200,250,1065,UNSAT,100063,117483,4253660,9,0,100062,8.22,13.53,89907,28,4.4329,uuf250-050.cnf,1200
geometric,1200,250,1065,UNSAT,146637,171262,6376875,10,0,146636,8.41,14.00,136907,30,7.2120,uuf250-051.cnf,1200
geometric,1200,250,1065,UNSAT,109453,127089,4654562,9,0,109452,8.31,13.75,100757,28,5.0273,uuf250-052.cnf,1200
geometric,1200,250,1065,UNSAT,136388,160131,5848322,10,0,136387,8.36,13.90,124261,38,6.4625,uuf250-053.cnf,1200
geometric,1200,250,1065,UNSAT,102249,119584,4556944,9,0,102248,8.24,13.85,95253,29,4.5167,uuf250-054.cnf,1200
geometric,1200,250,1065,UNSAT,36824,42956,1562104,6,0,36823,7.62,12.56,30753,36,1.2934,uuf250-055.cnf,1200
geometric,1200,250,1065,UNSAT,66151,77489,2884200,8,0,66150,7.82,12.99,60952,29,2.5583,uuf250-056.cnf,1200
geometric,1200,250,1065,UNSAT,89822,106008,3877153,8,0,89821,8.07,13.68,84704,30,3.7859,uuf250-057.cnf,1200
geometric,1200,250,1065,UNSAT,151229,177048,6560077,10,0,151228,8.42,13.91,143455,30,7.4879,uuf250-058.cnf,1200
geometric,1200,250,1065,UNSAT,47538,55492,2043655,7,0,47537,7.66,12.93,40955,28,1.7547,uuf250-059.cnf,1200
geometric,1200,250,1065,UNSAT,97517,114014,4219882,9,0,97516,8.22,13.92,89905,32,4.2846,uuf250-06.cnf,1200
geometric,1200,250,1065,UNSAT,62141,72912,2684430,8,0,62140,7.84,13.15,56659,26,2.4508,uuf250-060.cnf,1200
geometric,1200,250,1065,UNSAT,170979,199384,7404175,10,0,170978,8.74,14.59,157010,36,8.9325,uuf250-061.cnf,1200
geometric,1200,250,1065,UNSAT,73007,86052,3137501,8,0,73006,8.04,13.31,65407,29,2.9626,uuf250-062.cnf,1200
geometric,1200,250,1065,UNSAT,121506,142663,5302389,9,0,121505,8.15,13.85,112209,28,5.6232,uuf250-063.cnf,1200
geometric,1200,250,1065,UNSAT,106054,123457,4603884,9,0,106053,8.22,14.03,95257,34,4.8753,uuf250-064.cnf,1200
geometric,1200,250,1065,UNSAT,59881,69618,2575122,8,0,59880,7.76,12.84,52502,29,2.3265,uuf250-065.cnf,1200
geometric,1200,250,1065,UNSAT,204812,239058,8903250,10,0,204811,8.43,14.51,193508,31,11.2377,uuf250-066.cnf,1200
geometric,1200,250,1065,UNSAT,104626,123281,4624399,9,0,104625,8.23,13.79,95256,34,4.6180,uuf250-067.cnf,1200
geometric,1200,250,1065,UNSAT,28667,33525,1255427,6,0,28666,7.44,12.51,24702,28,0.9657,uuf250-068.cnf,1200
geometric,1200,250,1065,UNSAT,119218,140357,5020081,9,0,119217,8.29,13.78,112206,29,5.5735,uuf250-069.cnf,1200
geometric,1200,250,1065,UNSAT,102459,119110,4432019,9,0,102458,8.16,13.70,95259,30,4.5681,uuf250-07.cnf,1200
geometric,1200,250,1065,UNSAT,204707,238469,8878947,10,0,204706,8.74,14.44,193505,27,11.2623,uuf250-070.cnf,1200
geometric,1200,250,1065,UNSAT,151643,177725,6518166,10,0,151642,8.55,14.38,143458,33,7.5123,uuf250-071.cnf,1200
geometric,1200,250,1065,UNSAT,96080,112777,4133044,9,0,96079,8.05,13.77,89904,33,4.2338,uuf250-072.cnf,1200
geometric,1200,250,1065,UNSAT,51249,60404,2261077,7,0,51248,8.07,13.57,44654,29,1.9161,uuf250-073.cnf,1200
geometric,1200,250,1065,UNSAT,82565,96784,3494827,8,0,82564,8.12,13.33,74758,26,3.3984,uuf250-074.cnf,1200
geometric,1200,250,1065,UNSAT,121313,142993,5260480,9,0,121312,8.49,14.25,112212,29,5.6861,uuf250-075.cnf,1200
geometric,1200,250,1065,UNSAT,87383,101809,3690894,8,0,87382,8.08,13.07,79654,35,3.6784,uuf250-076.cnf,1200
geometric,1200,250,1065,UNSAT,228895,267527,9997185,11,0,228894,8.73,14.56,217209,28,13.0264,uuf250-077.cnf,1200
geometric,1200,250,1065,UNSAT,99227,116015,4327832,9,0,99226,7.96,13.31,89903,32,4.3021,uuf250-078.cnf,1200
geometric,1200,250,1065,UNSAT,93193,108697,4028831,9,0,93192,8.18,13.87,84708,31,4.1807,uuf250-079.cnf,1200
geometric,1200,250,1065,UNSAT,100484,117390,4308670,9,0,100483,8.03,13.41,89903,27,4.5265,uuf250-08.cnf,1200
geometric,1200,250,1065,UNSAT,124477,145125,5324133,9,0,124476,8.24,13.69,118154,32,5.9605,uuf250-080.cnf,1200
geometric,1200,250,1065,UNSAT,127888,149782,5429019,9,0,127887,8.33,13.79,118161,29,6.0033,uuf250-081.cnf,1200
geometric,1200,250,1065,UNSAT,116788,136276,4989211,9,0,116787,8.09,13.59,106406,31,5.3321,uuf250-082.cnf,1200
geometric,1200,250,1065,UNSAT,43159,50685,1907755,7,0,43158,7.83,13.36,37404,27,1.5696,uuf250-083.cnf,1200
geometric,1200,250,1065,UNSAT,61934,72643,2729348,8,0,61933,8.09,13.62,56655,26,2.4278,uuf250-084.cnf,1200
geometric,1200,250,1065,UNSAT,99733,116221,4243131,9,0,99732,8.08,13.51,89905,27,4.3773,uuf250-085.cnf,1200
geometric,1200,250,1065,UNSAT,89369,104009,3820780,8,0,89368,7.81,12.96,79655,28,3.7620,uuf250-086.cnf,1200
geometric,1200,250,1065,UNSAT,224125,261942,9718878,11,0,224124,8.74,14.76,209163,29,12.3364,uuf250-087.cnf,1200
geometric,1200,250,1065,UNSAT,117277,137638,5006045,9,0,117276,8.39,13.98,106408,26,5.3577,uuf250-088.cnf,1200
geometric,1200,250,1065,UNSAT,106377,124515,4641050,9,0,106376,8.30,13.86,100756,30,4.8691,uuf250-089.cnf,1200
geometric,1200,250,1065,UNSAT,189937,221458,8377905,10,0,189936,8.87,14.74,178456,28,10.2513,uuf250-09.cnf,1200
geometric,1200,250,1065,UNSAT,30705,35864,1311073,6,0,30704,7.37,12.38,27652,32,1.0597,uuf250-090.cnf,1200
geometric,1200,250,1065,UNSAT,123832,145524,5367511,9,0,123831,8.57,14.40,112210,31,5.8861,uuf250-091.cnf,1200
geometric,1200,250,1065,UNSAT,154601,181186,6574098,10,0,154600,8.50,14.11,143455,28,7.7937,uuf250-092.cnf,1200
geometric,1200,250,1065,UNSAT,117223,137632,5044338,9,0,117222,7.94,13.22,106406,25,5.1579,uuf250-093.cnf,1200
geometric,1200,250,1065,UNSAT,73228,85555,3151476,8,0,73227,7.98,13.43,65404,27,2.9968,uuf250-094.cnf,1200
geometric,1200,250,1065,UNSAT,64246,75258,2727751,8,0,64245,7.88,12.70,56655,37,2.4983,uuf250-095.cnf,1200
geometric,1200,250,1065,UNSAT,131340,153072,5677438,9,0,131339,8.13,13.70,124258,29,6.3548,uuf250-096.cnf,1200
geometric,1200,250,1065,UNSAT,66381,77636,2883180,8,0,66380,7.94,13.14,60950,38,2.6677,uuf250-097.cnf,1200
geometric,1200,250,1065,UNSAT,37049,43478,1628359,6,0,37048,7.81,12.96,30752,33,1.2971,uuf250-098.cnf,1200
geometric,1200,250,1065,UNSAT,71424,83742,3074450,8,0,71423,7.74,12.77,65404,33,2.8795,uuf250-099.cnf,1200
geometric,1300,250,1065,UNSAT,95587,111928,4229841,8,0,95586,8.16,13.58,89908,29,4.1109,uuf250-01.cnf,1300
geometric,1300,250,1065,UNSAT,88389,103482,3883408,8,0,88388,8.16,13.84,79654,28,3.7286,uuf250-010.cnf,1300
geometric,1300,250,1065,UNSAT,158999,186078,6702045,10,0,158998,8.48,13.87,150154,27,7.9070,uuf250-0100.cnf,1300
geometric,1300,250,1065,UNSAT,143001,166230,6136309,9,0,143000,8.49,13.84,130503,29,6.9618,uuf250-011.cnf,1300
geometric,1300,250,1065,UNSAT,81379,95466,3571109,8,0,81378,7.83,12.98,74755,25,3.2657,uuf250-012.cnf,1300
geometric,1300,250,1065,UNSAT,88895,104491,3792464,8,0,88894,8.16,13.62,79656,28,3.8460,uuf250-013.cnf,1300
geometric,1300,250,1065,UNSAT,136334,159210,5954578,9,0,136333,8.05,13.68,124257,31,6.5501,uuf250-014.cnf,1300
geometric,1300,250,1065,UNSAT,117651,137360,5073364,9,0,117650,8.43,13.85,106404,38,5.3721,uuf250-015.cnf,1300
geometric,1300,250,1065,UNSAT,75890,88640,3223661,8,0,75889,8.16,13.29,70005,29,3.1346,uuf250-016.cnf,1300
geometric,1300,250,1065,UNSAT,140748,164333,5898866,9,0,140747,8.24,13.70,130508,28,6.8665,uuf250-017.cnf,1300
geometric,1300,250,1065,UNSAT,122933,143283,5330643,9,0,122932,8.27,13.73,112207,29,5.6106,uuf250-018.cnf,1300
geometric,1300,250,1065,UNSAT,95535,111037,4179768,8,0,95534,8.13,13.61,89906,27,4.2001,uuf250-019.cnf,1300
geometric,1300,250,1065,UNSAT,98757,115693,4209417,9,0,98756,8.14,13.60,89904,26,4.3370,uuf250-02.cnf,1300
geometric,1300,250,1065,UNSAT,130082,153284,5562963,9,0,130081,8.23,13.73,118155,28,6.0965,uuf250-020.cnf,1300
geometric,1300,250,1065,UNSAT,140906,165492,6174439,9,0,140905,8.37,14.27,130505,31,6.7961,uuf250-021.cnf,1300
geometric,1300,250,1065,UNSAT,146155,170215,6386387,9,0,146154,8.47,13.94,136906,32,7.1617,uuf250-022.cnf,1300
geometric,1300,250,1065,UNSAT,64455,75151,2743460,8,0,64454,8.14,13.48,56652,34,2.6257,uuf250-023.cnf,1300
geometric,1300,250,1065,UNSAT,68145,79375,2978626,8,0,68144,7.74,13.00,60953,40,2.6353,uuf250-024.cnf,1300
geometric,1300,250,1065,UNSAT,100947,117546,4461808,9,0,100946,8.49,13.96,95255,28,4.5139,uuf250-025.cnf,1300
geometric,1300,250,1065,UNSAT,53896,63081,2345034,7,0,53895,7.91,13.12,48502,26,2.0186,uuf250-026.cnf,1300
geometric,1300,250,1065,UNSAT,136418,159841,5889809,9,0,136417,8.41,14.21,124259,28,6.6295,uuf250-027.cnf,1300
geometric,1300,250,1065,UNSAT,104590,122225,4544696,9,0,104589,8.41,13.98,95257,30,4.7821,uuf250-028.cnf,1300
geometric,1300,250,1065,UNSAT,67739,79042,2953822,8,0,67738,7.96,13.42,60958,33,2.7638,uuf250-029.cnf,1300
geometric,1300,250,1065,UNSAT,100755,117649,4395177,9,0,100754,8.20,13.91,95255,31,4.6193,uuf250-03.cnf,1300
geometric,1300,250,1065,UNSAT,66471,78385,2739622,8,0,66470,8.06,13.33,60959,29,2.6823,uuf250-030.cnf,1300
geometric,1300,250,1065,UNSAT,134606,158773,5979636,9,0,134605,8.39,14.09,124257,37,6.2491,uuf250-031.cnf,1300
geometric,1300,250,1065,UNSAT,95878,111391,4091353,8,0,95877,8.15,13.46,89905,30,4.2117,uuf250-032.cnf,1300
geometric,1300,250,1065,UNSAT,206958,242702,8722305,10,0,206957,8.42,14.12,193509,30,11.2620,uuf250-033.cnf,1300
geometric,1300,250,1065,UNSAT,151514,177134,6604022,10,0,151513,8.39,14.22,143460,27,7.5700,uuf250-034.cnf,1300
geometric,1300,250,1065,UNSAT,147837,172702,6256261,10,0,147836,8.45,14.05,136906,30,7.3743,uuf250-035.cnf,1300
geometric,1300,250,1065,UNSAT,68655,80468,2905929,8,0,68654,8.05,13.41,60955,27,2.7851,uuf250-036.cnf,1300
geometric,1300,250,1065,UNSAT,58355,67968,2467390,7,0,58354,7.97,13.01,52504,33,2.2420,uuf250-037.cnf,1300
geometric,1300,250,1065,UNSAT,39471,46262,1714510,6,0,39470,7.68,12.61,34003,27,1.3781,uuf250-038.cnf,1300
geometric,1300,250,1065,UNSAT,73573,86099,3168499,8,0,73572,7.82,13.17,65402,29,3.0309,uuf250-039.cnf,1300
geometric,1300,250,1065,UNSAT,111156,130644,4658905,9,0,111155,8.25,13.91,100754,28,5.1179,uuf250-04.cnf,1300
geometric,1300,250,1065,UNSAT,39177,45387,1662622,6,0,39176,7.52,12.33,34003,29,1.3744,uuf250-040.cnf,1300
geometric,1300,250,1065,UNSAT,82846,97330,3655837,8,0,82845,8.22,14.01,74760,30,3.4966,uuf250-041.cnf,1300
geometric,1300,250,1065,UNSAT,104656,121233,4541168,9,0,104655,8.14,13.68,95256,30,4.6983,uuf250-042.cnf,1300
geometric,1300,250,1065,UNSAT,115029,134131,4944224,9,0,115028,8.39,13.95,106411,30,5.2420,uuf250-043.cnf,1300
geometric,1300,250,1065,UNSAT,93321,109262,4073204,8,0,93320,8.16,13.71,84707,33,4.0150,uuf250-044.cnf,1300
geometric,1300,250,1065,UNSAT,54777,64258,2377059,7,0,54776,7.95,13.35,48504,27,2.0892,uuf250-045.cnf,1300
geometric,1300,250,1065,UNSAT,204672,239830,8814365,10,0,204671,8.74,14.81,193509,28,11.1538,uuf250-046.cnf,1300
geometric,1300,250,1065,UNSAT,82114,96427,3521940,8,0,82113,8.04,13.21,74760,36,3.4328,uuf250-047.cnf,1300
geometric,1300,250,1065,UNSAT,35575,41575,1566846,6,0,35574,7.55,12.68,30752,34,1.2367,uuf250-048.cnf,1300
geometric,1300,250,1065,UNSAT,78340,92486,3533388,8,0,78339,7.98,13.41,70007,29,3.1258,uuf250-049.cnf,1300
geometric,1300,250,1065,UNSAT,76653,90206,3303588,8,0,76652,7.90,13.12,70009,31,3.1421,uuf250-05.cnf,1300
geometric,1300,250,1065,UNSAT,114412,133462,4849574,9,0,114411,8.38,13.74,106404,28,5.2666,uuf250-050.cnf,1300
geometric,1300,250,1065,UNSAT,144005,168196,6325848,9,0,144004,8.38,13.90,136909,30,6.9794,uuf250-051.cnf,1300
geometric,1300,250,1065,UNSAT,96419,112168,4099727,8,0,96418,8.02,13.43,89905,26,4.2753,uuf250-052.cnf,1300
geometric,1300,250,1065,UNSAT,149818,175535,6415046,10,0,149817,8.35,13.97,136907,38,7.3216,uuf250-053.cnf,1300
geometric,1300,250,1065,UNSAT,99592,116380,4411539,9,0,99591,8.30,13.74,89906,30,4.3335,uuf250-054.cnf,1300
geometric,1300,250,1065,UNSAT,44112,51089,1872462,7,0,44111,7.38,12.10,37406,36,1.5676,uuf250-055.cnf,1300
geometric,1300,250,1065,UNSAT,72700,85252,3165575,8,0,72699,8.26,13.91,65405,29,2.9876,uuf250-056.cnf,1300
geometric,1300,250,1065,UNSAT,110088,129939,4740153,9,0,110087,8.04,13.71,100759,30,4.8791,uuf250-057.cnf,1300
geometric,1300,250,1065,UNSAT,184843,215801,7953606,10,0,184842,8.39,14.00,171160,30,9.6922,uuf250-058.cnf,1300
geometric,1300,250,1065,UNSAT,56337,65597,2393530,7,0,56336,7.78,12.71,48503,28,2.1350,uuf250-059.cnf,1300
geometric,1300,250,1065,UNSAT,124201,145200,5289172,9,0,124200,8.33,13.88,118156,29,5.9242,uuf250-06.cnf,1300
geometric,1300,250,1065,UNSAT,83825,97915,3608226,8,0,83824,7.93,13.03,74755,26,3.4888,uuf250-060.cnf,1300
geometric,1300,250,1065,UNSAT,193867,226220,8325830,10,0,193866,8.78,14.56,185905,36,10.5608,uuf250-061.cnf,1300
geometric,1300,250,1065,UNSAT,68026,80160,2908033,8,0,68025,7.85,13.20,60953,29,2.7006,uuf250-062.cnf,1300
geometric,1300,250,1065,UNSAT,129222,151109,5581324,9,0,129221,8.07,13.62,118158,26,6.0277,uuf250-063.cnf,1300
geometric,1300,250,1065,UNSAT,112675,131302,4907399,9,0,112674,8.46,14.16,106408,34,5.2246,uuf250-064.cnf,1300
geometric,1300,250,1065,UNSAT,58326,67755,2523383,7,0,58325,7.97,13.41,52507,30,2.2949,uuf250-065.cnf,1300
geometric,1300,250,1065,UNSAT,208643,244614,9000627,10,0,208642,8.48,14.37,193518,31,11.3223,uuf250-066.cnf,1300
geometric,1300,250,1065,UNSAT,106927,125208,4701591,9,0,106926,8.25,13.92,100760,34,4.8313,uuf250-067.cnf,1300
geometric,1300,250,1065,UNSAT,29361,34029,1296102,6,0,29360,7.48,12.30,24701,28,0.9696,uuf250-068.cnf,1300
geometric,1300,250,1065,UNSAT,115860,135460,4902346,9,0,115859,8.32,13.79,106410,27,5.3730,uuf250-069.cnf,1300
geometric,1300,250,1065,UNSAT,118535,137581,5053933,9,0,118534,8.33,13.74,112204,30,5.5728,uuf250-07.cnf,1300
geometric,1300,250,1065,UNSAT,175549,204908,7629763,10,0,175548,8.58,14.52,164013,29,9.2773,uuf250-070.cnf,1300
geometric,1300,250,1065,UNSAT,141181,165667,6031665,9,0,141180,8.42,14.23,130516,33,6.8884,uuf250-071.cnf,1300
geometric,1300,250,1065,UNSAT,107219,125253,4617042,9,0,107218,8.24,13.73,100754,33,4.9061,uuf250-072.cnf,1300
geometric,1300,250,1065,UNSAT,53543,62900,2372489,7,0,53542,7.99,13.51,48504,28,2.0344,uuf250-073.cnf,1300
geometric,1300,250,1065,UNSAT,83065,96993,3509285,8,0,83064,8.11,13.14,74755,27,3.4089,uuf250-074.cnf,1300
geometric,1300,250,1065,UNSAT,117860,137951,5125466,9,0,117859,8.25,13.95,106407,30,5.4538,uuf250-075.cnf,1300
geometric,1300,250,1065,UNSAT,91034,105427,3859622,8,0,91033,7.97,12.80,84705,35,3.8556,uuf250-076.cnf,1300
geometric,1300,250,1065,UNSAT,218058,255028,9469400,10,0,218057,8.73,14.77,209157,29,12.1842,uuf250-077.cnf,1300
geometric,1300,250,1065,UNSAT,102011,119174,4425922,9,0,102010,8.03,13.27,95258,32,4.4242,uuf250-078.cnf,1300
geometric,1300,250,1065,UNSAT,94352,110460,4099397,8,0,94351,8.13,13.74,84708,31,4.1576,uuf250-079.cnf,1300
geometric,1300,250,1065,UNSAT,96878,113167,4138124,8,0,96877,8.10,13.50,89910,27,4.2384,uuf250-08.cnf,1300
geometric,1300,250,1065,UNSAT,132734,154496,5707177,9,0,132733,8.39,13.90,124258,32,6.4064,uuf250-080.cnf,1300
geometric,1300,250,1065,UNSAT,135868,158194,5784540,9,0,135867,8.05,13.44,124261,29,6.5087,uuf250-081.cnf,1300
geometric,1300,250,1065,UNSAT,100456,117042,4331981,9,0,100455,8.26,13.85,89903,27,4.4686,uuf250-082.cnf,1300
geometric,1300,250,1065,UNSAT,57927,68177,2542055,7,0,57926,7.95,13.79,52503,27,2.2146,uuf250-083.cnf,1300
geometric,1300,250,1065,UNSAT,61677,72425,2716480,7,0,61676,8.18,13.64,56656,29,2.4319,uuf250-084.cnf,1300
geometric,1300,250,1065,UNSAT,99319,115929,4221005,9,0,99318,8.28,13.69,89904,28,4.4059,uuf250-085.cnf,1300
geometric,1300,250,1065,UNSAT,84768,98819,3626958,8,0,84767,7.93,13.29,79655,28,3.5988,uuf250-086.cnf,1300
geometric,1300,250,1065,UNSAT,227289,265279,9960976,11,0,227288,8.97,14.78,217205,29,12.4718,uuf250-087.cnf,1300
geometric,1300,250,1065,UNSAT,121495,142217,5181745,9,0,121494,8.54,14.12,112205,31,5.7215,uuf250-088.cnf,1300
geometric,1300,250,1065,UNSAT,100645,117403,4389233,9,0,100644,8.22,14.04,95254,30,4.5486,uuf250-089.cnf,1300
geometric,1300,250,1065,UNSAT,174942,204255,7729927,10,0,174941,8.39,14.12,164004,28,8.8714,uuf250-09.cnf,1300
geometric,1300,250,1065,UNSAT,27571,32120,1181193,6,0,27570,7.18,12.20,24703,32,0.9181,uuf250-090.cnf,1300
geometric,1300,250,1065,UNSAT,115719,135948,5055458,9,0,115718,8.35,14.03,106408,30,5.2670,uuf250-091.cnf,1300
geometric,1300,250,1065,UNSAT,160680,188295,6841340,10,0,160679,8.51,14.14,150162,29,8.2130,uuf250-092.cnf,1300
geometric,1300,250,1065,UNSAT,99595,116660,4337110,9,0,99594,7.93,13.28,89907,29,4.3045,uuf250-093.cnf,1300
geometric,1300,250,1065,UNSAT,92867,108238,3944665,8,0,92866,8.36,13.71,84706,27,4.0865,uuf250-094.cnf,1300
geometric,1300,250,1065,UNSAT,67547,79336,2838814,8,0,67546,8.11,13.12,60953,37,2.6754,uuf250-095.cnf,1300
geometric,1300,250,1065,UNSAT,116658,135298,5096166,9,0,116657,8.16,13.58,106411,28,5.3854,uuf250-096.cnf,1300
geometric,1300,250,1065,UNSAT,64385,75376,2784146,8,0,64384,8.04,13.39,56654,38,2.5122,uuf250-097.cnf,1300
geometric,1300,250,1065,UNSAT,33529,39351,1484621,6,0,33528,7.48,12.66,27653,33,1.1520,uuf250-098.cnf,1300
geometric,1300,250,1065,UNSAT,65222,76120,2801911,8,0,65221,7.87,13.23,56655,33,2.5794,uuf250-099.cnf,1300
geometric,1400,250,1065,UNSAT,90332,105932,4000032,8,0,90331,7.83,13.38,84706,27,3.7545,uuf250-01.cnf,1400
geometric,1400,250,1065,UNSAT,109282,127747,4741795,9,0,109281,7.99,13.32,100752,28,4.8092,uuf250-010.cnf,1400
geometric,1400,250,1065,UNSAT,123247,145254,5237394,9,0,123246,8.43,13.96,112206,30,5.7507,uuf250-0100.cnf,1400
geometric,1400,250,1065,UNSAT,146317,171043,6196144,9,0,146316,8.48,14.13,136908,29,7.1823,uuf250-011.cnf,1400
geometric,1400,250,1065,UNSAT,108301,127090,4697570,9,0,108300,8.10,13.38,100761,28,4.7415,uuf250-012.cnf,1400
geometric,1400,250,1065,UNSAT,109992,128384,4628574,9,0,109991,8.23,13.62,100762,28,4.9842,uuf250-013.cnf,1400
geometric,1400,250,1065,UNSAT,127655,149441,5549813,9,0,127654,8.42,14.44,118161,31,6.0850,uuf250-014.cnf,1400
geometric,1400,250,1065,UNSAT,111468,130365,4798313,9,0,111467,8.25,13.87,100756,38,5.0223,uuf250-015.cnf,1400
geometric,1400,250,1065,UNSAT,74042,86444,3135536,8,0,74041,8.05,13.12,65406,29,3.0339,uuf250-016.cnf,1400
geometric,1400,250,1065,UNSAT,103680,121439,4373660,8,0,103679,8.14,13.66,95255,28,4.7024,uuf250-017.cnf,1400
geometric,1400,250,1065,UNSAT,104732,122781,4584215,8,0,104731,8.09,13.33,95255,29,4.5044,uuf250-018.cnf,1400
geometric,1400,250,1065,UNSAT,88595,103257,3848888,8,0,88594,8.22,13.88,79656,30,3.8881,uuf250-019.cnf,1400
geometric,1400,250,1065,UNSAT,99469,116398,4291905,8,0,99468,8.08,13.59,89905,26,4.3815,uuf250-02.cnf,1400
geometric,1400,250,1065,UNSAT,139738,164261,5901181,9,0,139737,8.36,13.81,130506,28,6.6536,uuf250-020.cnf,1400
geometric,1400,250,1065,UNSAT,161731,188935,7047680,10,0,161730,8.44,13.91,150159,31,8.1838,uuf250-021.cnf,1400
geometric,1400,250,1065,UNSAT,132477,155140,5790412,9,0,132476,8.36,14.06,124259,32,6.3441,uuf250-022.cnf,1400
geometric,1400,250,1065,UNSAT,58422,68073,2498487,7,0,58421,7.98,13.41,52501,34,2.2569,uuf250-023.cnf,1400
geometric,1400,250,1065,UNSAT,63074,74089,2756851,7,0,63073,8.00,13.55,56652,40,2.4516,uuf250-024.cnf,1400
geometric,1400,250,1065,UNSAT,110063,129028,4808188,9,0,110062,8.42,13.89,100755,28,5.0161,uuf250-025.cnf,1400
geometric,1400,250,1065,UNSAT,56674,66381,2472101,7,0,56673,7.84,13.26,52504,26,2.1765,uuf250-026.cnf,1400
geometric,1400,250,1065,UNSAT,120444,140805,5222970,9,0,120443,8.30,14.02,112206,27,5.6060,uuf250-027.cnf,1400
geometric,1400,250,1065,UNSAT,111484,130229,4811534,9,0,111483,8.38,14.00,100755,29,5.1143,uuf250-028.cnf,1400
geometric,1400,250,1065,UNSAT,66214,77148,2866471,7,0,66213,8.07,13.59,60954,28,2.7164,uuf250-029.cnf,1400
geometric,1400,250,1065,UNSAT,103748,120761,4514195,8,0,103747,8.26,13.94,95253,31,4.7379,uuf250-03.cnf,1400
geometric,1400,250,1065,UNSAT,60990,71761,2563596,7,0,60989,7.97,13.26,56653,29,2.4055,uuf250-030.cnf,1400
geometric,1400,250,1065,UNSAT,116016,137204,5204974,9,0,116015,8.39,14.08,106407,37,5.2271,uuf250-031.cnf,1400
geometric,1400,250,1065,UNSAT,106077,123781,4486780,9,0,106076,8.21,13.55,95252,29,4.7610,uuf250-032.cnf,1400
geometric,1400,250,1065,UNSAT,159149,185706,6833773,10,0,159148,8.54,14.02,150154,28,8.1490,uuf250-033.cnf,1400
geometric,1400,250,1065,UNSAT,141799,165984,6209187,9,0,141798,8.34,14.10,130508,27,6.8736,uuf250-034.cnf,1400
geometric,1400,250,1065,UNSAT,128860,151017,5517297,9,0,128859,8.49,13.95,118157,30,6.1269,uuf250-035.cnf,1400
geometric,1400,250,1065,UNSAT,58264,68464,2493794,7,0,58263,7.84,13.07,52503,28,2.2152,uuf250-036.cnf,1400
geometric,1400,250,1065,UNSAT,58626,68157,2472938,7,0,58625,7.72,12.67,52504,33,2.2607,uuf250-037.cnf,1400
geometric,1400,250,1065,UNSAT,42941,50094,1884921,6,0,42940,7.85,12.81,37404,27,1.5573,uuf250-038.cnf,1400
geometric,1400,250,1065,UNSAT,92755,108388,3945977,8,0,92754,8.06,13.38,84707,29,4.0214,uuf250-039.cnf,1400
geometric,1400,250,1065,UNSAT,118749,138969,5002936,9,0,118748,8.22,13.81,112213,28,5.5673,uuf250-04.cnf,1400
geometric,1400,250,1065,UNSAT,47523,55195,2016321,7,0,47522,7.72,12.53,40952,29,1.7600,uuf250-040.cnf,1400
geometric,1400,250,1065,UNSAT,86611,101976,3831386,8,0,86610,8.17,13.67,79656,30,3.5999,uuf250-041.cnf,1400
geometric,1400,250,1065,UNSAT,99330,116132,4295646,8,0,99329,8.19,13.68,89908,28,4.3470,uuf250-042.cnf,1400
geometric,1400,250,1065,UNSAT,125173,145550,5418902,9,0,125172,8.29,13.78,118153,30,5.9268,uuf250-043.cnf,1400
geometric,1400,250,1065,UNSAT,97276,113939,4223275,8,0,97275,8.07,13.74,89906,33,4.2730,uuf250-044.cnf,1400
geometric,1400,250,1065,UNSAT,63508,74340,2770131,7,0,63507,7.51,12.70,56656,29,2.4561,uuf250-045.cnf,1400
geometric,1400,250,1065,UNSAT,197140,230237,8499318,10,0,197139,8.69,14.46,185911,31,10.6900,uuf250-046.cnf,1400
geometric,1400,250,1065,UNSAT,70840,82808,3060250,8,0,70839,7.80,13.06,65412,36,2.8301,uuf250-047.cnf,1400
geometric,1400,250,1065,UNSAT,40580,47333,1782304,6,0,40579,7.62,12.55,34005,34,1.4578,uuf250-048.cnf,1400
geometric,1400,250,1065,UNSAT,64376,75758,2912712,7,0,64375,7.80,13.37,56654,28,2.4979,uuf250-049.cnf,1400
geometric,1400,250,1065,UNSAT,61360,72186,2646846,7,0,61359,7.47,12.79,56658,31,2.3089,uuf250-05.cnf,1400
geometric,1400,250,1065,UNSAT,114245,133882,4853766,9,0,114244,8.22,13.64,106403,28,5.1990,uuf250-050.cnf,1400
geometric,1400,250,1065,UNSAT,142919,166459,6259434,9,0,142918,8.59,14.32,130509,30,6.9082,uuf250-051.cnf,1400
geometric,1400,250,1065,UNSAT,99659,116213,4212127,8,0,99658,7.99,13.38,89907,26,4.4364,uuf250-052.cnf,1400
geometric,1400,250,1065,UNSAT,136307,160212,5831549,9,0,136306,8.34,13.89,124258,38,6.4309,uuf250-053.cnf,1400
geometric,1400,250,1065,UNSAT,100474,117217,4495807,8,0,100473,8.19,13.68,89909,28,4.3658,uuf250-054.cnf,1400
geometric,1400,250,1065,UNSAT,36315,42527,1541243,6,0,36314,7.39,12.46,30750,36,1.2598,uuf250-055.cnf,1400
geometric,1400,250,1065,UNSAT,71386,83323,3108547,8,0,71385,8.08,13.45,65407,29,2.8957,uuf250-056.cnf,1400
geometric,1400,250,1065,UNSAT,107661,126678,4635750,9,0,107660,8.38,14.28,100760,30,4.8564,uuf250-057.cnf,1400
geometric,1400,250,1065,UNSAT,149452,174411,6502913,9,0,149451,8.40,13.78,136909,30,7.3779,uuf250-058.cnf,1400
geometric,1400,250,1065,UNSAT,44753,52454,1924903,6,0,44752,7.63,12.70,40951,28,1.6270,uuf250-059.cnf,1400
geometric,1400,250,1065,UNSAT,103614,121462,4458480,8,0,103613,8.29,13.78,95256,28,4.6462,uuf250-06.cnf,1400
geometric,1400,250,1065,UNSAT,65977,77382,2832181,7,0,65976,8.04,13.58,60952,26,2.6571,uuf250-060.cnf,1400
geometric,1400,250,1065,UNSAT,178941,208439,7772790,10,0,178940,8.60,14.51,171161,36,9.6839,uuf250-061.cnf,1400
geometric,1400,250,1065,UNSAT,66193,77831,2858052,7,0,66192,8.20,13.73,60952,29,2.6970,uuf250-062.cnf,1400
geometric,1400,250,1065,UNSAT,134788,157844,5849434,9,0,134787,8.25,14.05,124256,28,6.4096,uuf250-063.cnf,1400
geometric,1400,250,1065,UNSAT,123672,143705,5393258,9,0,123671,8.54,14.28,112207,34,5.8316,uuf250-064.cnf,1400
geometric,1400,250,1065,UNSAT,64674,74954,2783531,7,0,64673,7.79,13.07,56652,29,2.5752,uuf250-065.cnf,1400
geometric,1400,250,1065,UNSAT,207238,241513,9038306,10,0,207237,8.65,14.55,193510,31,11.3725,uuf250-066.cnf,1400
geometric,1400,250,1065,UNSAT,128420,150619,5622715,9,0,128419,8.48,13.84,118153,34,6.1256,uuf250-067.cnf,1400
geometric,1400,250,1065,UNSAT,31384,36119,1377115,6,0,31383,7.70,12.58,27650,28,1.0890,uuf250-068.cnf,1400
geometric,1400,250,1065,UNSAT,118351,138493,4983729,9,0,118350,8.24,13.72,112208,26,5.6393,uuf250-069.cnf,1400
geometric,1400,250,1065,UNSAT,104211,122045,4449563,8,0,104210,8.25,13.81,95257,30,4.6971,uuf250-07.cnf,1400
geometric,1400,250,1065,UNSAT,163871,191638,7116436,10,0,163870,8.77,14.63,150159,30,8.5049,uuf250-070.cnf,1400
geometric,1400,250,1065,UNSAT,166791,195102,7099704,10,0,166790,8.76,14.72,157008,33,8.5166,uuf250-071.cnf,1400
geometric,1400,250,1065,UNSAT,104131,121761,4490714,8,0,104130,8.30,13.96,95257,33,4.7606,uuf250-072.cnf,1400
geometric,1400,250,1065,UNSAT,56028,66005,2478523,7,0,56027,8.14,13.56,48504,28,2.1421,uuf250-073.cnf,1400
geometric,1400,250,1065,UNSAT,99285,115944,4208298,8,0,99284,8.07,13.10,89905,29,4.2609,uuf250-074.cnf,1400
geometric,1400,250,1065,UNSAT,102546,120210,4478506,8,0,102545,8.50,14.33,95255,28,4.6123,uuf250-075.cnf,1400
geometric,1400,250,1065,UNSAT,84019,97514,3583349,8,0,84018,8.04,13.14,74757,35,3.5420,uuf250-076.cnf,1400
geometric,1400,250,1065,UNSAT,180664,211886,7929360,10,0,180663,8.61,14.55,171160,30,9.5851,uuf250-077.cnf,1400
geometric,1400,250,1065,UNSAT,107652,125921,4659494,9,0,107651,8.27,13.75,100753,32,4.8320,uuf250-078.cnf,1400
geometric,1400,250,1065,UNSAT,116990,136422,5056826,9,0,116989,8.21,13.80,106411,31,5.4425,uuf250-079.cnf,1400
geometric,1400,250,1065,UNSAT,89747,104981,3848624,8,0,89746,8.26,13.64,79658,27,3.9284,uuf250-08.cnf,1400
geometric,1400,250,1065,UNSAT,138085,161238,5871830,9,0,138084,8.18,13.82,130508,32,6.7525,uuf250-080.cnf,1400
geometric,1400,250,1065,UNSAT,139453,163255,5922812,9,0,139452,8.44,13.88,130509,32,6.8488,uuf250-081.cnf,1400
geometric,1400,250,1065,UNSAT,98264,115250,4227882,8,0,98263,8.15,13.69,89904,27,4.3902,uuf250-082.cnf,1400
geometric,1400,250,1065,UNSAT,56502,66408,2477934,7,0,56501,8.12,13.71,48505,28,2.1809,uuf250-083.cnf,1400
geometric,1400,250,1065,UNSAT,69941,82201,3060074,8,0,69940,7.98,13.34,65406,29,2.7835,uuf250-084.cnf,1400
geometric,1400,250,1065,UNSAT,90532,105949,3831806,8,0,90531,8.12,13.63,84704,27,3.8804,uuf250-085.cnf,1400
geometric,1400,250,1065,UNSAT,102444,119634,4330797,8,0,102443,7.98,13.10,95259,28,4.5463,uuf250-086.cnf,1400
geometric,1400,250,1065,UNSAT,246828,288183,10671097,11,0,246827,8.92,14.84,233756,29,14.2441,uuf250-087.cnf,1400
geometric,1400,250,1065,UNSAT,131373,152635,5613139,9,0,131372,8.40,13.77,124261,29,6.1848,uuf250-088.cnf,1400
geometric,1400,250,1065,UNSAT,118821,138749,5177482,9,0,118820,8.50,14.29,112207,38,5.6240,uuf250-089.cnf,1400
geometric,1400,250,1065,UNSAT,195942,228080,8693184,10,0,195941,8.70,14.34,185909,30,10.4377,uuf250-09.cnf,1400
geometric,1400,250,1065,UNSAT,31380,36539,1334132,6,0,31379,7.41,12.59,27651,32,1.0946,uuf250-090.cnf,1400
geometric,1400,250,1065,UNSAT,113990,134135,4997024,9,0,113989,8.21,13.77,106408,30,5.1200,uuf250-091.cnf,1400
geometric,1400,250,1065,UNSAT,164191,192277,6973806,10,0,164190,8.33,14.00,157013,30,8.4483,uuf250-092.cnf,1400
geometric,1400,250,1065,UNSAT,129308,151800,5543527,9,0,129307,8.21,13.81,118160,28,5.9858,uuf250-093.cnf,1400
geometric,1400,250,1065,UNSAT,76346,89434,3269946,8,0,76345,8.08,13.45,70006,27,3.1640,uuf250-094.cnf,1400
geometric,1400,250,1065,UNSAT,68018,79039,2879689,7,0,68017,8.03,12.92,60956,37,2.6663,uuf250-095.cnf,1400
geometric,1400,250,1065,UNSAT,114611,133502,4962953,9,0,114610,8.30,13.98,106405,28,5.3744,uuf250-096.cnf,1400
geometric,1400,250,1065,UNSAT,57652,67715,2534817,7,0,57651,8.04,13.36,52505,38,2.2457,uuf250-097.cnf,1400
geometric,1400,250,1065,UNSAT,42707,49739,1867032,6,0,42706,7.58,12.68,37405,33,1.5437,uuf250-098.cnf,1400
geometric,1400,250,1065,UNSAT,60072,70583,2570023,7,0,60071,7.89,13.16,52501,33,2.3173,uuf250-099.cnf,1400
geometric,1500,250,1065,UNSAT,99173,116025,4408161,8,0,99172,8.33,13.60,89905,28,4.2868,uuf250-01.cnf,1500
geometric,1500,250,1065,UNSAT,86721,101739,3811197,8,0,86720,7.93,13.39,79655,28,3.5888,uuf250-010.cnf,1500
geometric,1500,250,1065,UNSAT,139350,163292,5931924,9,0,139349,8.35,14.04,130505,28,6.7701,uuf250-0100.cnf,1500
geometric,1500,250,1065,UNSAT,136103,159192,5829816,9,0,136102,8.26,13.80,124256,29,6.4830,uuf250-011.cnf,1500
geometric,1500,250,1065,UNSAT,106392,124494,4594793,8,0,106391,8.23,13.27,100758,29,4.7118,uuf250-012.cnf,1500
geometric,1500,250,1065,UNSAT,103273,120965,4358952,8,0,103272,8.02,13.22,95256,26,4.5553,uuf250-013.cnf,1500
geometric,1500,250,1065,UNSAT,139290,162101,6068775,9,0,139289,8.19,14.10,130508,31,6.8422,uuf250-014.cnf,1500
geometric,1500,250,1065,UNSAT,145957,169965,6193680,9,0,145956,8.61,14.04,136908,38,7.1371,uuf250-015.cnf,1500
geometric,1500,250,1065,UNSAT,76555,89596,3227059,8,0,76554,8.08,13.18,70001,29,3.1893,uuf250-016.cnf,1500
geometric,1500,250,1065,UNSAT,114271,133732,4797166,9,0,114270,8.05,13.35,106410,26,5.1804,uuf250-017.cnf,1500
geometric,1500,250,1065,UNSAT,105948,123466,4638638,8,0,105947,8.34,13.65,95253,29,4.6349,uuf250-018.cnf,1500
geometric,1500,250,1065,UNSAT,86101,100333,3746243,8,0,86100,8.07,13.68,79658,29,3.6760,uuf250-019.cnf,1500
geometric,1500,250,1065,UNSAT,108084,126994,4619432,8,0,108083,8.20,13.60,100756,28,4.8464,uuf250-02.cnf,1500
geometric,1500,250,1065,UNSAT,135391,159550,5747531,9,0,135390,8.33,13.82,124258,30,6.4214,uuf250-020.cnf,1500
geometric,1500,250,1065,UNSAT,163445,191147,7167225,9,0,163444,8.39,13.81,150161,31,8.1783,uuf250-021.cnf,1500
geometric,1500,250,1065,UNSAT,132801,155144,5817372,9,0,132800,8.43,13.96,124256,32,6.4147,uuf250-022.cnf,1500
geometric,1500,250,1065,UNSAT,70556,82383,3002695,7,0,70555,8.05,13.52,65405,34,2.9107,uuf250-023.cnf,1500
geometric,1500,250,1065,UNSAT,69171,81189,2976897,7,0,69170,7.71,12.94,60952,40,2.6844,uuf250-024.cnf,1500
geometric,1500,250,1065,UNSAT,92179,108490,4076367,8,0,92178,7.98,13.48,84708,28,3.9438,uuf250-025.cnf,1500
geometric,1500,250,1065,UNSAT,54955,64520,2380314,7,0,54954,7.91,13.22,48503,25,2.0790,uuf250-026.cnf,1500
geometric,1500,250,1065,UNSAT,145112,168952,6278841,9,0,145111,8.36,14.03,136906,28,7.2249,uuf250-027.cnf,1500
geometric,1500,250,1065,UNSAT,121428,141851,5201481,9,0,121427,8.37,13.87,112207,29,5.7748,uuf250-028.cnf,1500
geometric,1500,250,1065,UNSAT,63618,74332,2769778,7,0,63617,8.17,13.74,56654,28,2.5403,uuf250-029.cnf,1500
geometric,1500,250,1065,UNSAT,98853,115173,4322717,8,0,98852,8.39,14.03,89909,31,4.4815,uuf250-03.cnf,1500
geometric,1500,250,1065,UNSAT,66837,78697,2760086,7,0,66836,7.88,12.99,60957,29,2.6847,uuf250-030.cnf,1500
geometric,1500,250,1065,UNSAT,136850,161002,6100267,9,0,136849,8.40,13.98,130503,37,6.4345,uuf250-031.cnf,1500
geometric,1500,250,1065,UNSAT,103255,119649,4440190,8,0,103254,8.17,13.50,95261,29,4.6332,uuf250-032.cnf,1500
geometric,1500,250,1065,UNSAT,162881,190623,6986811,9,0,162880,8.25,13.88,150163,28,8.3803,uuf250-033.cnf,1500
geometric,1500,250,1065,UNSAT,139329,163329,6092586,9,0,139328,8.42,14.16,130507,29,6.7407,uuf250-034.cnf,1500
geometric,1500,250,1065,UNSAT,157988,185463,6693580,9,0,157987,8.41,13.97,150159,31,8.0246,uuf250-035.cnf,1500
geometric,1500,250,1065,UNSAT,68722,80577,2921894,7,0,68721,8.10,13.41,60954,27,2.7762,uuf250-036.cnf,1500
geometric,1500,250,1065,UNSAT,65813,76790,2754378,7,0,65812,7.87,12.89,60955,33,2.6196,uuf250-037.cnf,1500
geometric,1500,250,1065,UNSAT,43171,50502,1855470,6,0,43170,7.58,12.57,37403,27,1.5300,uuf250-038.cnf,1500
geometric,1500,250,1065,UNSAT,84059,98038,3599338,8,0,84058,8.06,13.20,74755,30,3.5552,uuf250-039.cnf,1500
geometric,1500,250,1065,UNSAT,116170,135592,4889615,9,0,116169,8.33,13.78,106405,28,5.3670,uuf250-04.cnf,1500
geometric,1500,250,1065,UNSAT,37524,43598,1600231,6,0,37523,7.61,12.65,34003,29,1.3364,uuf250-040.cnf,1500
geometric,1500,250,1065,UNSAT,84192,99167,3702035,8,0,84191,8.32,14.08,74754,30,3.5678,uuf250-041.cnf,1500
geometric,1500,250,1065,UNSAT,124137,144358,5345441,9,0,124136,8.52,13.99,118158,31,5.8855,uuf250-042.cnf,1500
geometric,1500,250,1065,UNSAT,118296,138106,5110878,9,0,118295,8.30,13.85,112205,30,5.5580,uuf250-043.cnf,1500
geometric,1500,250,1065,UNSAT,81484,95523,3569362,8,0,81483,8.17,13.77,74753,33,3.4722,uuf250-044.cnf,1500
geometric,1500,250,1065,UNSAT,60472,70660,2630531,7,0,60471,8.01,13.15,52504,28,2.3609,uuf250-045.cnf,1500
geometric,1500,250,1065,UNSAT,202111,236832,8667887,10,0,202110,8.68,14.49,193507,31,10.7285,uuf250-046.cnf,1500
geometric,1500,250,1065,UNSAT,84384,98735,3645262,8,0,84383,8.07,13.17,74751,36,3.5155,uuf250-047.cnf,1500
geometric,1500,250,1065,UNSAT,36361,42200,1595737,6,0,36360,7.54,12.78,30754,34,1.2815,uuf250-048.cnf,1500
geometric,1500,250,1065,UNSAT,68859,81018,3117905,7,0,68858,8.23,13.93,60954,27,2.7309,uuf250-049.cnf,1500
geometric,1500,250,1065,UNSAT,80136,94311,3397323,8,0,80135,7.83,13.16,74754,31,3.2899,uuf250-05.cnf,1500
geometric,1500,250,1065,UNSAT,116934,136810,4905844,9,0,116933,8.34,13.83,106403,28,5.5086,uuf250-050.cnf,1500
geometric,1500,250,1065,UNSAT,151976,176797,6581577,9,0,151975,8.46,14.00,143458,30,7.6360,uuf250-051.cnf,1500
geometric,1500,250,1065,UNSAT,98336,115239,4201926,8,0,98335,8.13,13.71,89903,28,4.3406,uuf250-052.cnf,1500
geometric,1500,250,1065,UNSAT,147120,171815,6249152,9,0,147119,8.49,14.12,136907,38,7.2003,uuf250-053.cnf,1500
geometric,1500,250,1065,UNSAT,98269,114683,4377900,8,0,98268,8.13,13.82,89908,28,4.3191,uuf250-054.cnf,1500
geometric,1500,250,1065,UNSAT,43901,51143,1845275,6,0,43900,7.42,12.33,37401,36,1.5720,uuf250-055.cnf,1500
geometric,1500,250,1065,UNSAT,72714,85280,3176170,7,0,72713,7.90,13.25,65406,29,2.8849,uuf250-056.cnf,1500
geometric,1500,250,1065,UNSAT,114450,134664,4901907,9,0,114449,8.46,14.06,106405,30,5.2166,uuf250-057.cnf,1500
geometric,1500,250,1065,UNSAT,145927,170748,6384847,9,0,145926,8.33,13.89,136905,33,7.0490,uuf250-058.cnf,1500
geometric,1500,250,1065,UNSAT,52964,61687,2264178,7,0,52963,7.88,12.86,48502,28,2.0244,uuf250-059.cnf,1500
geometric,1500,250,1065,UNSAT,95728,112474,4099039,8,0,95727,8.16,13.92,89914,26,4.2217,uuf250-06.cnf,1500
geometric,1500,250,1065,UNSAT,69529,81338,2970583,7,0,69528,8.10,13.35,60952,25,2.8698,uuf250-060.cnf,1500
geometric,1500,250,1065,UNSAT,156251,182964,6797067,9,0,156250,8.58,14.45,143457,36,8.0366,uuf250-061.cnf,1500
geometric,1500,250,1065,UNSAT,79098,92936,3392974,8,0,79097,7.99,13.36,70007,31,3.3341,uuf250-062.cnf,1500
geometric,1500,250,1065,UNSAT,118578,138726,5200461,9,0,118577,8.03,13.71,112208,27,5.3479,uuf250-063.cnf,1500
geometric,1500,250,1065,UNSAT,118666,138423,5159336,9,0,118665,8.43,14.01,112208,34,5.6368,uuf250-064.cnf,1500
geometric,1500,250,1065,UNSAT,66810,77519,2868371,7,0,66809,7.92,13.00,60956,29,2.7179,uuf250-065.cnf,1500
geometric,1500,250,1065,UNSAT,211267,246493,9152548,10,0,211266,8.56,14.49,201264,31,11.5290,uuf250-066.cnf,1500
geometric,1500,250,1065,UNSAT,105237,123438,4623601,8,0,105236,8.03,13.54,95258,34,4.6949,uuf250-067.cnf,1500
geometric,1500,250,1065,UNSAT,32086,37192,1403120,6,0,32085,7.50,12.30,27650,28,1.0686,uuf250-068.cnf,1500
geometric,1500,250,1065,UNSAT,111072,129517,4717202,8,0,111071,8.33,14.07,100756,26,5.1836,uuf250-069.cnf,1500
geometric,1500,250,1065,UNSAT,111599,130151,4754508,8,0,111598,8.47,13.86,100757,30,5.1698,uuf250-07.cnf,1500
geometric,1500,250,1065,UNSAT,179579,209267,7862870,10,0,179578,8.67,14.65,171160,29,9.5619,uuf250-070.cnf,1500
geometric,1500,250,1065,UNSAT,174892,205052,7480717,10,0,174891,8.69,14.36,164016,33,9.0369,uuf250-071.cnf,1500
geometric,1500,250,1065,UNSAT,93408,108821,4036657,8,0,93407,8.15,13.61,84707,33,4.0922,uuf250-072.cnf,1500
geometric,1500,250,1065,UNSAT,51383,60578,2253101,7,0,51382,7.99,13.63,44657,28,1.9496,uuf250-073.cnf,1500
geometric,1500,250,1065,UNSAT,73092,85959,3070008,7,0,73091,7.99,13.04,65409,26,2.8978,uuf250-074.cnf,1500
geometric,1500,250,1065,UNSAT,106222,125473,4576168,8,0,106221,8.28,14.10,95255,30,4.8066,uuf250-075.cnf,1500
geometric,1500,250,1065,UNSAT,81751,95038,3484828,8,0,81750,7.76,12.80,74757,35,3.4022,uuf250-076.cnf,1500
geometric,1500,250,1065,UNSAT,203463,237690,8926554,10,0,203462,8.75,14.63,193506,30,11.1869,uuf250-077.cnf,1500
geometric,1500,250,1065,UNSAT,115040,134330,4997166,9,0,115039,8.36,13.69,106409,32,5.2653,uuf250-078.cnf,1500
geometric,1500,250,1065,UNSAT,88916,103645,3854855,8,0,88915,8.37,13.97,79657,31,3.8877,uuf250-079.cnf,1500
geometric,1500,250,1065,UNSAT,88634,103580,3813284,8,0,88633,8.21,13.57,79656,31,3.7758,uuf250-08.cnf,1500
geometric,1500,250,1065,UNSAT,123599,143688,5298437,9,0,123598,8.35,13.86,112203,32,5.8539,uuf250-080.cnf,1500
geometric,1500,250,1065,UNSAT,139887,162382,5947262,9,0,139886,8.37,13.62,130506,29,6.7587,uuf250-081.cnf,1500
geometric,1500,250,1065,UNSAT,108960,126776,4699755,8,0,108959,8.35,13.83,100758,27,4.9770,uuf250-082.cnf,1500
geometric,1500,250,1065,UNSAT,57710,67584,2518322,7,0,57709,8.18,13.84,52505,28,2.2688,uuf250-083.cnf,1500
geometric,1500,250,1065,UNSAT,69939,81873,3065145,7,0,69938,8.19,13.59,65401,28,2.8223,uuf250-084.cnf,1500
geometric,1500,250,1065,UNSAT,96723,112795,4087317,8,0,96722,8.38,13.92,89904,31,4.2493,uuf250-085.cnf,1500
geometric,1500,250,1065,UNSAT,75066,87903,3228464,8,0,75065,7.80,12.98,70004,28,3.1006,uuf250-086.cnf,1500
geometric,1500,250,1065,UNSAT,231764,271054,10090451,10,0,231763,8.87,14.73,217209,31,12.8022,uuf250-087.cnf,1500
geometric,1500,250,1065,UNSAT,112051,130948,4806519,8,0,112050,8.38,13.94,100757,30,5.0719,uuf250-088.cnf,1500
geometric,1500,250,1065,UNSAT,100754,117444,4435301,8,0,100753,8.31,14.16,95257,30,4.5983,uuf250-089.cnf,1500
geometric,1500,250,1065,UNSAT,198299,231126,8716522,10,0,198298,8.65,14.38,185909,30,10.5539,uuf250-09.cnf,1500
geometric,1500,250,1065,UNSAT,32110,37398,1357062,6,0,32109,7.80,12.93,27653,32,1.1207,uuf250-090.cnf,1500
geometric,1500,250,1065,UNSAT,97458,114541,4291630,8,0,97457,8.08,13.84,89905,30,4.2005,uuf250-091.cnf,1500
geometric,1500,250,1065,UNSAT,141824,166282,6055428,9,0,141823,8.54,14.29,130506,31,7.0598,uuf250-092.cnf,1500
geometric,1500,250,1065,UNSAT,92803,108865,4010349,8,0,92802,7.70,12.96,84708,26,3.9016,uuf250-093.cnf,1500
geometric,1500,250,1065,UNSAT,105422,123255,4447782,8,0,105421,8.26,13.53,95257,32,4.7306,uuf250-094.cnf,1500
geometric,1500,250,1065,UNSAT,68807,80241,2885092,7,0,68806,7.91,12.86,60952,37,2.7298,uuf250-095.cnf,1500
geometric,1500,250,1065,UNSAT,109313,126708,4755403,8,0,109312,8.11,13.68,100755,28,5.0682,uuf250-096.cnf,1500
geometric,1500,250,1065,UNSAT,72120,84344,3112882,7,0,72119,8.09,13.55,65405,38,2.9377,uuf250-097.cnf,1500
geometric,1500,250,1065,UNSAT,41755,48939,1823538,6,0,41754,7.84,12.99,37403,33,1.5274,uuf250-098.cnf,1500
geometric,1500,250,1065,UNSAT,71633,83553,3051863,7,0,71632,7.89,12.95,65407,33,2.9291,uuf250-099.cnf,1500
geometric,1600,250,1065,UNSAT,101491,118763,4446195,8,0,101490,8.12,13.45,95256,25,4.3491,uuf250-01.cnf,1600
geometric,1600,250,1065,UNSAT,89707,104774,3905344,8,0,89706,8.15,13.70,79655,28,3.8147,uuf250-010.cnf,1600
geometric,1600,250,1065,UNSAT,129895,152175,5473649,9,0,129894,8.14,13.53,118155,30,6.0496,uuf250-0100.cnf,1600
geometric,1600,250,1065,UNSAT,122981,143751,5256755,9,0,122980,8.42,14.09,112204,29,5.8114,uuf250-011.cnf,1600
geometric,1600,250,1065,UNSAT,93653,109565,4101300,8,0,93652,8.36,13.60,84706,28,4.0789,uuf250-012.cnf,1600
geometric,1600,250,1065,UNSAT,110855,129361,4686186,8,0,110854,8.22,13.45,100753,27,5.0074,uuf250-013.cnf,1600
geometric,1600,250,1065,UNSAT,114963,134616,5044883,8,0,114962,8.14,14.00,106403,31,5.2013,uuf250-014.cnf,1600
geometric,1600,250,1065,UNSAT,121071,141188,5201980,9,0,121070,8.30,13.65,112206,38,5.5861,uuf250-015.cnf,1600
geometric,1600,250,1065,UNSAT,79282,92640,3325985,8,0,79281,7.92,12.98,70009,29,3.3515,uuf250-016.cnf,1600
geometric,1600,250,1065,UNSAT,111177,129921,4693569,8,0,111176,8.16,13.67,100755,27,5.0582,uuf250-017.cnf,1600
geometric,1600,250,1065,UNSAT,101206,118079,4438638,8,0,101205,8.30,13.65,95254,31,4.4112,uuf250-018.cnf,1600
geometric,1600,250,1065,UNSAT,108745,125911,4693792,8,0,108744,8.41,14.19,100761,29,5.1853,uuf250-019.cnf,1600
geometric,1600,250,1065,UNSAT,100323,117394,4308277,8,0,100322,8.14,13.52,89903,27,4.4216,uuf250-02.cnf,1600
geometric,1600,250,1065,UNSAT,161340,189474,6778496,9,0,161339,8.30,13.62,150159,29,7.9124,uuf250-020.cnf,1600
geometric,1600,250,1065,UNSAT,180686,211166,7889383,9,0,180685,8.52,13.91,171153,31,9.3622,uuf250-021.cnf,1600
geometric,1600,250,1065,UNSAT,140455,164078,6103090,9,0,140454,8.44,14.06,130504,32,6.8626,uuf250-022.cnf,1600
geometric,1600,250,1065,UNSAT,74506,86342,3185221,7,0,74505,8.07,13.38,65406,34,3.0971,uuf250-023.cnf,1600
geometric,1600,250,1065,UNSAT,68328,80319,2969907,7,0,68327,7.88,13.24,60958,40,2.6438,uuf250-024.cnf,1600
geometric,1600,250,1065,UNSAT,97998,114712,4333858,8,0,97997,8.33,13.70,89907,28,4.3413,uuf250-025.cnf,1600
geometric,1600,250,1065,UNSAT,59104,69195,2557638,7,0,59103,8.06,13.38,52503,29,2.2974,uuf250-026.cnf,1600
geometric,1600,250,1065,UNSAT,135212,157360,5816578,9,0,135211,8.27,13.88,124256,27,6.5696,uuf250-027.cnf,1600
geometric,1600,250,1065,UNSAT,122348,142916,5311027,9,0,122347,8.28,13.82,112205,29,5.8072,uuf250-028.cnf,1600
geometric,1600,250,1065,UNSAT,68734,80125,2972622,7,0,68733,7.95,13.42,60958,28,2.8204,uuf250-029.cnf,1600
geometric,1600,250,1065,UNSAT,102439,119045,4487686,8,0,102438,8.14,13.76,95254,31,4.7000,uuf250-03.cnf,1600
geometric,1600,250,1065,UNSAT,65427,77018,2709291,7,0,65426,8.00,13.21,60957,29,2.6215,uuf250-030.cnf,1600
geometric,1600,250,1065,UNSAT,135455,159342,6015910,9,0,135454,8.61,14.32,124256,37,6.4013,uuf250-031.cnf,1600
geometric,1600,250,1065,UNSAT,97418,113030,4142914,8,0,97417,8.24,13.54,89905,29,4.3007,uuf250-032.cnf,1600
geometric,1600,250,1065,UNSAT,156971,183756,6763364,9,0,156970,8.26,13.71,150158,27,7.8984,uuf250-033.cnf,1600
geometric,1600,250,1065,UNSAT,161200,189222,6982890,9,0,161199,8.56,14.42,150164,27,8.1600,uuf250-034.cnf,1600
geometric,1600,250,1065,UNSAT,160966,188487,6809832,9,0,160965,8.40,14.15,150153,30,8.1820,uuf250-035.cnf,1600
geometric,1600,250,1065,UNSAT,65520,76828,2779869,7,0,65519,7.71,13.13,60954,27,2.5722,uuf250-036.cnf,1600
geometric,1600,250,1065,UNSAT,58126,67858,2465012,7,0,58125,7.94,13.06,52501,33,2.2508,uuf250-037.cnf,1600
geometric,1600,250,1065,UNSAT,40180,46963,1730026,6,0,40179,7.64,12.59,34003,27,1.4205,uuf250-038.cnf,1600
geometric,1600,250,1065,UNSAT,85982,100494,3666705,8,0,85981,8.18,13.54,79655,28,3.7237,uuf250-039.cnf,1600
geometric,1600,250,1065,UNSAT,113253,132306,4771220,8,0,113252,8.34,13.84,106412,28,5.1937,uuf250-04.cnf,1600
geometric,1600,250,1065,UNSAT,39558,46064,1683732,6,0,39557,7.83,12.76,34003,29,1.4148,uuf250-040.cnf,1600
geometric,1600,250,1065,UNSAT,90603,106200,3994300,8,0,90602,8.45,14.07,84707,30,3.8950,uuf250-041.cnf,1600
geometric,1600,250,1065,UNSAT,105475,122774,4584282,8,0,105474,8.18,13.69,95257,28,4.7323,uuf250-042.cnf,1600
geometric,1600,250,1065,UNSAT,123520,143788,5337159,9,0,123519,8.30,13.62,112206,30,5.7442,uuf250-043.cnf,1600
geometric,1600,250,1065,UNSAT,75824,88827,3327446,7,0,75823,8.17,13.71,70006,33,3.1428,uuf250-044.cnf,1600
geometric,1600,250,1065,UNSAT,65410,76735,2848883,7,0,65409,7.76,13.10,60957,29,2.5951,uuf250-045.cnf,1600
geometric,1600,250,1065,UNSAT,200160,234557,8601367,10,0,200159,8.77,14.61,185911,30,10.8003,uuf250-046.cnf,1600
geometric,1600,250,1065,UNSAT,73524,86174,3192394,7,0,73523,7.94,13.11,65407,36,2.9691,uuf250-047.cnf,1600
geometric,1600,250,1065,UNSAT,42861,49790,1865824,6,0,42860,7.90,13.01,37403,34,1.5781,uuf250-048.cnf,1600
geometric,1600,250,1065,UNSAT,71505,84121,3253388,7,0,71504,8.15,13.79,65405,26,2.8965,uuf250-049.cnf,1600
geometric,1600,250,1065,UNSAT,88141,103422,3760761,8,0,88140,8.18,13.49,79659,31,3.7729,uuf250-05.cnf,1600
geometric,1600,250,1065,UNSAT,120985,141623,5121028,9,0,120984,8.35,13.93,112202,28,5.6778,uuf250-050.cnf,1600
geometric,1600,250,1065,UNSAT,131034,152967,5722014,9,0,131033,8.20,14.03,124260,30,6.2421,uuf250-051.cnf,1600
geometric,1600,250,1065,UNSAT,100003,116684,4230236,8,0,100002,8.10,13.44,89905,28,4.4630,uuf250-052.cnf,1600
geometric,1600,250,1065,UNSAT,147807,173324,6318487,9,0,147806,8.54,14.09,136908,38,7.1717,uuf250-053.cnf,1600
geometric,1600,250,1065,UNSAT,119219,138895,5247672,8,0,119218,8.35,13.69,112206,27,5.4975,uuf250-054.cnf,1600
geometric,1600,250,1065,UNSAT,38227,44682,1612254,6,0,38226,7.60,12.75,34002,36,1.3446,uuf250-055.cnf,1600
geometric,1600,250,1065,UNSAT,73627,86812,3206901,7,0,73626,8.07,13.52,65402,29,2.9574,uuf250-056.cnf,1600
geometric,1600,250,1065,UNSAT,96811,114276,4176973,8,0,96810,8.22,13.80,89902,30,4.1905,uuf250-057.cnf,1600
geometric,1600,250,1065,UNSAT,151399,177159,6560480,9,0,151398,8.40,13.88,143457,30,7.4801,uuf250-058.cnf,1600
geometric,1600,250,1065,UNSAT,50070,58543,2134097,6,0,50069,7.85,12.88,44651,28,1.8728,uuf250-059.cnf,1600
geometric,1600,250,1065,UNSAT,100349,117959,4300620,8,0,100348,8.54,14.26,89904,32,4.5209,uuf250-06.cnf,1600
geometric,1600,250,1065,UNSAT,68989,80697,2975024,7,0,68988,7.88,13.15,60955,24,2.7696,uuf250-060.cnf,1600
geometric,1600,250,1065,UNSAT,175513,205616,7635493,9,0,175512,8.60,14.38,164004,36,9.0685,uuf250-061.cnf,1600
geometric,1600,250,1065,UNSAT,72823,85169,3091501,7,0,72822,8.15,13.52,65405,29,3.0268,uuf250-062.cnf,1600
geometric,1600,250,1065,UNSAT,132945,155738,5778360,9,0,132944,8.21,13.77,124261,29,6.2395,uuf250-063.cnf,1600
geometric,1600,250,1065,UNSAT,126640,147631,5467409,9,0,126639,8.44,14.19,118159,34,6.0814,uuf250-064.cnf,1600
geometric,1600,250,1065,UNSAT,59333,68618,2550362,7,0,59332,7.71,12.86,52503,29,2.3504,uuf250-065.cnf,1600
geometric,1600,250,1065,UNSAT,194591,228041,8417947,10,0,194590,8.49,14.60,185909,31,10.4738,uuf250-066.cnf,1600
geometric,1600,250,1065,UNSAT,103637,121581,4533805,8,0,103636,8.16,13.63,95255,34,4.5663,uuf250-067.cnf,1600
geometric,1600,250,1065,UNSAT,30928,36037,1360600,5,0,30927,7.61,12.69,27654,29,1.0629,uuf250-068.cnf,1600
geometric,1600,250,1065,UNSAT,119277,139207,5060347,8,0,119276,8.17,13.61,112204,27,5.5771,uuf250-069.cnf,1600
geometric,1600,250,1065,UNSAT,112484,131083,4802221,8,0,112483,8.43,13.80,106407,30,5.1823,uuf250-07.cnf,1600
geometric,1600,250,1065,UNSAT,190873,223533,8241029,10,0,190872,8.44,14.29,178455,29,10.1642,uuf250-070.cnf,1600
geometric,1600,250,1065,UNSAT,139158,163169,5926618,9,0,139157,8.38,14.15,130507,33,6.6879,uuf250-071.cnf,1600
geometric,1600,250,1065,UNSAT,129067,150273,5506124,9,0,129066,8.20,13.76,118158,33,6.1281,uuf250-072.cnf,1600
geometric,1600,250,1065,UNSAT,50836,59562,2262402,6,0,50835,7.77,13.26,44652,28,1.8972,uuf250-073.cnf,1600
geometric,1600,250,1065,UNSAT,68063,79887,2899518,7,0,68062,7.95,12.89,60954,26,2.6313,uuf250-074.cnf,1600
geometric,1600,250,1065,UNSAT,135242,158600,5864488,9,0,135241,8.27,13.85,124257,28,6.4837,uuf250-075.cnf,1600
geometric,1600,250,1065,UNSAT,77400,90347,3293068,7,0,77399,7.92,12.91,70002,35,3.1489,uuf250-076.cnf,1600
geometric,1600,250,1065,UNSAT,229956,268843,9970971,10,0,229955,8.78,14.78,217214,30,13.0471,uuf250-077.cnf,1600
geometric,1600,250,1065,UNSAT,113286,131757,4932861,8,0,113285,8.28,13.70,106406,32,5.1651,uuf250-078.cnf,1600
geometric,1600,250,1065,UNSAT,105081,122712,4514366,8,0,105080,8.35,13.93,95253,31,4.8224,uuf250-079.cnf,1600
geometric,1600,250,1065,UNSAT,74793,88418,3228404,7,0,74792,7.84,13.37,70007,27,3.0398,uuf250-08.cnf,1600
geometric,1600,250,1065,UNSAT,119709,138961,5157622,8,0,119708,8.19,13.71,112205,32,5.6498,uuf250-080.cnf,1600
geometric,1600,250,1065,UNSAT,131337,153383,5583342,9,0,131336,8.42,14.02,124258,29,6.3063,uuf250-081.cnf,1600
geometric,1600,250,1065,UNSAT,106992,124171,4635854,8,0,106991,8.27,13.92,100754,28,4.9301,uuf250-082.cnf,1600
geometric,1600,250,1065,UNSAT,45524,53692,2031697,6,0,45523,7.56,13.11,40953,27,1.6572,uuf250-083.cnf,1600
geometric,1600,250,1065,UNSAT,72860,85247,3203652,7,0,72859,7.92,13.09,65406,27,2.8785,uuf250-084.cnf,1600
geometric,1600,250,1065,UNSAT,85062,99055,3615875,8,0,85061,8.11,13.48,79653,31,3.6329,uuf250-085.cnf,1600
geometric,1600,250,1065,UNSAT,93741,108748,3957839,8,0,93740,8.13,13.29,84710,29,4.0700,uuf250-086.cnf,1600
geometric,1600,250,1065,UNSAT,284441,331461,12204902,11,0,284440,8.85,14.78,268666,29,17.0882,uuf250-087.cnf,1600
geometric,1600,250,1065,UNSAT,115003,134281,4934809,8,0,115002,8.20,13.62,106408,27,5.2107,uuf250-088.cnf,1600
geometric,1600,250,1065,UNSAT,96952,113173,4259483,8,0,96951,8.00,13.45,89904,30,4.2080,uuf250-089.cnf,1600
geometric,1600,250,1065,UNSAT,207743,242025,9120628,10,0,207742,8.54,14.19,193513,30,11.0495,uuf250-09.cnf,1600
geometric,1600,250,1065,UNSAT,28319,33111,1208031,5,0,28318,7.46,12.47,24703,32,0.9400,uuf250-090.cnf,1600
geometric,1600,250,1065,UNSAT,110120,129117,4800591,8,0,110119,8.49,14.54,100756,30,5.1223,uuf250-091.cnf,1600
geometric,1600,250,1065,UNSAT,150391,176539,6410293,9,0,150390,8.61,14.33,143459,27,7.6368,uuf250-092.cnf,1600
geometric,1600,250,1065,UNSAT,104851,123364,4558612,8,0,104850,8.00,13.51,95256,29,4.6180,uuf250-093.cnf,1600
geometric,1600,250,1065,UNSAT,78646,91767,3362575,7,0,78645,8.05,13.39,70001,29,3.2826,uuf250-094.cnf,1600
geometric,1600,250,1065,UNSAT,58939,68607,2476244,7,0,58938,7.93,13.01,52506,37,2.2774,uuf250-095.cnf,1600
geometric,1600,250,1065,UNSAT,135976,157566,5837546,9,0,135975,8.39,13.79,124261,30,6.6045,uuf250-096.cnf,1600
geometric,1600,250,1065,UNSAT,69988,81574,3041153,7,0,69987,7.96,13.36,65405,38,2.8450,uuf250-097.cnf,1600
geometric,1600,250,1065,UNSAT,41849,49068,1829881,6,0,41848,7.78,12.73,37404,33,1.5221,uuf250-098.cnf,1600
geometric,1600,250,1065,UNSAT,66630,77833,2867234,7,0,66629,7.94,13.18,60953,33,2.6350,uuf250-099.cnf,1600
geometric,1700,250,1065,UNSAT,108600,126709,4806843,8,0,108599,8.40,14.05,100756,26,4.8732,uuf250-01.cnf,1700
geometric,1700,250,1065,UNSAT,86110,101097,3785100,8,0,86109,8.12,13.66,79657,28,3.5709,uuf250-010.cnf,1700
geometric,1700,250,1065,UNSAT,122458,143653,5228119,8,0,122457,8.05,13.31,112204,27,5.5021,uuf250-0100.cnf,1700
geometric,1700,250,1065,UNSAT,123234,144043,5303906,8,0,123233,8.22,13.86,112204,29,5.7177,uuf250-011.cnf,1700
geometric,1700,250,1065,UNSAT,103232,120555,4485131,8,0,103231,8.27,13.68,95260,27,4.5520,uuf250-012.cnf,1700
geometric,1700,250,1065,UNSAT,117193,136703,4947660,8,0,117192,8.23,13.48,106405,30,5.3873,uuf250-013.cnf,1700
geometric,1700,250,1065,UNSAT,139131,162355,6052017,9,0,139130,8.34,14.16,130513,31,6.8114,uuf250-014.cnf,1700
geometric,1700,250,1065,UNSAT,132838,154911,5659920,9,0,132837,8.34,13.94,124254,38,6.3264,uuf250-015.cnf,1700
geometric,1700,250,1065,UNSAT,64621,75894,2755385,7,0,64620,7.86,12.90,56659,29,2.5616,uuf250-016.cnf,1700
geometric,1700,250,1065,UNSAT,120063,140274,5083469,8,0,120062,8.16,13.48,112205,30,5.5222,uuf250-017.cnf,1700
geometric,1700,250,1065,UNSAT,108750,127078,4763121,8,0,108749,8.17,13.33,100753,29,4.6949,uuf250-018.cnf,1700
geometric,1700,250,1065,UNSAT,95831,111283,4161541,8,0,95830,8.40,14.09,89905,28,4.3666,uuf250-019.cnf,1700
geometric,1700,250,1065,UNSAT,110658,129670,4717144,8,0,110657,8.25,13.84,100756,32,5.1037,uuf250-02.cnf,1700
geometric,1700,250,1065,UNSAT,162896,190807,6867228,9,0,162895,8.54,14.14,150162,34,8.1114,uuf250-020.cnf,1700
geometric,1700,250,1065,UNSAT,162535,190614,7101853,9,0,162534,8.41,14.03,150161,31,8.2272,uuf250-021.cnf,1700
geometric,1700,250,1065,UNSAT,138151,161515,6032858,9,0,138150,8.44,13.95,130508,32,6.6421,uuf250-022.cnf,1700
geometric,1700,250,1065,UNSAT,69092,80271,2937705,7,0,69091,8.23,13.76,60953,34,2.8660,uuf250-023.cnf,1700
geometric,1700,250,1065,UNSAT,70490,82755,3032788,7,0,70489,7.75,13.05,65404,40,2.7852,uuf250-024.cnf,1700
geometric,1700,250,1065,UNSAT,105172,123201,4590785,8,0,105171,8.26,13.99,95254,28,4.7896,uuf250-025.cnf,1700
geometric,1700,250,1065,UNSAT,51301,60342,2243976,6,0,51300,7.61,13.22,44654,25,1.8728,uuf250-026.cnf,1700
geometric,1700,250,1065,UNSAT,107923,126353,4726696,8,0,107922,8.22,13.83,100756,28,4.9321,uuf250-027.cnf,1700
geometric,1700,250,1065,UNSAT,111800,130423,4853547,8,0,111799,8.49,14.01,100759,31,5.1710,uuf250-028.cnf,1700
geometric,1700,250,1065,UNSAT,63667,74119,2786638,7,0,63666,7.88,13.35,56657,28,2.5586,uuf250-029.cnf,1700
geometric,1700,250,1065,UNSAT,104970,122946,4563570,8,0,104969,8.21,13.76,95257,31,4.7666,uuf250-03.cnf,1700
geometric,1700,250,1065,UNSAT,64952,76174,2717458,7,0,64951,8.14,13.15,56656,29,2.5669,uuf250-030.cnf,1700
geometric,1700,250,1065,UNSAT,150605,176713,6615033,9,0,150604,8.67,14.37,143459,37,7.4415,uuf250-031.cnf,1700
geometric,1700,250,1065,UNSAT,106138,123797,4517373,8,0,106137,8.06,13.40,95255,29,4.8067,uuf250-032.cnf,1700
geometric,1700,250,1065,UNSAT,176513,205936,7528038,9,0,176512,8.47,14.09,164005,29,9.3437,uuf250-033.cnf,1700
geometric,1700,250,1065,UNSAT,154759,181335,6719718,9,0,154758,8.53,14.13,143454,28,7.7082,uuf250-034.cnf,1700
geometric,1700,250,1065,UNSAT,176206,205524,7459508,9,0,176205,8.45,14.00,164007,30,9.2121,uuf250-035.cnf,1700
geometric,1700,250,1065,UNSAT,66921,78395,2838781,7,0,66920,8.04,13.52,60953,27,2.6425,uuf250-036.cnf,1700
geometric,1700,250,1065,UNSAT,57777,67189,2454060,7,0,57776,7.88,12.76,52508,33,2.2424,uuf250-037.cnf,1700
geometric,1700,250,1065,UNSAT,38689,45417,1671487,6,0,38688,7.61,12.68,34005,27,1.3729,uuf250-038.cnf,1700
geometric,1700,250,1065,UNSAT,80089,93582,3450524,7,0,80088,7.88,13.25,74760,26,3.3632,uuf250-039.cnf,1700
geometric,1700,250,1065,UNSAT,114429,133453,4819590,8,0,114428,8.46,14.01,106407,29,5.2987,uuf250-04.cnf,1700
geometric,1700,250,1065,UNSAT,36913,42960,1567834,6,0,36912,7.42,12.33,30751,29,1.2915,uuf250-040.cnf,1700
geometric,1700,250,1065,UNSAT,87322,103377,3835589,8,0,87321,8.24,14.11,79654,30,3.7032,uuf250-041.cnf,1700
geometric,1700,250,1065,UNSAT,101864,118551,4388877,8,0,101863,7.91,13.23,95255,28,4.5041,uuf250-042.cnf,1700
geometric,1700,250,1065,UNSAT,132409,153916,5684455,9,0,132408,8.28,13.87,124255,30,6.3080,uuf250-043.cnf,1700
geometric,1700,250,1065,UNSAT,96955,113173,4211174,8,0,96954,8.29,13.80,89910,33,4.2855,uuf250-044.cnf,1700
geometric,1700,250,1065,UNSAT,62218,73043,2724744,7,0,62217,7.90,13.25,56654,29,2.4430,uuf250-045.cnf,1700
geometric,1700,250,1065,UNSAT,203620,239307,8722303,10,0,203619,8.69,14.68,193510,30,10.9542,uuf250-046.cnf,1700
geometric,1700,250,1065,UNSAT,77721,91069,3346387,7,0,77720,8.26,13.65,70005,36,3.2753,uuf250-047.cnf,1700
geometric,1700,250,1065,UNSAT,41740,48342,1817570,6,0,41739,7.79,12.74,37405,34,1.5185,uuf250-048.cnf,1700
geometric,1700,250,1065,UNSAT,78167,91926,3528986,7,0,78166,8.24,13.86,70007,28,3.1853,uuf250-049.cnf,1700
geometric,1700,250,1065,UNSAT,70027,81995,2993318,7,0,70026,7.90,13.37,65407,31,2.8162,uuf250-05.cnf,1700
geometric,1700,250,1065,UNSAT,109807,129364,4669938,8,0,109806,8.14,13.73,100756,28,4.9436,uuf250-050.cnf,1700
geometric,1700,250,1065,UNSAT,135486,158177,5860032,9,0,135485,8.54,14.42,124256,30,6.6643,uuf250-051.cnf,1700
geometric,1700,250,1065,UNSAT,136199,158906,5729312,9,0,136198,8.29,13.78,124260,33,6.5727,uuf250-052.cnf,1700
geometric,1700,250,1065,UNSAT,154059,180078,6592076,9,0,154058,8.42,14.04,143458,38,7.5597,uuf250-053.cnf,1700
geometric,1700,250,1065,UNSAT,128184,149171,5653838,9,0,128183,8.40,14.03,118156,30,6.0709,uuf250-054.cnf,1700
geometric,1700,250,1065,UNSAT,41185,47623,1745850,6,0,41184,7.85,12.76,37401,36,1.4977,uuf250-055.cnf,1700
geometric,1700,250,1065,UNSAT,80391,93795,3494163,7,0,80390,8.04,13.31,74753,29,3.3021,uuf250-056.cnf,1700
geometric,1700,250,1065,UNSAT,115717,135804,4946412,8,0,115716,8.34,14.18,106406,30,5.3203,uuf250-057.cnf,1700
geometric,1700,250,1065,UNSAT,134337,156877,5855669,9,0,134336,8.33,13.67,124256,30,6.4256,uuf250-058.cnf,1700
geometric,1700,250,1065,UNSAT,47365,54876,2037941,6,0,47364,7.81,12.94,40954,28,1.7607,uuf250-059.cnf,1700
geometric,1700,250,1065,UNSAT,84424,98844,3659068,8,0,84423,8.29,13.82,74757,27,3.6238,uuf250-06.cnf,1700
geometric,1700,250,1065,UNSAT,59650,69774,2576352,7,0,59649,8.03,13.19,52503,28,2.3328,uuf250-060.cnf,1700
geometric,1700,250,1065,UNSAT,154226,180592,6729640,9,0,154225,8.46,14.19,143458,36,7.7276,uuf250-061.cnf,1700
geometric,1700,250,1065,UNSAT,60598,71645,2600489,7,0,60597,7.95,13.48,52507,29,2.3616,uuf250-062.cnf,1700
geometric,1700,250,1065,UNSAT,139149,162377,6033273,9,0,139148,8.19,13.94,130507,30,6.7430,uuf250-063.cnf,1700
geometric,1700,250,1065,UNSAT,107097,125076,4670557,8,0,107096,8.23,13.93,100757,34,4.8269,uuf250-064.cnf,1700
geometric,1700,250,1065,UNSAT,63689,73787,2738796,7,0,63688,7.83,13.00,56654,29,2.5278,uuf250-065.cnf,1700
geometric,1700,250,1065,UNSAT,275011,320205,11823336,10,0,275010,8.77,14.81,259712,32,16.4032,uuf250-066.cnf,1700
geometric,1700,250,1065,UNSAT,101010,118617,4444480,8,0,101009,7.95,13.34,95259,34,4.4421,uuf250-067.cnf,1700
geometric,1700,250,1065,UNSAT,32844,38092,1424812,5,0,32843,7.47,12.31,27653,28,1.1253,uuf250-068.cnf,1700
geometric,1700,250,1065,UNSAT,134148,156953,5624304,9,0,134147,8.30,13.65,124255,27,6.3760,uuf250-069.cnf,1700
geometric,1700,250,1065,UNSAT,114625,133601,4903625,8,0,114624,8.22,13.86,106403,32,5.2490,uuf250-07.cnf,1700
geometric,1700,250,1065,UNSAT,165474,193472,7224186,9,0,165473,8.58,14.54,157007,27,8.5301,uuf250-070.cnf,1700
geometric,1700,250,1065,UNSAT,137567,161199,5929429,9,0,137566,8.51,14.50,130514,33,6.6963,uuf250-071.cnf,1700
geometric,1700,250,1065,UNSAT,128980,150493,5519934,9,0,128979,8.44,14.15,118159,33,6.2033,uuf250-072.cnf,1700
geometric,1700,250,1065,UNSAT,60308,70730,2694171,7,0,60307,8.06,13.46,52506,28,2.3387,uuf250-073.cnf,1700
geometric,1700,250,1065,UNSAT,73809,86503,3137235,7,0,73808,7.85,12.78,65402,26,2.9339,uuf250-074.cnf,1700
geometric,1700,250,1065,UNSAT,103975,122514,4525778,8,0,103974,8.20,13.84,95255,28,4.6204,uuf250-075.cnf,1700
geometric,1700,250,1065,UNSAT,90306,104975,3821746,8,0,90305,7.99,12.92,84707,35,3.8764,uuf250-076.cnf,1700
geometric,1700,250,1065,UNSAT,221883,259927,9663406,10,0,221882,8.74,14.69,209157,28,12.5182,uuf250-077.cnf,1700
geometric,1700,250,1065,UNSAT,119423,139118,5170043,8,0,119422,8.29,13.48,112206,32,5.4996,uuf250-078.cnf,1700
geometric,1700,250,1065,UNSAT,107135,125069,4609145,8,0,107134,8.19,13.67,100756,31,4.9577,uuf250-079.cnf,1700
geometric,1700,250,1065,UNSAT,92939,108684,4000351,8,0,92938,8.04,13.46,84706,29,4.0870,uuf250-08.cnf,1700
geometric,1700,250,1065,UNSAT,154030,179430,6518673,9,0,154029,8.46,13.67,143462,32,7.6781,uuf250-080.cnf,1700
geometric,1700,250,1065,UNSAT,120231,141342,5091182,8,0,120230,8.30,13.97,112209,29,5.6684,uuf250-081.cnf,1700
geometric,1700,250,1065,UNSAT,120943,140134,5233972,8,0,120942,8.09,13.62,112209,28,5.6281,uuf250-082.cnf,1700
geometric,1700,250,1065,UNSAT,59309,69155,2605124,7,0,59308,7.89,13.58,52506,27,2.3216,uuf250-083.cnf,1700
geometric,1700,250,1065,UNSAT,73698,86365,3240845,7,0,73697,8.06,13.51,65406,26,2.9455,uuf250-084.cnf,1700
geometric,1700,250,1065,UNSAT,99225,116173,4207712,8,0,99224,8.26,13.77,89908,28,4.3600,uuf250-085.cnf,1700
geometric,1700,250,1065,UNSAT,94154,110098,3985462,8,0,94153,8.10,13.34,84706,30,4.1298,uuf250-086.cnf,1700
geometric,1700,250,1065,UNSAT,230351,269831,10063986,10,0,230350,8.64,14.43,217207,32,12.7483,uuf250-087.cnf,1700
geometric,1700,250,1065,UNSAT,114829,134042,4921206,8,0,114828,8.39,13.85,106408,27,5.2845,uuf250-088.cnf,1700
geometric,1700,250,1065,UNSAT,112719,131505,4955672,8,0,112718,8.40,14.06,106408,30,5.2496,uuf250-089.cnf,1700
geometric,1700,250,1065,UNSAT,192052,224169,8458221,9,0,192051,8.72,14.48,178456,27,10.2254,uuf250-09.cnf,1700
geometric,1700,250,1065,UNSAT,24913,29355,1060263,5,0,24912,7.56,12.88,21902,32,0.8170,uuf250-090.cnf,1700
geometric,1700,250,1065,UNSAT,124910,146604,5413979,8,0,124909,8.22,13.94,118155,30,5.7631,uuf250-091.cnf,1700
geometric,1700,250,1065,UNSAT,170183,199313,7317231,9,0,170182,8.48,14.31,157005,29,8.9610,uuf250-092.cnf,1700
geometric,1700,250,1065,UNSAT,109523,128527,4708150,8,0,109522,8.24,13.71,100762,30,4.9549,uuf250-093.cnf,1700
geometric,1700,250,1065,UNSAT,84095,98533,3571655,8,0,84094,7.92,13.11,74756,27,3.4829,uuf250-094.cnf,1700
geometric,1700,250,1065,UNSAT,65638,76736,2752818,7,0,65637,7.88,12.80,60953,37,2.5583,uuf250-095.cnf,1700
geometric,1700,250,1065,UNSAT,96197,111880,4201028,8,0,96196,8.23,13.86,89909,30,4.3489,uuf250-096.cnf,1700
geometric,1700,250,1065,UNSAT,60603,71083,2639214,7,0,60602,7.81,13.18,52507,38,2.3828,uuf250-097.cnf,1700
geometric,1700,250,1065,UNSAT,48321,56430,2096087,6,0,48320,7.89,12.99,40958,33,1.8069,uuf250-098.cnf,1700
geometric,1700,250,1065,UNSAT,65672,77082,2844824,7,0,65671,7.63,12.75,60959,33,2.6089,uuf250-099.cnf,1700
geometric,1800,250,1065,UNSAT,105740,123451,4691247,8,0,105739,8.26,13.73,95259,26,4.6671,uuf250-01.cnf,1800
geometric,1800,250,1065,UNSAT,92696,108464,4047849,8,0,92695,8.04,13.48,84702,28,3.9878,uuf250-010.cnf,1800
geometric,1800,250,1065,UNSAT,115889,136629,4931558,8,0,115888,8.14,13.63,106410,26,5.2192,uuf250-0100.cnf,1800
geometric,1800,250,1065,UNSAT,131694,154554,5640835,8,0,131693,8.05,13.56,124259,29,6.1549,uuf250-011.cnf,1800
geometric,1800,250,1065,UNSAT,110879,129320,4774433,8,0,110878,8.30,13.45,100755,28,4.9917,uuf250-012.cnf,1800
geometric,1800,250,1065,UNSAT,109132,126897,4606607,8,0,109131,8.05,13.26,100755,29,4.8682,uuf250-013.cnf,1800
geometric,1800,250,1065,UNSAT,124724,145828,5442859,8,0,124723,8.28,14.18,118162,31,5.9012,uuf250-014.cnf,1800
geometric,1800,250,1065,UNSAT,123312,143724,5275131,8,0,123311,8.35,13.81,112208,38,5.7386,uuf250-015.cnf,1800
geometric,1800,250,1065,UNSAT,71004,82924,2994837,7,0,71003,7.95,13.05,65407,29,2.8842,uuf250-016.cnf,1800
geometric,1800,250,1065,UNSAT,114313,133936,4805231,8,0,114312,8.09,13.40,106409,25,5.2133,uuf250-017.cnf,1800
geometric,1800,250,1065,UNSAT,118541,138698,5143737,8,0,118540,8.28,13.60,112205,29,5.3653,uuf250-018.cnf,1800
geometric,1800,250,1065,UNSAT,110821,128299,4779045,8,0,110820,8.47,14.15,100757,29,5.2631,uuf250-019.cnf,1800
geometric,1800,250,1065,UNSAT,117050,136246,5009801,8,0,117049,8.22,13.71,106406,28,5.3327,uuf250-02.cnf,1800
geometric,1800,250,1065,UNSAT,163230,190937,6874873,9,0,163229,8.63,14.17,150157,28,8.2218,uuf250-020.cnf,1800
geometric,1800,250,1065,UNSAT,156270,182129,6825865,9,0,156269,8.67,14.43,143458,31,7.8393,uuf250-021.cnf,1800
geometric,1800,250,1065,UNSAT,158122,184236,6890922,9,0,158121,8.63,14.21,150163,32,7.9485,uuf250-022.cnf,1800
geometric,1800,250,1065,UNSAT,68630,80312,2924265,7,0,68629,8.08,13.23,60954,34,2.7570,uuf250-023.cnf,1800
geometric,1800,250,1065,UNSAT,78829,92614,3376582,7,0,78828,7.79,13.30,70002,40,3.2048,uuf250-024.cnf,1800
geometric,1800,250,1065,UNSAT,95378,111166,4231562,8,0,95377,8.26,13.90,89906,28,4.2765,uuf250-025.cnf,1800
geometric,1800,250,1065,UNSAT,55652,65230,2414453,6,0,55651,8.01,13.55,48502,25,2.1467,uuf250-026.cnf,1800
geometric,1800,250,1065,UNSAT,117014,136918,5070911,8,0,117013,8.26,13.92,106408,31,5.4102,uuf250-027.cnf,1800
geometric,1800,250,1065,UNSAT,110474,129222,4807952,8,0,110473,8.31,14.14,100756,29,5.1284,uuf250-028.cnf,1800
geometric,1800,250,1065,UNSAT,75681,87985,3252255,7,0,75680,8.07,13.34,70003,28,3.1614,uuf250-029.cnf,1800
geometric,1800,250,1065,UNSAT,108998,126906,4675603,8,0,108997,8.21,13.67,100759,31,4.9549,uuf250-03.cnf,1800
geometric,1800,250,1065,UNSAT,62166,73167,2593099,7,0,62165,7.98,13.23,56652,31,2.4425,uuf250-030.cnf,1800
geometric,1800,250,1065,UNSAT,139721,164129,6196809,9,0,139720,8.47,14.30,130505,37,6.6595,uuf250-031.cnf,1800
geometric,1800,250,1065,UNSAT,91048,105954,3877386,8,0,91047,8.06,13.54,84713,29,3.9140,uuf250-032.cnf,1800
geometric,1800,250,1065,UNSAT,184913,215910,7868721,9,0,184912,8.73,14.32,171163,28,9.9596,uuf250-033.cnf,1800
geometric,1800,250,1065,UNSAT,133774,157360,5834408,8,0,133773,8.53,14.31,124256,32,6.3390,uuf250-034.cnf,1800
geometric,1800,250,1065,UNSAT,137761,161072,5899467,9,0,137760,8.38,13.95,130506,30,6.6542,uuf250-035.cnf,1800
geometric,1800,250,1065,UNSAT,66685,78189,2831506,7,0,66684,7.87,13.39,60957,27,2.6399,uuf250-036.cnf,1800
geometric,1800,250,1065,UNSAT,57144,66726,2404516,6,0,57143,7.83,12.78,52506,33,2.2228,uuf250-037.cnf,1800
geometric,1800,250,1065,UNSAT,40992,47811,1771287,6,0,40991,8.02,13.01,37406,33,1.4905,uuf250-038.cnf,1800
geometric,1800,250,1065,UNSAT,85987,100087,3693049,7,0,85986,8.04,13.30,79659,28,3.6904,uuf250-039.cnf,1800
geometric,1800,250,1065,UNSAT,103144,121309,4333718,8,0,103143,8.13,13.64,95254,32,4.5885,uuf250-04.cnf,1800
geometric,1800,250,1065,UNSAT,36081,42179,1542989,5,0,36080,7.59,12.48,30757,29,1.2480,uuf250-040.cnf,1800
geometric,1800,250,1065,UNSAT,86622,102421,3799759,7,0,86621,8.04,13.81,79656,30,3.6044,uuf250-041.cnf,1800
geometric,1800,250,1065,UNSAT,116202,135146,5004441,8,0,116201,8.18,13.70,106409,28,5.3040,uuf250-042.cnf,1800
geometric,1800,250,1065,UNSAT,133995,156604,5749093,8,0,133994,8.28,13.94,124260,30,6.3869,uuf250-043.cnf,1800
geometric,1800,250,1065,UNSAT,97585,114169,4207781,8,0,97584,8.30,13.79,89905,33,4.3115,uuf250-044.cnf,1800
geometric,1800,250,1065,UNSAT,74447,86705,3218396,7,0,74446,8.11,13.38,65405,27,3.1083,uuf250-045.cnf,1800
geometric,1800,250,1065,UNSAT,195555,229151,8368832,9,0,195554,8.99,14.86,185919,28,10.6284,uuf250-046.cnf,1800
geometric,1800,250,1065,UNSAT,74430,87508,3222172,7,0,74429,8.13,13.54,65406,36,3.0681,uuf250-047.cnf,1800
geometric,1800,250,1065,UNSAT,37214,43268,1635118,5,0,37213,7.73,12.94,30753,34,1.3176,uuf250-048.cnf,1800
geometric,1800,250,1065,UNSAT,67911,79837,3109697,7,0,67910,7.94,13.51,60953,25,2.6762,uuf250-049.cnf,1800
geometric,1800,250,1065,UNSAT,90301,106043,3846117,8,0,90300,7.95,13.32,84703,31,3.8315,uuf250-05.cnf,1800
geometric,1800,250,1065,UNSAT,95161,111951,4025850,8,0,95160,8.17,13.79,89908,29,4.1917,uuf250-050.cnf,1800
geometric,1800,250,1065,UNSAT,145706,169509,6365219,9,0,145705,8.13,13.77,136907,30,7.1381,uuf250-051.cnf,1800
geometric,1800,250,1065,UNSAT,113260,132300,4797654,8,0,113259,8.10,13.56,106409,26,5.2016,uuf250-052.cnf,1800
geometric,1800,250,1065,UNSAT,129890,152446,5564923,8,0,129889,8.40,14.11,118160,38,6.1090,uuf250-053.cnf,1800
geometric,1800,250,1065,UNSAT,119652,139274,5283403,8,0,119651,8.39,13.84,112212,27,5.5800,uuf250-054.cnf,1800
geometric,1800,250,1065,UNSAT,38717,45085,1626729,6,0,38716,7.48,12.25,34005,36,1.3500,uuf250-055.cnf,1800
geometric,1800,250,1065,UNSAT,72938,85445,3150461,7,0,72937,8.25,13.41,65407,29,2.9428,uuf250-056.cnf,1800
geometric,1800,250,1065,UNSAT,100930,119119,4353042,8,0,100929,8.15,13.99,95258,30,4.4222,uuf250-057.cnf,1800
geometric,1800,250,1065,UNSAT,163839,192017,7091995,9,0,163838,8.66,14.15,150157,30,8.3226,uuf250-058.cnf,1800
geometric,1800,250,1065,UNSAT,54149,63196,2298370,6,0,54148,7.88,12.91,48506,28,2.0405,uuf250-059.cnf,1800
geometric,1800,250,1065,UNSAT,93235,109489,4038538,8,0,93234,7.91,13.54,84704,27,4.0523,uuf250-06.cnf,1800
geometric,1800,250,1065,UNSAT,63728,74450,2764778,7,0,63727,7.89,13.23,56652,25,2.5186,uuf250-060.cnf,1800
geometric,1800,250,1065,UNSAT,152551,178382,6650100,9,0,152550,8.43,14.30,143458,36,7.6046,uuf250-061.cnf,1800
geometric,1800,250,1065,UNSAT,71288,83719,3048686,7,0,71287,7.90,13.28,65405,29,2.8721,uuf250-062.cnf,1800
geometric,1800,250,1065,UNSAT,121813,142906,5255279,8,0,121812,8.12,13.77,112206,30,5.6627,uuf250-063.cnf,1800
geometric,1800,250,1065,UNSAT,116528,136185,5052917,8,0,116527,8.34,14.07,106407,34,5.4139,uuf250-064.cnf,1800
geometric,1800,250,1065,UNSAT,65182,75634,2798569,7,0,65181,8.12,13.37,56652,29,2.6902,uuf250-065.cnf,1800
geometric,1800,250,1065,UNSAT,203422,237976,8828320,9,0,203421,8.48,14.45,193515,33,11.0639,uuf250-066.cnf,1800
geometric,1800,250,1065,UNSAT,94998,111980,4172446,8,0,94997,8.28,14.10,84706,34,4.1627,uuf250-067.cnf,1800
geometric,1800,250,1065,UNSAT,29454,34297,1296944,5,0,29453,7.46,12.27,24703,28,0.9730,uuf250-068.cnf,1800
geometric,1800,250,1065,UNSAT,121611,141984,5172165,8,0,121610,8.12,13.70,112205,26,5.7254,uuf250-069.cnf,1800
geometric,1800,250,1065,UNSAT,100700,117468,4311838,8,0,100699,8.13,13.66,95256,30,4.5786,uuf250-07.cnf,1800
geometric,1800,250,1065,UNSAT,181232,211815,7809143,9,0,181231,8.51,14.50,171154,30,9.6362,uuf250-070.cnf,1800
geometric,1800,250,1065,UNSAT,144595,169587,6192208,9,0,144594,8.49,14.32,136910,33,7.1566,uuf250-071.cnf,1800
geometric,1800,250,1065,UNSAT,104510,121834,4498113,8,0,104509,8.29,13.81,95260,33,4.7568,uuf250-072.cnf,1800
geometric,1800,250,1065,UNSAT,51066,60485,2267759,6,0,51065,8.01,13.58,44651,28,1.9024,uuf250-073.cnf,1800
geometric,1800,250,1065,UNSAT,68769,80641,2951851,7,0,68768,7.85,12.99,60954,28,2.6967,uuf250-074.cnf,1800
geometric,1800,250,1065,UNSAT,109360,128402,4767399,8,0,109359,8.41,14.35,100757,35,5.0161,uuf250-075.cnf,1800
geometric,1800,250,1065,UNSAT,87555,101669,3696763,7,0,87554,7.90,12.88,79659,35,3.6283,uuf250-076.cnf,1800
geometric,1800,250,1065,UNSAT,242510,282760,10518807,10,0,242509,8.74,14.76,233756,33,14.2018,uuf250-077.cnf,1800
geometric,1800,250,1065,UNSAT,122404,142681,5296157,8,0,122403,8.25,13.80,112210,32,5.7034,uuf250-078.cnf,1800
geometric,1800,250,1065,UNSAT,104073,121820,4488706,8,0,104072,8.34,13.94,95257,31,4.7339,uuf250-079.cnf,1800
geometric,1800,250,1065,UNSAT,88110,103485,3797761,7,0,88109,7.93,13.35,79654,27,3.7270,uuf250-08.cnf,1800
geometric,1800,250,1065,UNSAT,126185,147183,5395137,8,0,126184,8.18,13.62,118156,32,6.0523,uuf250-080.cnf,1800
geometric,1800,250,1065,UNSAT,122944,143887,5254825,8,0,122943,8.28,13.76,112208,30,5.7895,uuf250-081.cnf,1800
geometric,1800,250,1065,UNSAT,101856,119370,4380065,8,0,101855,8.11,13.64,95256,27,4.4894,uuf250-082.cnf,1800
geometric,1800,250,1065,UNSAT,54453,63813,2402247,6,0,54452,7.99,13.50,48501,27,2.0836,uuf250-083.cnf,1800
geometric,1800,250,1065,UNSAT,63306,74266,2805487,7,0,63305,8.15,13.73,56652,26,2.5050,uuf250-084.cnf,1800
geometric,1800,250,1065,UNSAT,100480,117241,4253112,8,0,100479,8.36,13.72,89908,27,4.5374,uuf250-085.cnf,1800
geometric,1800,250,1065,UNSAT,79847,92651,3407728,7,0,79846,7.75,12.97,74752,28,3.3086,uuf250-086.cnf,1800
geometric,1800,250,1065,UNSAT,270067,314496,11635250,10,0,270066,8.92,14.74,259707,29,15.9651,uuf250-087.cnf,1800
geometric,1800,250,1065,UNSAT,109137,127349,4660956,8,0,109136,8.13,13.61,100752,27,4.9039,uuf250-088.cnf,1800
geometric,1800,250,1065,UNSAT,108184,126488,4737275,8,0,108183,8.29,13.92,100756,30,4.9657,uuf250-089.cnf,1800
geometric,1800,250,1065,UNSAT,182393,213072,8054689,9,0,182392,8.48,14.26,171160,26,9.4963,uuf250-09.cnf,1800
geometric,1800,250,1065,UNSAT,24963,29177,1062926,5,0,24962,7.69,12.79,21904,32,0.8249,uuf250-090.cnf,1800
geometric,1800,250,1065,UNSAT,115441,135616,5040947,8,0,115440,8.41,14.29,106411,30,5.2930,uuf250-091.cnf,1800
geometric,1800,250,1065,UNSAT,169281,197732,7195829,9,0,169280,8.49,14.07,157007,28,8.6015,uuf250-092.cnf,1800
geometric,1800,250,1065,UNSAT,94162,110456,4078885,8,0,94161,8.22,13.90,84703,27,4.1320,uuf250-093.cnf,1800
geometric,1800,250,1065,UNSAT,113901,132704,4828470,8,0,113900,7.95,13.14,106410,27,5.1288,uuf250-094.cnf,1800
geometric,1800,250,1065,UNSAT,65052,76084,2737753,7,0,65051,7.89,12.95,56653,37,2.5809,uuf250-095.cnf,1800
geometric,1800,250,1065,UNSAT,117130,137048,5091100,8,0,117129,8.23,13.71,106403,29,5.4789,uuf250-096.cnf,1800
geometric,1800,250,1065,UNSAT,68791,80152,2994146,7,0,68790,8.29,13.57,60955,38,2.7971,uuf250-097.cnf,1800
geometric,1800,250,1065,UNSAT,44059,51346,1920720,6,0,44058,7.69,12.81,37403,33,1.5944,uuf250-098.cnf,1800
geometric,1800,250,1065,UNSAT,79590,92458,3393417,7,0,79589,7.78,12.97,74756,33,3.3074,uuf250-099.cnf,1800
geometric,1900,250,1065,UNSAT,101711,119416,4466467,8,0,101710,8.23,13.80,95256,28,4.4283,uuf250-01.cnf,1900
geometric,1900,250,1065,UNSAT,91004,106298,3970301,7,0,91003,7.99,13.43,84707,28,3.8539,uuf250-010.cnf,1900
geometric,1900,250,1065,UNSAT,120308,140757,5130951,8,0,120307,8.23,13.64,112207,26,5.5118,uuf250-0100.cnf,1900
geometric,1900,250,1065,UNSAT,113988,133531,4908473,8,0,113987,8.31,13.73,106403,29,5.2219,uuf250-011.cnf,1900
geometric,1900,250,1065,UNSAT,110387,129460,4770219,8,0,110386,8.31,13.53,100758,26,4.9152,uuf250-012.cnf,1900
geometric,1900,250,1065,UNSAT,110856,129191,4680740,8,0,110855,8.41,13.77,100757,29,5.0904,uuf250-013.cnf,1900
geometric,1900,250,1065,UNSAT,130242,152264,5650508,8,0,130241,8.33,14.28,118155,31,6.2641,uuf250-014.cnf,1900
geometric,1900,250,1065,UNSAT,121227,141300,5204880,8,0,121226,8.36,13.85,112205,38,5.7046,uuf250-015.cnf,1900
geometric,1900,250,1065,UNSAT,75437,88266,3172562,7,0,75436,8.02,13.14,70005,29,3.1352,uuf250-016.cnf,1900
geometric,1900,250,1065,UNSAT,124527,144973,5220472,8,0,124526,8.25,13.62,118158,26,5.9809,uuf250-017.cnf,1900
geometric,1900,250,1065,UNSAT,110617,128960,4820085,8,0,110616,8.33,13.56,100755,29,4.9296,uuf250-018.cnf,1900
geometric,1900,250,1065,UNSAT,103394,120003,4540661,8,0,103393,8.09,13.60,95256,28,4.6495,uuf250-019.cnf,1900
geometric,1900,250,1065,UNSAT,123342,144825,5283192,8,0,123341,8.36,13.81,112212,27,5.7808,uuf250-02.cnf,1900
geometric,1900,250,1065,UNSAT,128465,150893,5475760,8,0,128464,8.31,13.64,118160,28,5.9916,uuf250-020.cnf,1900
geometric,1900,250,1065,UNSAT,178307,208827,7709654,9,0,178306,8.46,14.11,164012,31,9.2184,uuf250-021.cnf,1900
geometric,1900,250,1065,UNSAT,136763,160231,6011282,8,0,136762,8.14,13.66,124254,32,6.4855,uuf250-022.cnf,1900
geometric,1900,250,1065,UNSAT,77487,90016,3256845,7,0,77486,7.91,13.17,70004,34,3.2423,uuf250-023.cnf,1900
geometric,1900,250,1065,UNSAT,65874,76935,2853904,7,0,65873,7.95,13.32,60953,40,2.5565,uuf250-024.cnf,1900
geometric,1900,250,1065,UNSAT,92595,108539,4095341,7,0,92594,8.22,13.72,84709,28,4.0126,uuf250-025.cnf,1900
geometric,1900,250,1065,UNSAT,59247,69570,2558488,6,0,59246,8.15,13.66,52507,28,2.3234,uuf250-026.cnf,1900
geometric,1900,250,1065,UNSAT,119727,139791,5194389,8,0,119726,8.30,14.02,112205,34,5.6598,uuf250-027.cnf,1900
geometric,1900,250,1065,UNSAT,106839,125108,4630168,8,0,106838,8.24,13.61,100753,29,4.8592,uuf250-028.cnf,1900
geometric,1900,250,1065,UNSAT,75795,88028,3275571,7,0,75794,8.02,13.47,70007,28,3.1945,uuf250-029.cnf,1900
geometric,1900,250,1065,UNSAT,89093,103920,3886899,7,0,89092,8.10,13.79,79658,31,3.8325,uuf250-03.cnf,1900
geometric,1900,250,1065,UNSAT,61764,72648,2556280,7,0,61763,7.90,13.12,56650,29,2.4361,uuf250-030.cnf,1900
geometric,1900,250,1065,UNSAT,131776,154802,5857321,8,0,131775,8.65,14.33,124259,37,6.2496,uuf250-031.cnf,1900
geometric,1900,250,1065,UNSAT,100161,116079,4280667,8,0,100160,7.99,13.35,89902,29,4.4229,uuf250-032.cnf,1900
geometric,1900,250,1065,UNSAT,165143,193349,7017809,9,0,165142,8.59,14.11,157006,30,8.5817,uuf250-033.cnf,1900
geometric,1900,250,1065,UNSAT,134696,157671,5856270,8,0,134695,8.44,14.33,124255,27,6.5388,uuf250-034.cnf,1900
geometric,1900,250,1065,UNSAT,159544,185945,6792616,9,0,159543,8.34,13.72,150160,30,7.9629,uuf250-035.cnf,1900
geometric,1900,250,1065,UNSAT,67994,79518,2911644,7,0,67993,7.98,13.32,60955,28,2.7529,uuf250-036.cnf,1900
geometric,1900,250,1065,UNSAT,53212,62186,2269902,6,0,53211,7.80,12.82,48504,33,2.0179,uuf250-037.cnf,1900
geometric,1900,250,1065,UNSAT,43182,50471,1869137,6,0,43181,7.75,12.86,37401,27,1.5572,uuf250-038.cnf,1900
geometric,1900,250,1065,UNSAT,82125,96155,3517962,7,0,82124,8.15,13.43,74756,27,3.4206,uuf250-039.cnf,1900
geometric,1900,250,1065,UNSAT,120138,140635,5018277,8,0,120137,8.14,13.35,112203,28,5.5510,uuf250-04.cnf,1900
geometric,1900,250,1065,UNSAT,39842,46329,1708024,6,0,39841,7.68,12.59,34003,29,1.4119,uuf250-040.cnf,1900
geometric,1900,250,1065,UNSAT,84269,99681,3717597,7,0,84268,8.18,14.12,74753,30,3.5203,uuf250-041.cnf,1900
geometric,1900,250,1065,UNSAT,108029,126207,4640024,8,0,108028,8.16,13.42,100758,28,4.8441,uuf250-042.cnf,1900
geometric,1900,250,1065,UNSAT,133320,155333,5720612,8,0,133319,8.18,13.77,124253,30,6.3118,uuf250-043.cnf,1900
geometric,1900,250,1065,UNSAT,106782,124560,4616032,8,0,106781,8.17,13.69,100756,33,4.8200,uuf250-044.cnf,1900
geometric,1900,250,1065,UNSAT,69308,81316,3005178,7,0,69307,8.04,13.37,60955,27,2.7895,uuf250-045.cnf,1900
geometric,1900,250,1065,UNSAT,212814,248809,9149432,9,0,212813,8.81,14.75,201262,28,11.9076,uuf250-046.cnf,1900
geometric,1900,250,1065,UNSAT,80507,94497,3464040,7,0,80506,7.96,13.25,74759,36,3.3484,uuf250-047.cnf,1900
geometric,1900,250,1065,UNSAT,44151,51117,1922196,6,0,44150,7.90,13.09,37402,34,1.6267,uuf250-048.cnf,1900
geometric,1900,250,1065,UNSAT,71260,83842,3253996,7,0,71259,8.24,13.85,65407,28,2.8792,uuf250-049.cnf,1900
geometric,1900,250,1065,UNSAT,77871,91059,3333217,7,0,77870,7.83,13.28,70006,31,3.2192,uuf250-05.cnf,1900
geometric,1900,250,1065,UNSAT,117206,137251,4937305,8,0,117205,8.18,13.70,106404,28,5.4550,uuf250-050.cnf,1900
geometric,1900,250,1065,UNSAT,144223,168317,6275133,9,0,144222,8.20,13.73,136909,32,6.9891,uuf250-051.cnf,1900
geometric,1900,250,1065,UNSAT,103080,120289,4395488,8,0,103079,8.06,13.44,95255,30,4.5995,uuf250-052.cnf,1900
geometric,1900,250,1065,UNSAT,165750,193865,7068940,9,0,165749,8.42,14.10,157010,38,8.3496,uuf250-053.cnf,1900
geometric,1900,250,1065,UNSAT,93179,108906,4185023,7,0,93178,8.12,13.59,84710,29,3.9515,uuf250-054.cnf,1900
geometric,1900,250,1065,UNSAT,43056,50326,1821434,6,0,43055,7.81,12.86,37404,36,1.5696,uuf250-055.cnf,1900
geometric,1900,250,1065,UNSAT,80310,94037,3480860,7,0,80309,8.00,13.20,74754,29,3.3177,uuf250-056.cnf,1900
geometric,1900,250,1065,UNSAT,101830,119610,4379557,8,0,101829,8.06,13.58,95255,30,4.4328,uuf250-057.cnf,1900
geometric,1900,250,1065,UNSAT,164859,192239,7091976,9,0,164858,8.39,13.90,157010,30,8.3896,uuf250-058.cnf,1900
geometric,1900,250,1065,UNSAT,55271,64421,2353081,6,0,55270,8.03,12.96,48504,28,2.0864,uuf250-059.cnf,1900
geometric,1900,250,1065,UNSAT,104074,122229,4474598,8,0,104073,7.84,13.23,95257,27,4.6780,uuf250-06.cnf,1900
geometric,1900,250,1065,UNSAT,57103,66680,2480554,6,0,57102,7.72,12.82,52504,26,2.2150,uuf250-060.cnf,1900
geometric,1900,250,1065,UNSAT,164565,192091,7202721,9,0,164564,8.57,14.23,157006,36,8.4050,uuf250-061.cnf,1900
geometric,1900,250,1065,UNSAT,72151,84670,3062188,7,0,72150,8.09,13.30,65405,29,2.9379,uuf250-062.cnf,1900
geometric,1900,250,1065,UNSAT,130190,152863,5623421,8,0,130189,8.06,13.62,118155,29,6.1466,uuf250-063.cnf,1900
geometric,1900,250,1065,UNSAT,107538,125506,4663783,8,0,107537,8.26,14.11,100754,34,4.9627,uuf250-064.cnf,1900
geometric,1900,250,1065,UNSAT,58519,67972,2525734,6,0,58518,7.87,12.96,52507,30,2.2817,uuf250-065.cnf,1900
geometric,1900,250,1065,UNSAT,219695,256738,9548197,10,0,219694,8.43,14.29,209161,33,12.0643,uuf250-066.cnf,1900
geometric,1900,250,1065,UNSAT,87601,102994,3854700,7,0,87600,8.04,13.53,79658,34,3.6882,uuf250-067.cnf,1900
geometric,1900,250,1065,UNSAT,30188,34678,1321283,5,0,30187,7.48,12.61,24704,28,1.0224,uuf250-068.cnf,1900
geometric,1900,250,1065,UNSAT,123478,143947,5172354,8,0,123477,7.99,13.30,112204,30,5.7273,uuf250-069.cnf,1900
geometric,1900,250,1065,UNSAT,122750,142932,5224168,8,0,122749,8.26,13.89,112205,30,5.8070,uuf250-07.cnf,1900
geometric,1900,250,1065,UNSAT,152399,178425,6673568,9,0,152398,8.45,14.41,143457,31,7.6840,uuf250-070.cnf,1900
geometric,1900,250,1065,UNSAT,172509,201958,7345202,9,0,172508,8.71,14.47,164010,33,8.9693,uuf250-071.cnf,1900
geometric,1900,250,1065,UNSAT,108507,126529,4660536,8,0,108506,8.18,13.96,100754,33,4.9065,uuf250-072.cnf,1900
geometric,1900,250,1065,UNSAT,49827,58544,2206897,6,0,49826,7.87,13.31,44654,28,1.8519,uuf250-073.cnf,1900
geometric,1900,250,1065,UNSAT,74641,87598,3173778,7,0,74640,8.12,13.28,70006,26,3.0396,uuf250-074.cnf,1900
geometric,1900,250,1065,UNSAT,111960,131863,4857266,8,0,111959,8.40,14.09,100753,29,5.1603,uuf250-075.cnf,1900
geometric,1900,250,1065,UNSAT,77206,89969,3296360,7,0,77205,8.03,13.11,70003,35,3.1923,uuf250-076.cnf,1900
geometric,1900,250,1065,UNSAT,209329,244677,9113407,9,0,209328,8.61,14.40,201256,28,11.4063,uuf250-077.cnf,1900
geometric,1900,250,1065,UNSAT,122855,143362,5277862,8,0,122854,8.21,13.63,112207,32,5.6875,uuf250-078.cnf,1900
geometric,1900,250,1065,UNSAT,104656,122400,4502814,8,0,104655,8.23,13.83,95254,31,4.7864,uuf250-079.cnf,1900
geometric,1900,250,1065,UNSAT,98568,114972,4218293,8,0,98567,8.15,13.47,89904,27,4.3344,uuf250-08.cnf,1900
geometric,1900,250,1065,UNSAT,119471,139778,5082065,8,0,119470,8.42,14.17,112206,32,5.5815,uuf250-080.cnf,1900
geometric,1900,250,1065,UNSAT,136684,159590,5816603,8,0,136683,8.21,13.75,124256,29,6.5360,uuf250-081.cnf,1900
geometric,1900,250,1065,UNSAT,105885,123544,4599771,8,0,105884,8.10,13.63,95261,28,4.7315,uuf250-082.cnf,1900
geometric,1900,250,1065,UNSAT,58591,68888,2567462,6,0,58590,8.12,13.86,52505,27,2.2945,uuf250-083.cnf,1900
geometric,1900,250,1065,UNSAT,70270,82116,3071735,7,0,70269,8.30,13.78,65406,28,2.9020,uuf250-084.cnf,1900
geometric,1900,250,1065,UNSAT,108673,126372,4575163,8,0,108672,8.13,13.53,100760,29,4.9477,uuf250-085.cnf,1900
geometric,1900,250,1065,UNSAT,109801,128013,4623470,8,0,109800,8.20,13.37,100760,28,5.0042,uuf250-086.cnf,1900
geometric,1900,250,1065,UNSAT,188318,219889,8231463,9,0,188317,8.65,14.87,178455,31,9.9387,uuf250-087.cnf,1900
geometric,1900,250,1065,UNSAT,122281,142373,5252624,8,0,122280,8.53,14.07,112212,27,5.7651,uuf250-088.cnf,1900
geometric,1900,250,1065,UNSAT,106748,124760,4655531,8,0,106747,8.30,13.95,100762,30,4.9455,uuf250-089.cnf,1900
geometric,1900,250,1065,UNSAT,198815,232248,8713402,9,0,198814,8.58,14.42,185908,29,10.6471,uuf250-09.cnf,1900
geometric,1900,250,1065,UNSAT,37062,43202,1574252,5,0,37061,7.67,12.78,30754,32,1.3427,uuf250-090.cnf,1900
geometric,1900,250,1065,UNSAT,102177,120512,4472513,8,0,102176,8.18,14.02,95255,30,4.5301,uuf250-091.cnf,1900
geometric,1900,250,1065,UNSAT,176427,206146,7456080,9,0,176426,8.47,14.07,164006,29,9.2034,uuf250-092.cnf,1900
geometric,1900,250,1065,UNSAT,94841,111509,4135231,8,0,94840,8.06,13.73,84703,29,4.0954,uuf250-093.cnf,1900
geometric,1900,250,1065,UNSAT,75116,88048,3229917,7,0,75115,8.00,13.37,70003,27,3.0851,uuf250-094.cnf,1900
geometric,1900,250,1065,UNSAT,61387,71853,2585964,7,0,61386,7.80,12.64,56654,37,2.3513,uuf250-095.cnf,1900
geometric,1900,250,1065,UNSAT,132011,153545,5710247,8,0,132010,8.19,13.70,124254,28,6.2956,uuf250-096.cnf,1900
geometric,1900,250,1065,UNSAT,58324,67998,2536763,6,0,58323,7.96,13.31,52505,38,2.2405,uuf250-097.cnf,1900
geometric,1900,250,1065,UNSAT,43738,51311,1915331,6,0,43737,7.65,12.69,37402,33,1.5783,uuf250-098.cnf,1900
geometric,1900,250,1065,UNSAT,64587,75295,2780839,7,0,64586,7.83,12.87,56653,33,2.5214,uuf250-099.cnf,1900
geometric,2000,250,1065,UNSAT,89328,104773,3979162,7,0,89327,8.09,13.61,79654,25,3.7154,uuf250-01.cnf,2000
geometric,2000,250,1065,UNSAT,99007,115890,4322544,8,0,99006,8.20,13.70,89905,28,4.3254,uuf250-010.cnf,2000
geometric,2000,250,1065,UNSAT,161590,188711,6855143,9,0,161589,8.19,13.68,150160,29,7.9866,uuf250-0100.cnf,2000
geometric,2000,250,1065,UNSAT,115206,134684,4957257,8,0,115205,8.30,13.88,106404,31,5.2216,uuf250-011.cnf,2000
geometric,2000,250,1065,UNSAT,105678,124198,4546564,8,0,105677,8.30,13.63,95264,26,4.7258,uuf250-012.cnf,2000
geometric,2000,250,1065,UNSAT,87491,102478,3696009,7,0,87490,8.03,13.33,79654,29,3.7193,uuf250-013.cnf,2000
geometric,2000,250,1065,UNSAT,150801,175275,6494930,9,0,150800,8.65,14.60,143457,31,7.7754,uuf250-014.cnf,2000
geometric,2000,250,1065,UNSAT,134478,156766,5714652,8,0,134477,8.41,13.87,124257,38,6.4293,uuf250-015.cnf,2000
geometric,2000,250,1065,UNSAT,80760,94297,3408168,7,0,80759,7.96,13.10,74756,29,3.3863,uuf250-016.cnf,2000
geometric,2000,250,1065,UNSAT,116966,136498,4938832,8,0,116965,8.07,13.62,106407,26,5.4235,uuf250-017.cnf,2000
geometric,2000,250,1065,UNSAT,129901,151723,5615587,8,0,129900,8.40,13.82,118159,29,5.9851,uuf250-018.cnf,2000
geometric,2000,250,1065,UNSAT,107381,125111,4629858,8,0,107380,8.12,13.83,100755,26,4.8448,uuf250-019.cnf,2000
geometric,2000,250,1065,UNSAT,114860,134707,4872103,8,0,114859,8.32,13.70,106404,26,5.2207,uuf250-02.cnf,2000
geometric,2000,250,1065,UNSAT,136878,160734,5824566,8,0,136877,8.24,13.76,130505,30,6.4892,uuf250-020.cnf,2000
geometric,2000,250,1065,UNSAT,184830,216089,8026276,9,0,184829,8.61,14.51,171162,31,9.7302,uuf250-021.cnf,2000
geometric,2000,250,1065,UNSAT,158896,184995,6863405,9,0,158895,8.50,14.03,150155,32,7.9515,uuf250-022.cnf,2000
geometric,2000,250,1065,UNSAT,62735,72792,2696340,6,0,62734,7.96,13.30,56655,34,2.4797,uuf250-023.cnf,2000
geometric,2000,250,1065,UNSAT,71417,83767,3096595,7,0,71416,7.79,13.23,65403,40,2.8096,uuf250-024.cnf,2000
geometric,2000,250,1065,UNSAT,91943,107602,4065537,7,0,91942,8.25,13.74,84706,28,3.9720,uuf250-025.cnf,2000
geometric,2000,250,1065,UNSAT,53369,62408,2318971,6,0,53368,8.16,13.55,48505,27,2.0609,uuf250-026.cnf,2000
geometric,2000,250,1065,UNSAT,109300,127432,4792952,8,0,109299,8.16,13.98,100760,29,5.0934,uuf250-027.cnf,2000
geometric,2000,250,1065,UNSAT,105952,123816,4589146,8,0,105951,8.58,14.13,95258,29,4.8531,uuf250-028.cnf,2000
geometric,2000,250,1065,UNSAT,66263,77459,2876986,7,0,66262,7.90,13.31,60958,28,2.6876,uuf250-029.cnf,2000
geometric,2000,250,1065,UNSAT,85916,100221,3781857,7,0,85915,8.16,13.73,79653,31,3.7561,uuf250-03.cnf,2000
geometric,2000,250,1065,UNSAT,67347,79103,2799802,7,0,67346,8.05,13.12,60956,29,2.7325,uuf250-030.cnf,2000
geometric,2000,250,1065,UNSAT,120648,141947,5365047,8,0,120647,8.47,14.29,112211,37,5.5690,uuf250-031.cnf,2000
geometric,2000,250,1065,UNSAT,85740,100002,3671340,7,0,85739,7.88,13.22,79656,29,3.6212,uuf250-032.cnf,2000
geometric,2000,250,1065,UNSAT,190546,222865,8093079,9,0,190545,8.53,14.36,178467,35,10.3006,uuf250-033.cnf,2000
geometric,2000,250,1065,UNSAT,144173,168688,6249578,8,0,144172,8.40,14.14,136911,28,7.1499,uuf250-034.cnf,2000
geometric,2000,250,1065,UNSAT,156158,182696,6609259,9,0,156157,8.41,13.89,143454,30,7.8760,uuf250-035.cnf,2000
geometric,2000,250,1065,UNSAT,60624,71086,2571973,6,0,60623,8.30,13.71,52506,27,2.4270,uuf250-036.cnf,2000
geometric,2000,250,1065,UNSAT,56793,66541,2404651,6,0,56792,7.91,13.09,52503,33,2.1933,uuf250-037.cnf,2000
geometric,2000,250,1065,UNSAT,41606,49016,1805280,6,0,41605,7.61,12.77,37402,27,1.4977,uuf250-038.cnf,2000
geometric,2000,250,1065,UNSAT,76407,89637,3279044,7,0,76406,7.96,13.36,70006,27,3.1483,uuf250-039.cnf,2000
geometric,2000,250,1065,UNSAT,109608,128239,4615834,8,0,109607,8.14,13.65,100754,31,4.9639,uuf250-04.cnf,2000
geometric,2000,250,1065,UNSAT,39578,45933,1695903,5,0,39577,7.76,12.67,34004,29,1.4109,uuf250-040.cnf,2000
geometric,2000,250,1065,UNSAT,88348,103846,3866597,7,0,88347,7.96,13.87,79657,30,3.6683,uuf250-041.cnf,2000
geometric,2000,250,1065,UNSAT,99497,115698,4326249,8,0,99496,8.13,13.50,89905,28,4.3787,uuf250-042.cnf,2000
geometric,2000,250,1065,UNSAT,133438,155435,5748442,8,0,133437,8.42,13.95,124254,30,6.2769,uuf250-043.cnf,2000
geometric,2000,250,1065,UNSAT,92856,108568,4013478,7,0,92855,8.17,13.80,84709,33,4.0812,uuf250-044.cnf,2000
geometric,2000,250,1065,UNSAT,59121,69265,2579349,6,0,59120,7.94,13.16,52504,27,2.2667,uuf250-045.cnf,2000
geometric,2000,250,1065,UNSAT,208163,243957,8905788,9,0,208162,8.69,14.87,193510,28,11.3174,uuf250-046.cnf,2000
geometric,2000,250,1065,UNSAT,86754,101975,3725825,7,0,86753,7.86,13.01,79653,36,3.6575,uuf250-047.cnf,2000
geometric,2000,250,1065,UNSAT,37104,43300,1626887,5,0,37103,7.62,12.66,30754,34,1.3054,uuf250-048.cnf,2000
geometric,2000,250,1065,UNSAT,66100,77942,2995736,7,0,66099,8.13,13.90,60957,28,2.6475,uuf250-049.cnf,2000
geometric,2000,250,1065,UNSAT,87690,102934,3733985,7,0,87689,7.94,13.17,79652,31,3.6638,uuf250-05.cnf,2000
geometric,2000,250,1065,UNSAT,92741,108328,3954133,7,0,92740,8.22,13.83,84703,33,4.0868,uuf250-050.cnf,2000
geometric,2000,250,1065,UNSAT,144386,168821,6271974,8,0,144385,8.48,14.28,136903,30,7.2591,uuf250-051.cnf,2000
geometric,2000,250,1065,UNSAT,95688,111911,4056230,7,0,95687,8.01,13.43,89903,28,4.2344,uuf250-052.cnf,2000
geometric,2000,250,1065,UNSAT,138364,161784,5976912,8,0,138363,8.19,13.69,130509,38,6.4856,uuf250-053.cnf,2000
geometric,2000,250,1065,UNSAT,101854,118968,4512589,8,0,101853,8.26,13.73,95254,30,4.4650,uuf250-054.cnf,2000
geometric,2000,250,1065,UNSAT,39941,46498,1682289,5,0,39940,7.65,12.57,34005,36,1.4239,uuf250-055.cnf,2000
geometric,2000,250,1065,UNSAT,67825,79564,2948709,7,0,67824,8.07,13.59,60953,29,2.6862,uuf250-056.cnf,2000
geometric,2000,250,1065,UNSAT,100567,118586,4349288,8,0,100566,8.05,13.80,89907,30,4.3725,uuf250-057.cnf,2000
geometric,2000,250,1065,UNSAT,134553,157481,5872854,8,0,134552,8.15,13.59,124257,30,6.2861,uuf250-058.cnf,2000
geometric,2000,250,1065,UNSAT,49071,57494,2103983,6,0,49070,7.99,13.11,44656,28,1.8516,uuf250-059.cnf,2000
geometric,2000,250,1065,UNSAT,82966,97635,3618105,7,0,82965,7.74,13.22,74761,28,3.5119,uuf250-06.cnf,2000
geometric,2000,250,1065,UNSAT,76028,88886,3226478,7,0,76027,8.19,13.39,70007,28,3.1548,uuf250-060.cnf,2000
geometric,2000,250,1065,UNSAT,154976,181293,6783529,9,0,154975,8.57,14.29,143458,36,7.7961,uuf250-061.cnf,2000
geometric,2000,250,1065,UNSAT,73707,86186,3169854,7,0,73706,7.81,13.05,65402,29,2.9759,uuf250-062.cnf,2000
geometric,2000,250,1065,UNSAT,113261,132964,4931738,8,0,113260,8.13,13.80,106405,27,5.1848,uuf250-063.cnf,2000
geometric,2000,250,1065,UNSAT,113475,132206,4923885,8,0,113474,8.22,13.97,106407,34,5.2242,uuf250-064.cnf,2000
geometric,2000,250,1065,UNSAT,52431,60967,2293956,6,0,52430,7.71,13.04,48504,29,2.0131,uuf250-065.cnf,2000
geometric,2000,250,1065,UNSAT,212247,247877,9238793,9,0,212246,8.64,14.60,201256,31,11.6892,uuf250-066.cnf,2000
geometric,2000,250,1065,UNSAT,112367,131939,4941634,8,0,112366,8.03,13.65,106404,34,5.0880,uuf250-067.cnf,2000
geometric,2000,250,1065,UNSAT,29061,33645,1278719,5,0,29060,7.65,12.70,24703,28,0.9810,uuf250-068.cnf,2000
geometric,2000,250,1065,UNSAT,107293,125806,4562833,8,0,107292,8.08,13.64,100756,25,4.8900,uuf250-069.cnf,2000
geometric,2000,250,1065,UNSAT,113529,132361,4852991,8,0,113528,8.46,13.98,106405,30,5.2805,uuf250-07.cnf,2000
geometric,2000,250,1065,UNSAT,174252,203949,7550228,9,0,174251,8.64,14.63,164009,29,9.1106,uuf250-070.cnf,2000
geometric,2000,250,1065,UNSAT,170079,199442,7225683,9,0,170078,8.61,14.46,157008,33,8.6544,uuf250-071.cnf,2000
geometric,2000,250,1065,UNSAT,94398,110511,4069181,7,0,94397,8.11,13.72,84705,33,4.1443,uuf250-072.cnf,2000
geometric,2000,250,1065,UNSAT,56387,66073,2505679,6,0,56386,8.04,13.64,48501,28,2.1426,uuf250-073.cnf,2000
geometric,2000,250,1065,UNSAT,78295,91596,3317178,7,0,78294,7.87,13.04,70003,29,3.1567,uuf250-074.cnf,2000
geometric,2000,250,1065,UNSAT,99991,117884,4378388,8,0,99990,8.09,13.67,89912,28,4.4273,uuf250-075.cnf,2000
geometric,2000,250,1065,UNSAT,95877,111431,4070186,7,0,95876,8.25,13.20,89904,35,4.1493,uuf250-076.cnf,2000
geometric,2000,250,1065,UNSAT,213437,249900,9359228,9,0,213436,8.71,14.58,201254,31,11.8477,uuf250-077.cnf,2000
geometric,2000,250,1065,UNSAT,116193,135529,5008922,8,0,116192,8.41,13.68,106410,32,5.3927,uuf250-078.cnf,2000
geometric,2000,250,1065,UNSAT,109084,127570,4664305,8,0,109083,8.29,13.90,100760,31,5.0343,uuf250-079.cnf,2000
geometric,2000,250,1065,UNSAT,98012,114813,4182548,7,0,98011,8.24,13.78,89910,28,4.3826,uuf250-08.cnf,2000
geometric,2000,250,1065,UNSAT,140328,163325,6004917,8,0,140327,8.37,13.74,130509,32,6.8912,uuf250-080.cnf,2000
geometric,2000,250,1065,UNSAT,119792,140231,5108529,8,0,119791,8.26,13.60,112202,29,5.5308,uuf250-081.cnf,2000
geometric,2000,250,1065,UNSAT,116030,134988,4981940,8,0,116029,8.16,13.70,106407,28,5.3966,uuf250-082.cnf,2000
geometric,2000,250,1065,UNSAT,44417,52144,1964750,6,0,44416,7.53,13.17,37402,27,1.6066,uuf250-083.cnf,2000
geometric,2000,250,1065,UNSAT,68758,80745,3028121,7,0,68757,8.07,13.39,60955,28,2.7338,uuf250-084.cnf,2000
geometric,2000,250,1065,UNSAT,102004,119083,4336706,8,0,102003,8.34,13.67,95255,31,4.5193,uuf250-085.cnf,2000
geometric,2000,250,1065,UNSAT,100844,117555,4261421,8,0,100843,8.17,13.50,95256,29,4.5596,uuf250-086.cnf,2000
geometric,2000,250,1065,UNSAT,222589,260204,9681428,9,0,222588,8.58,14.47,209158,29,12.1902,uuf250-087.cnf,2000
geometric,2000,250,1065,UNSAT,121647,142285,5207967,8,0,121646,8.19,13.63,112206,29,5.5788,uuf250-088.cnf,2000
geometric,2000,250,1065,UNSAT,112484,131168,4896715,8,0,112483,8.42,13.98,106410,30,5.1941,uuf250-089.cnf,2000
geometric,2000,250,1065,UNSAT,186619,217916,8221648,9,0,186618,8.58,14.15,178458,27,9.7617,uuf250-09.cnf,2000
geometric,2000,250,1065,UNSAT,30676,35885,1301024,5,0,30675,7.68,12.90,27654,32,1.0625,uuf250-090.cnf,2000
geometric,2000,250,1065,UNSAT,105402,123700,4588674,8,0,105401,8.39,14.17,95257,30,4.7181,uuf250-091.cnf,2000
geometric,2000,250,1065,UNSAT,189509,221821,8045096,9,0,189508,8.53,14.16,178455,28,10.0584,uuf250-092.cnf,2000
geometric,2000,250,1065,UNSAT,95233,111791,4136579,7,0,95232,7.90,13.16,89905,26,4.0795,uuf250-093.cnf,2000
geometric,2000,250,1065,UNSAT,101833,119205,4298920,8,0,101832,8.14,13.53,95255,28,4.4986,uuf250-094.cnf,2000
geometric,2000,250,1065,UNSAT,55463,64735,2337251,6,0,55462,7.96,13.16,48504,37,2.1297,uuf250-095.cnf,2000
geometric,2000,250,1065,UNSAT,114172,132336,4941982,8,0,114171,8.22,13.78,106409,28,5.3414,uuf250-096.cnf,2000
geometric,2000,250,1065,UNSAT,53350,62499,2344544,6,0,53349,7.82,13.29,48507,38,2.0283,uuf250-097.cnf,2000
geometric,2000,250,1065,UNSAT,42555,49700,1863810,6,0,42554,7.67,12.71,37401,33,1.5302,uuf250-098.cnf,2000
geometric,2000,250,1065,UNSAT,63226,73888,2695591,6,0,63225,8.25,13.47,56656,33,2.5188,uuf250-099.cnf,2000