policy,unit,vars,clauses,result,conflicts,decisions,propagations,restarts,blocked,learnt,avg_lbd,avg_len,deleted,max_level,seconds,_cnf,_param_value
fixed,10,250,1065,UNSAT,1030360,2287864,44064531,95357,0,1030359,11.19,14.91,1009275,35,109.1390,uuf250-01.cnf,10
fixed,10,250,1065,UNSAT,464078,1016207,19974172,42906,0,464077,10.68,14.51,443772,32,34.7719,uuf250-010.cnf,10
fixed,10,250,1065,UNSAT,1505522,3354073,61109199,139296,0,1505521,11.14,14.72,1470695,32,179.5088,uuf250-0100.cnf,10
fixed,10,250,1065,UNSAT,1061395,2353092,44638918,98231,0,1061394,10.92,14.75,1026769,32,109.8004,uuf250-011.cnf,10
fixed,10,250,1065,UNSAT,755440,1667072,31967928,69882,0,755439,10.98,14.57,734718,34,68.0953,uuf250-012.cnf,10
fixed,10,250,1065,UNSAT,606295,1327638,25249878,56141,0,606294,10.67,14.38,580172,32,51.9956,uuf250-013.cnf,10
fixed,10,250,1065,UNSAT,486819,1046780,21295172,45002,0,486818,10.32,14.40,467211,32,37.3705,uuf250-014.cnf,10
fixed,10,250,1065,UNSAT,1372896,3058702,56026851,126984,0,1372895,11.22,14.93,1347224,38,163.5670,uuf250-015.cnf,10
fixed,10,250,1065,UNSAT,514328,1136563,21366663,47615,0,514327,10.80,14.37,491264,32,42.1119,uuf250-016.cnf,10
fixed,10,250,1065,UNSAT,819832,1810811,33754188,75845,0,819831,10.73,14.42,795420,35,79.3692,uuf250-017.cnf,10
fixed,10,250,1065,UNSAT,1127015,2485305,47207185,104300,0,1127014,11.07,14.65,1098281,32,117.7823,uuf250-018.cnf,10
fixed,10,250,1065,UNSAT,1004635,2212749,41832990,92932,0,1004634,11.12,14.91,974734,35,107.7616,uuf250-019.cnf,10
fixed,10,250,1065,UNSAT,1243843,2817203,50702930,115240,0,1243842,11.38,14.94,1210023,34,140.2201,uuf250-02.cnf,10
fixed,10,250,1065,UNSAT,2145321,4821456,85271311,198385,0,2145320,11.50,15.00,2118193,34,292.6420,uuf250-020.cnf,10
fixed,10,250,1065,UNSAT,906649,1986521,39204581,83857,0,906648,10.74,14.53,874667,35,84.6621,uuf250-021.cnf,10
fixed,10,250,1065,UNSAT,417616,919090,17464547,38612,0,417615,11.06,14.60,398665,34,33.0576,uuf250-023.cnf,10
fixed,10,250,1065,UNSAT,173482,364847,7625067,16060,0,173481,9.72,13.44,164007,40,9.3765,uuf250-024.cnf,10
fixed,10,250,1065,UNSAT,862057,1889549,37077150,79686,0,862056,10.93,14.83,842535,34,81.6913,uuf250-025.cnf,10
fixed,10,250,1065,UNSAT,195376,421668,8537659,18088,0,195375,10.25,14.18,185906,40,11.2060,uuf250-026.cnf,10
fixed,10,250,1065,UNSAT,1389223,3095722,58069930,128471,0,1389222,11.28,15.21,1367430,34,163.9380,uuf250-027.cnf,10
fixed,10,250,1065,UNSAT,1246711,2792438,51399200,115315,0,1246710,11.26,15.02,1210027,33,144.6059,uuf250-028.cnf,10
fixed,10,250,1065,UNSAT,381825,823013,16182865,35336,0,381824,10.54,14.30,366415,31,28.8272,uuf250-029.cnf,10
fixed,10,250,1065,UNSAT,790256,1727051,33422990,73120,0,790255,10.84,14.70,764773,35,76.1322,uuf250-03.cnf,10
fixed,10,250,1065,UNSAT,409507,903319,16939564,37942,0,409506,10.65,14.20,387760,32,30.0232,uuf250-030.cnf,10
fixed,10,250,1065,UNSAT,1358661,3016148,58819905,125512,0,1358660,11.24,15.00,1327179,37,147.2949,uuf250-031.cnf,10
fixed,10,250,1065,UNSAT,1381688,3032684,55511685,127879,0,1381687,11.11,14.63,1347224,35,164.3077,uuf250-032.cnf,10
fixed,10,250,1065,UNSAT,1963290,4453792,80364537,181688,0,1963289,11.28,14.97,1921183,34,275.1342,uuf250-033.cnf,10
fixed,10,250,1065,UNSAT,278982,614249,11961466,25819,0,278981,10.51,14.21,268660,31,18.2486,uuf250-036.cnf,10
fixed,10,250,1065,UNSAT,452535,975993,18644004,41915,0,452534,10.59,13.98,432276,33,35.6437,uuf250-037.cnf,10
fixed,10,250,1065,UNSAT,142687,303801,6218861,13214,0,142686,10.18,13.63,130504,31,7.4193,uuf250-038.cnf,10
fixed,10,250,1065,UNSAT,746109,1616717,30856126,69083,0,746108,10.74,14.28,719927,31,69.9551,uuf250-039.cnf,10
fixed,10,250,1065,UNSAT,476082,1044204,20156582,44049,0,476081,10.60,14.52,455417,32,37.2305,uuf250-04.cnf,10
fixed,10,250,1065,UNSAT,310713,668987,12829314,28754,0,310712,10.65,13.95,296410,31,21.7629,uuf250-040.cnf,10
fixed,10,250,1065,UNSAT,538535,1188410,23386070,49768,0,538534,10.94,14.86,515914,33,43.0375,uuf250-041.cnf,10
fixed,10,250,1065,UNSAT,853136,1850402,35821029,78914,0,853135,10.72,14.39,826673,32,85.0886,uuf250-042.cnf,10
fixed,10,250,1065,UNSAT,1071521,2386006,44600238,99186,0,1071520,11.22,14.87,1044425,32,112.2694,uuf250-043.cnf,10
fixed,10,250,1065,UNSAT,764373,1681545,32314786,70693,0,764372,10.83,14.70,734724,33,71.8876,uuf250-044.cnf,10
fixed,10,250,1065,UNSAT,359447,780879,15456393,33271,0,359446,10.46,14.21,345660,31,25.9089,uuf250-045.cnf,10
fixed,10,250,1065,UNSAT,586723,1286362,24775455,54220,0,586722,10.86,14.37,567026,36,49.5958,uuf250-047.cnf,10
fixed,10,250,1065,UNSAT,124166,261866,5506917,11506,0,124165,9.85,13.43,118156,34,6.3939,uuf250-048.cnf,10
fixed,10,250,1065,UNSAT,391634,865709,17793409,36233,0,391633,10.79,14.78,377018,35,27.5899,uuf250-049.cnf,10
fixed,10,250,1065,UNSAT,254681,544521,10944055,23577,0,254680,10.07,13.87,242264,31,15.8649,uuf250-05.cnf,10
fixed,10,250,1065,UNSAT,672270,1498774,27512711,62261,0,672269,10.91,14.48,648164,36,61.9252,uuf250-050.cnf,10
fixed,10,250,1065,UNSAT,1528144,3399189,64166617,141358,0,1528143,11.21,14.98,1491784,34,180.3792,uuf250-051.cnf,10
fixed,10,250,1065,UNSAT,709364,1556229,29561342,65654,0,709363,10.83,14.53,690774,31,66.5800,uuf250-052.cnf,10
fixed,10,250,1065,UNSAT,1119627,2512969,46792474,103617,0,1119626,11.14,15.01,1098276,38,202.5343,uuf250-053.cnf,10
fixed,10,250,1065,UNSAT,1204872,2665892,51292675,111443,0,1204871,11.27,15.02,1172181,32,238.9590,uuf250-054.cnf,10
fixed,10,250,1065,UNSAT,110864,231217,4728690,10298,0,110863,9.57,13.10,100758,36,9.4408,uuf250-055.cnf,10
fixed,10,250,1065,UNSAT,980092,2164978,40559897,90588,0,980091,11.21,14.82,957678,33,177.8267,uuf250-056.cnf,10
fixed,10,250,1065,UNSAT,706229,1564958,29685462,65292,0,706228,10.80,14.73,690779,35,111.2972,uuf250-057.cnf,10
fixed,10,250,1065,UNSAT,274700,586970,11563456,25443,0,274699,10.32,13.75,259718,28,18.1792,uuf250-059.cnf,10
fixed,10,250,1065,UNSAT,424635,928267,18132532,39312,0,424634,10.46,14.40,409715,34,32.0703,uuf250-06.cnf,10
fixed,10,250,1065,UNSAT,299494,644190,12902920,27718,0,299493,10.24,14.00,287016,30,20.0219,uuf250-060.cnf,10
fixed,10,250,1065,UNSAT,490281,1071740,20350235,45367,0,490280,10.69,14.22,467217,32,39.0683,uuf250-062.cnf,10
fixed,10,250,1065,UNSAT,606051,1318969,26302958,56074,0,606050,10.59,14.45,580165,32,49.8152,uuf250-063.cnf,10
fixed,10,250,1065,UNSAT,1238085,2713111,51390155,114488,0,1238084,11.08,14.97,1210031,34,141.7361,uuf250-064.cnf,10
fixed,10,250,1065,UNSAT,321561,686773,13720984,29770,0,321560,10.33,13.83,305966,31,22.7852,uuf250-065.cnf,10
fixed,10,250,1065,UNSAT,655425,1462438,28397937,60616,0,655424,10.93,14.81,634271,35,57.2788,uuf250-067.cnf,10
fixed,10,250,1065,UNSAT,88333,181891,3924240,8170,0,88332,9.62,13.11,79654,27,4.0749,uuf250-068.cnf,10
fixed,10,250,1065,UNSAT,2017550,4530789,80327004,186719,0,2017549,11.36,14.98,1969544,33,280.4258,uuf250-069.cnf,10
fixed,10,250,1065,UNSAT,1081903,2430109,44194939,100219,0,1081902,11.29,14.85,1062228,35,122.4648,uuf250-07.cnf,10
fixed,10,250,1065,UNSAT,1701410,3833937,71897369,157381,0,1701409,11.52,15.56,1665989,35,217.3227,uuf250-070.cnf,10
fixed,10,250,1065,UNSAT,917410,2029074,37792438,84846,0,917409,11.03,14.75,890973,33,95.1802,uuf250-072.cnf,10
fixed,10,250,1065,UNSAT,293100,645307,13021674,27118,0,293099,10.84,14.72,277763,31,19.0802,uuf250-073.cnf,10
fixed,10,250,1065,UNSAT,516788,1127553,21505430,47882,0,516787,10.63,14.03,503520,31,39.8099,uuf250-074.cnf,10
fixed,10,250,1065,UNSAT,933076,2109708,39635862,86305,0,933075,11.18,15.04,907427,33,92.0946,uuf250-075.cnf,10
fixed,10,250,1065,UNSAT,490123,1063298,20473129,45443,0,490122,10.53,13.93,467217,35,38.8370,uuf250-076.cnf,10
fixed,10,250,1065,UNSAT,1239518,2737536,50327517,114835,0,1239517,11.10,14.62,1210027,33,141.5074,uuf250-078.cnf,10
fixed,10,250,1065,UNSAT,1365421,3031834,55035044,126306,0,1365420,11.24,14.87,1327178,34,170.2568,uuf250-079.cnf,10
fixed,10,250,1065,UNSAT,1022178,2262840,41014059,94639,0,1022177,11.14,14.74,991926,33,110.9239,uuf250-08.cnf,10
fixed,10,250,1065,UNSAT,771098,1706955,32423990,71362,0,771097,10.82,14.62,749672,34,72.5686,uuf250-080.cnf,10
fixed,10,250,1065,UNSAT,1108474,2442370,45459511,102552,0,1108473,10.81,14.38,1080181,32,118.0015,uuf250-081.cnf,10
fixed,10,250,1065,UNSAT,837124,1853854,35123263,77549,0,837123,10.98,14.75,810970,33,82.9910,uuf250-082.cnf,10
fixed,10,250,1065,UNSAT,155030,329642,6967646,14326,0,155029,10.01,14.23,143462,31,8.3056,uuf250-083.cnf,10
fixed,10,250,1065,UNSAT,403793,885245,17615820,37378,0,403792,10.82,14.70,387763,35,29.7890,uuf250-084.cnf,10
fixed,10,250,1065,UNSAT,632915,1387323,26402928,58587,0,632914,10.72,14.32,606923,32,54.7339,uuf250-085.cnf,10
fixed,10,250,1065,UNSAT,340197,718427,14478940,31491,0,340196,9.99,13.53,325517,32,22.9945,uuf250-086.cnf,10
fixed,10,250,1065,UNSAT,2141998,4847078,88711347,198160,0,2141997,11.44,15.24,2093038,35,299.4117,uuf250-087.cnf,10
fixed,10,250,1065,UNSAT,1707783,3851751,68589457,158145,0,1707782,11.47,15.09,1665994,33,214.6256,uuf250-088.cnf,10
fixed,10,250,1065,UNSAT,1257014,2784010,52310294,116375,0,1257013,11.21,15.00,1229178,31,146.3819,uuf250-089.cnf,10
fixed,10,250,1065,UNSAT,105022,216688,4521480,9739,0,105021,9.57,13.07,95257,30,5.3460,uuf250-090.cnf,10
fixed,10,250,1065,UNSAT,1002293,2235447,42354730,92713,0,1002292,11.15,15.11,974728,33,102.6242,uuf250-091.cnf,10
fixed,10,250,1065,UNSAT,1988503,4551147,80847987,183997,0,1988502,11.53,15.32,1945284,33,271.4193,uuf250-092.cnf,10
fixed,10,250,1065,UNSAT,389797,843079,16891248,36090,0,389796,10.29,14.09,377016,31,27.9749,uuf250-093.cnf,10
fixed,10,250,1065,UNSAT,682311,1490710,28449049,63071,0,682310,10.67,14.43,662222,33,61.7062,uuf250-094.cnf,10
fixed,10,250,1065,UNSAT,326842,706752,13642030,30236,0,326841,10.43,13.81,315656,37,22.8661,uuf250-095.cnf,10
fixed,10,250,1065,UNSAT,1421779,3189409,58167578,131670,0,1421778,11.38,15.06,1387778,32,179.2389,uuf250-096.cnf,10
fixed,10,250,1065,UNSAT,403747,877063,17461220,37366,0,403746,10.58,14.32,387775,38,29.7627,uuf250-097.cnf,10
fixed,10,250,1065,UNSAT,130302,277185,5758060,12065,0,130301,9.97,13.50,118157,33,6.7072,uuf250-098.cnf,10
fixed,10,250,1065,UNSAT,285940,609291,12194447,26463,0,285939,10.10,13.77,268662,33,18.5125,uuf250-099.cnf,10
fixed,64,250,1065,UNSAT,991012,1306529,40554313,15292,0,991011,10.80,15.11,957679,32,96.9863,uuf250-01.cnf,64
fixed,64,250,1065,UNSAT,340847,448539,14237033,5261,0,340846,10.12,14.43,325514,34,22.7771,uuf250-010.cnf,64
fixed,64,250,1065,UNSAT,1304725,1724224,50994766,20132,0,1304724,10.77,14.94,1267921,32,145.0039,uuf250-0100.cnf,64
fixed,64,250,1065,UNSAT,965889,1279070,38860794,14904,0,965888,10.55,14.86,940779,33,95.1062,uuf250-011.cnf,64
fixed,64,250,1065,UNSAT,731904,967933,29654929,11292,0,731903,10.72,14.81,705269,36,64.7038,uuf250-012.cnf,64
fixed,64,250,1065,UNSAT,618978,816052,24527832,9553,0,618977,10.32,14.56,593462,33,53.0667,uuf250-013.cnf,64
fixed,64,250,1065,UNSAT,461142,608937,19278325,7115,0,461141,10.06,14.70,443760,36,34.7181,uuf250-014.cnf,64
fixed,64,250,1065,UNSAT,1330879,1751871,52108012,20538,0,1330878,10.88,15.10,1307272,38,151.6650,uuf250-015.cnf,64
fixed,64,250,1065,UNSAT,467745,614434,18643002,7217,0,467744,10.34,14.41,455414,33,36.3762,uuf250-016.cnf,64
fixed,64,250,1065,UNSAT,793261,1047724,31342630,12238,0,793260,10.36,14.60,764781,37,75.4188,uuf250-017.cnf,64
fixed,64,250,1065,UNSAT,931136,1224456,37630119,14370,0,931135,10.73,14.81,907422,31,87.5243,uuf250-018.cnf,64
fixed,64,250,1065,UNSAT,857373,1119160,34218194,13232,0,857372,10.72,15.04,826668,32,86.0641,uuf250-019.cnf,64
fixed,64,250,1065,UNSAT,847947,1123092,33618569,13088,0,847946,10.72,14.93,826670,31,80.5204,uuf250-02.cnf,64
fixed,64,250,1065,UNSAT,1576713,2090184,60855926,24330,0,1576712,10.99,15.13,1534433,36,184.2341,uuf250-020.cnf,64
fixed,64,250,1065,UNSAT,960588,1272774,39405580,14822,0,960587,10.52,14.90,940768,34,92.3567,uuf250-021.cnf,64
fixed,64,250,1065,UNSAT,544251,709643,21455402,8399,0,544250,10.65,14.71,528478,34,46.3092,uuf250-023.cnf,64
fixed,64,250,1065,UNSAT,213422,279242,8941145,3295,0,213421,9.62,13.83,201256,40,12.1463,uuf250-024.cnf,64
fixed,64,250,1065,UNSAT,857706,1128479,35286686,13231,0,857705,10.59,14.94,826672,34,79.3855,uuf250-025.cnf,64
fixed,64,250,1065,UNSAT,170493,224922,7213956,2630,0,170492,9.84,14.27,157016,35,9.3411,uuf250-026.cnf,64
fixed,64,250,1065,UNSAT,1373092,1806045,55014641,21183,0,1373091,10.90,15.41,1347228,33,158.5213,uuf250-027.cnf,64
fixed,64,250,1065,UNSAT,1263751,1665149,49898231,19502,0,1263750,10.95,15.30,1229180,32,145.1356,uuf250-028.cnf,64
fixed,64,250,1065,UNSAT,346708,452465,14242808,5351,0,346707,10.18,14.52,335515,33,24.8017,uuf250-029.cnf,64
fixed,64,250,1065,UNSAT,795075,1041585,32321264,12265,0,795074,10.55,14.94,764771,31,75.2503,uuf250-03.cnf,64
fixed,64,250,1065,UNSAT,404301,534785,16022749,6238,0,404300,10.29,14.34,387759,30,29.0718,uuf250-030.cnf,64
fixed,64,250,1065,UNSAT,1033410,1369176,43011914,15947,0,1033409,10.94,15.23,1009278,37,99.7801,uuf250-031.cnf,64
fixed,64,250,1065,UNSAT,1100747,1436354,42708179,16990,0,1100746,10.60,14.68,1080178,31,117.4326,uuf250-032.cnf,64
fixed,64,250,1065,UNSAT,1653578,2188101,66041177,25514,0,1653577,11.01,15.54,1621532,34,204.5097,uuf250-034.cnf,64
fixed,64,250,1065,UNSAT,253352,334399,10382529,3911,0,253351,9.97,14.20,242260,33,15.7453,uuf250-036.cnf,64
fixed,64,250,1065,UNSAT,340921,443768,13638742,5262,0,340920,10.07,13.95,325507,33,23.4248,uuf250-037.cnf,64
fixed,64,250,1065,UNSAT,130250,170327,5463751,2011,0,130249,9.62,13.60,118154,29,6.5299,uuf250-038.cnf,64
fixed,64,250,1065,UNSAT,620204,807616,24809759,9571,0,620203,10.31,14.40,593473,31,52.8902,uuf250-039.cnf,64
fixed,64,250,1065,UNSAT,554084,731065,22185402,8551,0,554083,10.29,14.68,541166,33,44.7519,uuf250-04.cnf,64
fixed,64,250,1065,UNSAT,285936,370307,11392274,4411,0,285935,10.22,14.01,268666,33,19.0354,uuf250-040.cnf,64
fixed,64,250,1065,UNSAT,449870,596603,18775745,6941,0,449869,10.50,15.01,432269,33,33.2028,uuf250-041.cnf,64
fixed,64,250,1065,UNSAT,746515,975090,30170870,11520,0,746514,10.30,14.53,719915,36,67.2556,uuf250-042.cnf,64
fixed,64,250,1065,UNSAT,991192,1302129,39295638,15301,0,991191,10.86,15.00,957674,32,100.1567,uuf250-043.cnf,64
fixed,64,250,1065,UNSAT,599275,790359,24614047,9248,0,599274,10.45,14.83,580175,34,50.4826,uuf250-044.cnf,64
fixed,64,250,1065,UNSAT,292717,384520,12151602,4517,0,292716,10.04,14.23,277758,33,19.3063,uuf250-045.cnf,64
fixed,64,250,1065,UNSAT,2143154,2858866,83774957,33064,0,2143153,11.38,15.79,2093035,37,288.5492,uuf250-046.cnf,64
fixed,64,250,1065,UNSAT,443177,582728,18026850,6838,0,443176,10.26,14.29,420917,36,33.4974,uuf250-047.cnf,64
fixed,64,250,1065,UNSAT,129001,168796,5470550,1991,0,129000,9.61,13.73,118157,34,6.5476,uuf250-048.cnf,64
fixed,64,250,1065,UNSAT,309584,410595,13527038,4778,0,309583,10.43,14.91,296409,32,19.8432,uuf250-049.cnf,64
fixed,64,250,1065,UNSAT,248632,328040,10246116,3838,0,248631,9.79,14.11,233763,32,15.3937,uuf250-05.cnf,64
fixed,64,250,1065,UNSAT,585591,775606,23101497,9036,0,585590,10.42,14.63,567014,35,50.3348,uuf250-050.cnf,64
fixed,64,250,1065,UNSAT,1608235,2116970,64472788,24817,0,1608234,10.97,15.35,1577687,35,189.9479,uuf250-051.cnf,64
fixed,64,250,1065,UNSAT,788713,1033945,31170640,12171,0,788712,10.55,14.76,764779,34,75.3904,uuf250-052.cnf,64
fixed,64,250,1065,UNSAT,1006473,1336629,40045486,15531,0,1006472,10.77,15.14,974727,38,96.9523,uuf250-053.cnf,64
fixed,64,250,1065,UNSAT,1159884,1517979,47422694,17899,0,1159883,10.87,15.18,1134930,36,122.8404,uuf250-054.cnf,64
fixed,64,250,1065,UNSAT,96887,125605,3984272,1495,0,96886,9.08,13.03,89905,36,4.5181,uuf250-055.cnf,64
fixed,64,250,1065,UNSAT,822409,1076739,32925174,12687,0,822408,10.76,14.96,795433,34,76.8783,uuf250-056.cnf,64
fixed,64,250,1065,UNSAT,664359,882211,26788930,10249,0,664358,10.44,14.93,648166,34,56.4904,uuf250-057.cnf,64
fixed,64,250,1065,UNSAT,250387,327176,10092260,3863,0,250386,10.00,13.93,233762,29,15.9164,uuf250-059.cnf,64
fixed,64,250,1065,UNSAT,398510,525909,16314042,6150,0,398509,10.08,14.52,377013,32,29.1648,uuf250-06.cnf,64
fixed,64,250,1065,UNSAT,303574,399166,12439454,4683,0,303573,9.93,14.19,287008,31,20.4259,uuf250-060.cnf,64
fixed,64,250,1065,UNSAT,368125,484387,14817163,5681,0,368124,10.10,14.20,355962,35,25.9828,uuf250-062.cnf,64
fixed,64,250,1065,UNSAT,497455,657849,20630629,7678,0,497454,10.13,14.49,479160,34,38.1788,uuf250-063.cnf,64
fixed,64,250,1065,UNSAT,1054297,1381172,42078412,16264,0,1054296,10.69,15.14,1026767,35,111.5195,uuf250-064.cnf,64
fixed,64,250,1065,UNSAT,323980,421784,13149647,5000,0,323979,10.01,14.06,305956,31,22.8221,uuf250-065.cnf,64
fixed,64,250,1065,UNSAT,465927,617052,19617362,7190,0,465926,10.31,14.83,443767,34,35.1573,uuf250-067.cnf,64
fixed,64,250,1065,UNSAT,76111,98290,3256796,1173,0,76110,9.05,13.07,70003,29,3.3331,uuf250-068.cnf,64
fixed,64,250,1065,UNSAT,1994151,2630106,76144654,30775,0,1994150,10.90,15.08,1969542,34,272.0639,uuf250-069.cnf,64
fixed,64,250,1065,UNSAT,881556,1161240,34848931,13607,0,881555,10.76,15.00,858527,31,87.1619,uuf250-07.cnf,64
fixed,64,250,1065,UNSAT,1437147,1900971,58175398,22174,0,1437146,11.06,15.72,1408294,32,166.3938,uuf250-070.cnf,64
fixed,64,250,1065,UNSAT,2142682,2852999,83109767,33062,0,2142681,11.32,15.85,2093030,35,289.3358,uuf250-071.cnf,64
fixed,64,250,1065,UNSAT,763672,1001865,30381186,11785,0,763671,10.56,14.83,734728,35,71.9728,uuf250-072.cnf,64
fixed,64,250,1065,UNSAT,266565,351715,11398049,4114,0,266564,10.28,14.65,250918,35,16.4185,uuf250-073.cnf,64
fixed,64,250,1065,UNSAT,448373,590305,17895349,6918,0,448372,10.20,14.13,432261,31,32.4092,uuf250-074.cnf,64
fixed,64,250,1065,UNSAT,866923,1156619,35220451,13378,0,866922,10.86,15.34,842523,33,81.8847,uuf250-075.cnf,64
fixed,64,250,1065,UNSAT,496350,648452,19859904,7659,0,496349,10.20,14.17,479167,35,38.5769,uuf250-076.cnf,64
fixed,64,250,1065,UNSAT,970468,1274160,38677233,14976,0,970467,10.66,14.77,940771,33,95.6532,uuf250-078.cnf,64
fixed,64,250,1065,UNSAT,1121490,1471389,43979629,17306,0,1121489,10.79,15.09,1098276,35,124.9584,uuf250-079.cnf,64
fixed,64,250,1065,UNSAT,1046152,1368017,40427915,16148,0,1046151,10.72,14.91,1026774,32,111.7467,uuf250-08.cnf,64
fixed,64,250,1065,UNSAT,665702,875540,26903987,10273,0,665701,10.37,14.76,648179,34,57.6578,uuf250-080.cnf,64
fixed,64,250,1065,UNSAT,804139,1061768,31948290,12410,0,804138,10.38,14.48,780024,36,74.8819,uuf250-081.cnf,64
fixed,64,250,1065,UNSAT,790241,1040079,31759054,12195,0,790240,10.63,15.02,764782,32,73.9715,uuf250-082.cnf,64
fixed,64,250,1065,UNSAT,142575,187338,6146356,2200,0,142574,9.59,14.15,130508,30,7.3325,uuf250-083.cnf,64
fixed,64,250,1065,UNSAT,319796,420108,13562125,4935,0,319795,10.22,14.66,305960,32,21.4822,uuf250-084.cnf,64
fixed,64,250,1065,UNSAT,520627,683832,20931398,8035,0,520626,10.23,14.42,503516,32,40.8521,uuf250-085.cnf,64
fixed,64,250,1065,UNSAT,302300,395513,12392687,4665,0,302299,9.78,13.88,287009,33,19.4721,uuf250-086.cnf,64
fixed,64,250,1065,UNSAT,1286120,1703124,50177122,19848,0,1286119,11.06,15.27,1248487,35,142.9320,uuf250-088.cnf,64
fixed,64,250,1065,UNSAT,1426971,1865321,56419942,22023,0,1426970,10.86,15.23,1387784,31,170.0052,uuf250-089.cnf,64
fixed,64,250,1065,UNSAT,74075,95927,3082976,1143,0,74074,8.90,12.94,65405,32,3.3202,uuf250-090.cnf,64
fixed,64,250,1065,UNSAT,904412,1194639,36555362,13960,0,904411,10.79,15.36,874670,33,87.6431,uuf250-091.cnf,64
fixed,64,250,1065,UNSAT,2038725,2714787,79097952,31463,0,2038724,11.16,15.55,1993933,36,279.5445,uuf250-092.cnf,64
fixed,64,250,1065,UNSAT,396686,525021,16345480,6123,0,396685,10.10,14.27,377008,34,28.5513,uuf250-093.cnf,64
fixed,64,250,1065,UNSAT,628624,826209,25214610,9699,0,628623,10.31,14.61,606922,32,53.7347,uuf250-094.cnf,64
fixed,64,250,1065,UNSAT,323331,424510,13024716,4989,0,323330,10.10,14.05,305962,37,21.9620,uuf250-095.cnf,64
fixed,64,250,1065,UNSAT,1070339,1402536,42360121,16520,0,1070338,10.76,15.04,1044421,35,116.5161,uuf250-096.cnf,64
fixed,64,250,1065,UNSAT,392150,513255,16114862,6051,0,392149,10.22,14.50,377013,38,28.5419,uuf250-097.cnf,64
fixed,64,250,1065,UNSAT,162170,212413,6870348,2502,0,162169,9.68,13.74,150163,33,8.7456,uuf250-098.cnf,64
fixed,64,250,1065,UNSAT,215529,281478,8875593,3326,0,215528,9.62,13.78,201260,33,12.6316,uuf250-099.cnf,64
fixed,119,250,1065,UNSAT,865952,1071352,35745233,7227,0,865951,10.55,15.09,842527,33,79.9166,uuf250-01.cnf,119
fixed,119,250,1065,UNSAT,369269,458481,15305621,3082,0,369268,10.05,14.61,355966,31,25.0795,uuf250-010.cnf,119
fixed,119,250,1065,UNSAT,1666647,2056893,64751753,13912,0,1666646,10.36,14.70,1643687,34,203.7409,uuf250-0100.cnf,119
fixed,119,250,1065,UNSAT,890104,1106558,36050553,7430,0,890103,10.40,14.93,858526,35,83.6611,uuf250-011.cnf,119
fixed,119,250,1065,UNSAT,614743,761779,25153995,5132,0,614742,10.41,14.73,593475,31,49.7425,uuf250-012.cnf,119
fixed,119,250,1065,UNSAT,497358,617416,19869352,4151,0,497357,10.10,14.56,479169,32,38.6073,uuf250-013.cnf,119
fixed,119,250,1065,UNSAT,450288,558323,18684969,3758,0,450287,9.93,14.69,432271,32,33.8338,uuf250-014.cnf,119
fixed,119,250,1065,UNSAT,1139650,1408769,45096997,9514,0,1139649,10.59,15.13,1116521,38,121.8584,uuf250-015.cnf,119
fixed,119,250,1065,UNSAT,332755,411912,13473485,2778,0,332754,9.98,14.33,315669,31,22.9967,uuf250-016.cnf,119
fixed,119,250,1065,UNSAT,841994,1044595,33155899,7028,0,841993,10.13,14.62,810967,32,80.4312,uuf250-017.cnf,119
fixed,119,250,1065,UNSAT,764397,941880,31177928,6382,0,764396,10.55,14.87,734726,32,66.6489,uuf250-018.cnf,119
fixed,119,250,1065,UNSAT,683994,838775,27810976,5709,0,683993,10.47,15.07,662216,34,61.4623,uuf250-019.cnf,119
fixed,119,250,1065,UNSAT,719746,892437,28663597,6009,0,719745,10.42,14.80,690770,31,64.0139,uuf250-02.cnf,119
fixed,119,250,1065,UNSAT,1281872,1592454,50131159,10700,0,1281871,10.79,15.13,1248482,32,135.5478,uuf250-020.cnf,119
fixed,119,250,1065,UNSAT,795191,990915,32943988,6636,0,795190,10.22,14.82,764775,33,69.3041,uuf250-021.cnf,119
fixed,119,250,1065,UNSAT,1721026,2127462,68565430,14366,0,1721025,11.09,15.52,1688443,33,211.1827,uuf250-022.cnf,119
fixed,119,250,1065,UNSAT,356704,438360,14315215,2977,0,356703,10.25,14.53,345663,34,25.5532,uuf250-023.cnf,119
fixed,119,250,1065,UNSAT,180311,223479,7625520,1505,0,180310,9.36,13.74,171163,40,9.6129,uuf250-024.cnf,119
fixed,119,250,1065,UNSAT,810423,1003098,33361810,6765,0,810422,10.47,14.96,780018,33,73.0221,uuf250-025.cnf,119
fixed,119,250,1065,UNSAT,177458,220661,7433907,1481,0,177457,9.73,14.30,164006,32,9.8528,uuf250-026.cnf,119
fixed,119,250,1065,UNSAT,1003358,1237567,40560271,8375,0,1003357,10.58,15.30,974732,32,101.0104,uuf250-027.cnf,119
fixed,119,250,1065,UNSAT,913357,1129303,36569527,7623,0,913356,10.66,15.21,890967,33,91.9742,uuf250-028.cnf,119
fixed,119,250,1065,UNSAT,253693,312246,10489681,2117,0,253692,9.77,14.30,242260,31,16.1893,uuf250-029.cnf,119
fixed,119,250,1065,UNSAT,699717,859541,28545032,5841,0,699716,10.30,14.92,676424,31,63.1745,uuf250-03.cnf,119
fixed,119,250,1065,UNSAT,276495,345566,11082199,2308,0,276494,9.99,14.25,259712,31,17.3477,uuf250-030.cnf,119
fixed,119,250,1065,UNSAT,895156,1114360,37708493,7471,0,895155,10.71,15.28,874677,37,79.9142,uuf250-031.cnf,119
fixed,119,250,1065,UNSAT,810489,995828,31965725,6765,0,810488,10.35,14.65,780017,33,75.5693,uuf250-032.cnf,119
fixed,119,250,1065,UNSAT,1359950,1685062,54945738,11351,0,1359949,10.79,15.58,1327184,40,154.2571,uuf250-034.cnf,119
fixed,119,250,1065,UNSAT,233784,291774,9632181,1951,0,233783,9.86,14.41,225410,35,14.0195,uuf250-036.cnf,119
fixed,119,250,1065,UNSAT,291300,357343,11677831,2431,0,291299,9.78,13.90,277758,33,18.9400,uuf250-037.cnf,119
fixed,119,250,1065,UNSAT,115774,143631,4880388,966,0,115773,9.32,13.58,106407,32,5.5707,uuf250-038.cnf,119
fixed,119,250,1065,UNSAT,474737,584000,19234809,3963,0,474736,10.02,14.36,455419,30,36.3126,uuf250-039.cnf,119
fixed,119,250,1065,UNSAT,478163,594777,19200318,3991,0,478162,10.12,14.71,455417,33,36.3704,uuf250-04.cnf,119
fixed,119,250,1065,UNSAT,149196,182719,6131744,1245,0,149195,9.68,13.78,136906,30,7.8414,uuf250-040.cnf,119
fixed,119,250,1065,UNSAT,396375,496582,16606706,3309,0,396374,10.36,15.06,377016,35,27.7526,uuf250-041.cnf,119
fixed,119,250,1065,UNSAT,546142,670329,22305885,4558,0,546141,10.00,14.38,528472,31,44.1631,uuf250-042.cnf,119
fixed,119,250,1065,UNSAT,810759,999488,32448632,6768,0,810758,10.54,14.95,780019,31,74.4762,uuf250-043.cnf,119
fixed,119,250,1065,UNSAT,495649,615735,20371973,4137,0,495648,10.15,14.77,479173,32,38.7508,uuf250-044.cnf,119
fixed,119,250,1065,UNSAT,299888,371529,12502761,2503,0,299887,9.92,14.37,287017,31,19.6154,uuf250-045.cnf,119
fixed,119,250,1065,UNSAT,2157141,2688335,84660291,18004,0,2157140,11.20,15.90,2118197,37,288.8653,uuf250-046.cnf,119
fixed,119,250,1065,UNSAT,344221,426950,14223743,2873,0,344220,10.05,14.34,325513,36,23.1854,uuf250-047.cnf,119
fixed,119,250,1065,UNSAT,163568,200517,6912109,1365,0,163567,9.70,13.99,150165,34,9.0265,uuf250-048.cnf,119
fixed,119,250,1065,UNSAT,258112,321941,11376385,2154,0,258111,10.14,14.90,242258,34,15.5533,uuf250-049.cnf,119
fixed,119,250,1065,UNSAT,221205,275162,9104056,1846,0,221204,9.57,14.12,209162,31,13.0040,uuf250-05.cnf,119
fixed,119,250,1065,UNSAT,582722,726116,22981663,4863,0,582721,10.37,14.82,567015,31,49.3474,uuf250-050.cnf,119
fixed,119,250,1065,UNSAT,1002448,1239206,41010022,8367,0,1002447,10.48,15.06,974730,32,97.5937,uuf250-051.cnf,119
fixed,119,250,1065,UNSAT,695836,857520,27608979,5808,0,695835,10.35,14.78,676421,31,62.6290,uuf250-052.cnf,119
fixed,119,250,1065,UNSAT,853856,1066210,34213457,7128,0,853855,10.50,15.15,826684,38,77.6843,uuf250-053.cnf,119
fixed,119,250,1065,UNSAT,920546,1130457,38173325,7684,0,920545,10.61,15.14,890972,32,87.4792,uuf250-054.cnf,119
fixed,119,250,1065,UNSAT,83727,102484,3467946,698,0,83726,8.84,13.05,74753,36,3.6728,uuf250-055.cnf,119
fixed,119,250,1065,UNSAT,564288,695339,23029565,4710,0,564287,10.36,14.83,541164,33,45.4008,uuf250-056.cnf,119
fixed,119,250,1065,UNSAT,571280,714522,23287884,4768,0,571279,10.25,14.99,554021,31,45.5161,uuf250-057.cnf,119
fixed,119,250,1065,UNSAT,205324,253528,8333571,1714,0,205323,9.68,13.87,193508,30,12.0983,uuf250-059.cnf,119
fixed,119,250,1065,UNSAT,450904,562146,18350888,3764,0,450903,10.21,14.83,432264,32,34.8074,uuf250-06.cnf,119
fixed,119,250,1065,UNSAT,247573,306776,10255541,2066,0,247572,9.74,14.20,233759,34,15.2009,uuf250-060.cnf,119
fixed,119,250,1065,UNSAT,361101,448913,14516721,3015,0,361100,10.03,14.37,345666,31,25.1205,uuf250-062.cnf,119
fixed,119,250,1065,UNSAT,540762,671113,22478735,4513,0,540761,10.12,14.83,515919,34,42.5023,uuf250-063.cnf,119
fixed,119,250,1065,UNSAT,965194,1188591,38935598,8056,0,965193,10.54,15.27,940768,34,96.8627,uuf250-064.cnf,119
fixed,119,250,1065,UNSAT,284961,348379,11706254,2379,0,284960,9.79,14.11,268659,30,18.8490,uuf250-065.cnf,119
fixed,119,250,1065,UNSAT,486067,605023,20382211,4056,0,486066,10.31,14.97,467223,34,37.1532,uuf250-067.cnf,119
fixed,119,250,1065,UNSAT,72289,87963,3128526,603,0,72288,9.02,13.24,65406,29,3.1141,uuf250-068.cnf,119
fixed,119,250,1065,UNSAT,1570243,1942480,60877788,13108,0,1570242,10.67,15.11,1534434,32,190.9553,uuf250-069.cnf,119
fixed,119,250,1065,UNSAT,697923,862246,27983820,5824,0,697922,10.54,15.01,676417,32,62.8303,uuf250-07.cnf,119
fixed,119,250,1065,UNSAT,1110775,1376829,45335764,9270,0,1110774,10.75,15.63,1080184,33,116.2548,uuf250-070.cnf,119
fixed,119,250,1065,UNSAT,2075193,2579985,80653665,17319,0,2075192,11.18,15.92,2043196,34,275.3955,uuf250-071.cnf,119
fixed,119,250,1065,UNSAT,567704,702000,22816965,4737,0,567703,10.23,14.70,554012,33,47.5733,uuf250-072.cnf,119
fixed,119,250,1065,UNSAT,311487,385682,13135121,2600,0,311486,10.23,14.74,296418,32,20.4703,uuf250-073.cnf,119
fixed,119,250,1065,UNSAT,314522,389719,12776839,2625,0,314521,9.86,14.02,296408,29,20.1042,uuf250-074.cnf,119
fixed,119,250,1065,UNSAT,899364,1121921,36413342,7506,0,899363,10.72,15.35,874676,35,86.4517,uuf250-075.cnf,119
fixed,119,250,1065,UNSAT,332301,409953,13445402,2773,0,332300,9.84,14.03,315661,35,21.9483,uuf250-076.cnf,119
fixed,119,250,1065,UNSAT,790842,973170,31939741,6602,0,790841,10.42,14.78,764769,32,71.2345,uuf250-078.cnf,119
fixed,119,250,1065,UNSAT,769762,950254,30851138,6426,0,769761,10.37,14.96,749667,31,72.8789,uuf250-079.cnf,119
fixed,119,250,1065,UNSAT,697233,859430,27700125,5820,0,697232,10.37,14.86,676415,32,61.5892,uuf250-08.cnf,119
fixed,119,250,1065,UNSAT,697957,862716,27988113,5825,0,697956,10.29,14.81,676413,32,61.3270,uuf250-080.cnf,119
fixed,119,250,1065,UNSAT,846059,1049529,33601714,7061,0,846058,10.25,14.58,826672,33,79.5130,uuf250-081.cnf,119
fixed,119,250,1065,UNSAT,655371,811284,26566474,5471,0,655370,10.37,14.99,634273,31,56.3007,uuf250-082.cnf,119
fixed,119,250,1065,UNSAT,136859,169963,5897813,1142,0,136858,9.58,14.30,130509,31,7.0688,uuf250-083.cnf,119
fixed,119,250,1065,UNSAT,221890,275768,9558492,1852,0,221889,10.04,14.68,209165,31,13.0874,uuf250-084.cnf,119
fixed,119,250,1065,UNSAT,537983,664276,21602192,4491,0,537982,10.18,14.63,515914,32,42.5655,uuf250-085.cnf,119
fixed,119,250,1065,UNSAT,244331,301737,10124432,2038,0,244330,9.44,13.72,233764,29,14.5067,uuf250-086.cnf,119
fixed,119,250,1065,UNSAT,1220124,1507915,47589216,10186,0,1220123,10.74,15.15,1191022,33,129.3710,uuf250-088.cnf,119
fixed,119,250,1065,UNSAT,991286,1219918,39826243,8275,0,991285,10.59,15.27,957678,31,101.4948,uuf250-089.cnf,119
fixed,119,250,1065,UNSAT,2143754,2646207,85776430,17894,0,2143753,11.01,15.59,2118192,33,284.4799,uuf250-09.cnf,119
fixed,119,250,1065,UNSAT,55857,68504,2366243,466,0,55856,8.73,13.14,48508,32,2.3292,uuf250-090.cnf,119
fixed,119,250,1065,UNSAT,696901,865996,28538267,5816,0,696900,10.49,15.29,676415,34,60.6669,uuf250-091.cnf,119
fixed,119,250,1065,UNSAT,1843804,2294650,71735660,15390,0,1843803,10.90,15.50,1802936,34,241.4543,uuf250-092.cnf,119
fixed,119,250,1065,UNSAT,302763,378464,12527168,2526,0,302762,9.76,14.13,287021,33,19.6317,uuf250-093.cnf,119
fixed,119,250,1065,UNSAT,455225,562892,18512666,3800,0,455224,10.02,14.50,432267,38,34.5026,uuf250-094.cnf,119
fixed,119,250,1065,UNSAT,233847,289518,9494280,1952,0,233846,9.71,13.91,225410,37,14.2750,uuf250-095.cnf,119
fixed,119,250,1065,UNSAT,1102504,1353223,43717406,9203,0,1102503,10.57,15.13,1080177,34,119.0293,uuf250-096.cnf,119
fixed,119,250,1065,UNSAT,243900,302169,10253268,2035,0,243899,9.79,14.44,233758,38,14.7441,uuf250-097.cnf,119
fixed,119,250,1065,UNSAT,114018,140840,4858449,951,0,114017,9.28,13.49,106405,33,5.6107,uuf250-098.cnf,119
fixed,119,250,1065,UNSAT,221254,273153,9079658,1847,0,221253,9.57,13.95,209161,33,13.2385,uuf250-099.cnf,119
fixed,173,250,1065,UNSAT,697614,845731,29084641,4014,0,697613,10.42,15.09,676416,34,58.5307,uuf250-01.cnf,173
fixed,173,250,1065,UNSAT,323188,391652,13480766,1859,0,323187,9.95,14.63,305960,30,21.0995,uuf250-010.cnf,173
fixed,173,250,1065,UNSAT,1248624,1510603,49199599,7184,0,1248623,10.16,14.62,1229181,34,134.0427,uuf250-0100.cnf,173
fixed,173,250,1065,UNSAT,643117,782280,26386436,3700,0,643116,10.06,14.70,620513,30,52.7131,uuf250-011.cnf,173
fixed,173,250,1065,UNSAT,417724,506840,17455990,2403,0,417723,10.17,14.69,398672,30,29.3745,uuf250-012.cnf,173
fixed,173,250,1065,UNSAT,324290,394129,13183238,1866,0,324289,9.73,14.36,305960,30,21.5009,uuf250-013.cnf,173
fixed,173,250,1065,UNSAT,436863,530640,18368772,2513,0,436862,9.80,14.71,420911,32,32.0716,uuf250-014.cnf,173
fixed,173,250,1065,UNSAT,1116083,1345880,44215863,6421,0,1116082,10.53,15.13,1080170,38,116.7899,uuf250-015.cnf,173
fixed,173,250,1065,UNSAT,308347,372186,12456512,1774,0,308346,9.85,14.24,296416,29,20.6431,uuf250-016.cnf,173
fixed,173,250,1065,UNSAT,713400,865590,28399493,4104,0,713399,9.96,14.60,690768,33,64.1642,uuf250-017.cnf,173
fixed,173,250,1065,UNSAT,670578,810420,27564555,3858,0,670577,10.43,14.94,648169,32,55.4233,uuf250-018.cnf,173
fixed,173,250,1065,UNSAT,597886,716882,24567661,3440,0,597885,10.30,15.04,580167,32,50.4544,uuf250-019.cnf,173
fixed,173,250,1065,UNSAT,631605,764449,25461737,3633,0,631604,10.25,14.83,606927,33,53.1853,uuf250-02.cnf,173
fixed,173,250,1065,UNSAT,1150007,1396302,45197659,6617,0,1150006,10.56,15.05,1116527,33,116.7748,uuf250-020.cnf,173
fixed,173,250,1065,UNSAT,658718,801328,27582587,3789,0,658717,10.17,14.85,634270,36,54.1171,uuf250-021.cnf,173
fixed,173,250,1065,UNSAT,1411118,1703712,56769609,8120,0,1411117,10.87,15.44,1387770,32,160.7162,uuf250-022.cnf,173
fixed,173,250,1065,UNSAT,258208,310168,10535495,1485,0,258207,9.94,14.36,242260,34,16.5598,uuf250-023.cnf,173
fixed,173,250,1065,UNSAT,157176,190339,6653264,904,0,157175,9.13,13.65,150160,40,8.2082,uuf250-024.cnf,173
fixed,173,250,1065,UNSAT,596300,721865,24897880,3431,0,596299,10.22,14.84,580167,35,47.6301,uuf250-025.cnf,173
fixed,173,250,1065,UNSAT,143251,174082,6036388,824,0,143250,9.44,14.06,130513,31,7.4278,uuf250-026.cnf,173
fixed,173,250,1065,UNSAT,819661,987859,33426647,4715,0,819660,10.37,15.20,795421,31,76.5439,uuf250-027.cnf,173
fixed,173,250,1065,UNSAT,910701,1100304,36571616,5239,0,910700,10.53,15.21,890969,34,90.1162,uuf250-028.cnf,173
fixed,173,250,1065,UNSAT,277027,334319,11364534,1594,0,277026,9.80,14.40,259710,31,18.3631,uuf250-029.cnf,173
fixed,173,250,1065,UNSAT,529133,638268,21908090,3044,0,529132,10.12,14.86,515917,33,42.4208,uuf250-03.cnf,173
fixed,173,250,1065,UNSAT,234840,287103,9531852,1351,0,234839,9.73,14.17,225408,29,13.8610,uuf250-030.cnf,173
fixed,173,250,1065,UNSAT,619940,755837,26457842,3566,0,619939,10.40,15.16,593477,37,48.6508,uuf250-031.cnf,173
fixed,173,250,1065,UNSAT,539165,648810,21677949,3102,0,539164,10.03,14.53,515914,30,43.0968,uuf250-032.cnf,173
fixed,173,250,1065,UNSAT,1391537,1682085,56122640,8007,0,1391536,10.61,15.54,1367432,33,157.6311,uuf250-034.cnf,173
fixed,173,250,1065,UNSAT,220911,268212,9146242,1271,0,220910,9.80,14.39,209162,32,12.9471,uuf250-036.cnf,173
fixed,173,250,1065,UNSAT,241936,291368,9732307,1392,0,241935,9.65,13.95,225410,33,14.9111,uuf250-037.cnf,173
fixed,173,250,1065,UNSAT,104007,125622,4405182,598,0,104006,9.27,13.67,95258,28,4.8616,uuf250-038.cnf,173
fixed,173,250,1065,UNSAT,353083,425879,14549152,2031,0,353082,9.75,14.30,335515,31,24.1763,uuf250-039.cnf,173
fixed,173,250,1065,UNSAT,455187,552049,18300292,2619,0,455186,9.98,14.69,432266,32,33.9171,uuf250-04.cnf,173
fixed,173,250,1065,UNSAT,137543,164817,5678343,791,0,137542,9.56,13.85,130502,29,7.0675,uuf250-040.cnf,173
fixed,173,250,1065,UNSAT,373365,456232,15702664,2148,0,373364,10.26,15.07,355964,33,25.3539,uuf250-041.cnf,173
fixed,173,250,1065,UNSAT,512556,616629,21019000,2948,0,512555,10.04,14.66,491270,30,40.1254,uuf250-042.cnf,173
fixed,173,250,1065,UNSAT,644928,779516,26233469,3711,0,644927,10.39,14.98,620518,32,53.5260,uuf250-043.cnf,173
fixed,173,250,1065,UNSAT,372192,452388,15549401,2141,0,372191,9.93,14.72,355960,30,25.9342,uuf250-044.cnf,173
fixed,173,250,1065,UNSAT,241322,292807,10086643,1388,0,241321,9.73,14.23,225409,30,14.6586,uuf250-045.cnf,173
fixed,173,250,1065,UNSAT,1712173,2085230,67947257,9850,0,1712172,11.02,15.84,1688441,33,206.5551,uuf250-046.cnf,173
fixed,173,250,1065,UNSAT,323227,392708,13373847,1859,0,323226,10.11,14.53,305960,36,21.0509,uuf250-047.cnf,173
fixed,173,250,1065,UNSAT,105029,126963,4482719,604,0,105028,9.22,13.55,95258,34,5.0657,uuf250-048.cnf,173
fixed,173,250,1065,UNSAT,238555,290142,10578667,1372,0,238554,10.03,14.99,225413,30,13.9254,uuf250-049.cnf,173
fixed,173,250,1065,UNSAT,236881,287922,9782984,1363,0,236880,9.55,14.15,225411,33,14.2078,uuf250-05.cnf,173
fixed,173,250,1065,UNSAT,467458,569062,18656900,2689,0,467457,10.08,14.64,455407,31,36.2605,uuf250-050.cnf,173
fixed,173,250,1065,UNSAT,920545,1110390,37760605,5296,0,920544,10.37,15.09,890970,30,86.7326,uuf250-051.cnf,173
fixed,173,250,1065,UNSAT,514803,621899,20698057,2961,0,514802,10.11,14.68,491263,33,41.8118,uuf250-052.cnf,173
fixed,173,250,1065,UNSAT,802906,978770,32425315,4619,0,802905,10.39,15.18,780016,38,71.2622,uuf250-053.cnf,173
fixed,173,250,1065,UNSAT,715386,862832,30021656,4116,0,715385,10.45,15.15,690775,32,60.4349,uuf250-054.cnf,173
fixed,173,250,1065,UNSAT,84464,102130,3459556,486,0,84463,8.86,13.21,74757,36,3.7660,uuf250-055.cnf,173
fixed,173,250,1065,UNSAT,449853,542746,18517718,2587,0,449852,10.18,14.79,432260,33,33.0800,uuf250-056.cnf,173
fixed,173,250,1065,UNSAT,414698,507566,17089505,2385,0,414697,9.97,14.85,398664,30,29.4763,uuf250-057.cnf,173
fixed,173,250,1065,UNSAT,150131,180891,6214951,863,0,150130,9.42,13.82,143457,29,8.0038,uuf250-059.cnf,173
fixed,173,250,1065,UNSAT,307903,375770,12730735,1771,0,307902,9.83,14.60,296415,32,20.5227,uuf250-06.cnf,173
fixed,173,250,1065,UNSAT,223674,271344,9303685,1286,0,223673,9.56,14.10,209161,30,13.2519,uuf250-060.cnf,173
fixed,173,250,1065,UNSAT,219865,268400,9053460,1265,0,219864,9.65,14.17,209164,31,12.7298,uuf250-062.cnf,173
fixed,173,250,1065,UNSAT,363585,442357,15291314,2092,0,363584,9.81,14.52,345662,30,24.7680,uuf250-063.cnf,173
fixed,173,250,1065,UNSAT,687333,828218,28098491,3954,0,687332,10.19,15.07,662220,34,59.9733,uuf250-064.cnf,173
fixed,173,250,1065,UNSAT,212068,255103,8761312,1220,0,212067,9.47,13.92,201260,29,12.6280,uuf250-065.cnf,173
fixed,173,250,1065,UNSAT,476397,579643,20001107,2741,0,476396,10.13,14.88,455415,34,35.6962,uuf250-067.cnf,173
fixed,173,250,1065,UNSAT,58212,69725,2533949,334,0,58211,8.72,13.10,52505,31,2.3628,uuf250-068.cnf,173
fixed,173,250,1065,UNSAT,2085925,2515100,80605077,12002,0,2085924,10.44,15.10,2043185,35,284.5605,uuf250-069.cnf,173
fixed,173,250,1065,UNSAT,675931,814297,27023445,3889,0,675930,10.44,15.02,648167,30,59.5782,uuf250-07.cnf,173
fixed,173,250,1065,UNSAT,1034552,1254304,42398915,5951,0,1034551,10.64,15.69,1009277,36,104.8469,uuf250-070.cnf,173
fixed,173,250,1065,UNSAT,1549698,1883368,61143153,8917,0,1549697,10.94,15.86,1513024,34,181.0296,uuf250-071.cnf,173
fixed,173,250,1065,UNSAT,523356,630521,21188009,3011,0,523355,10.07,14.75,503521,33,42.2249,uuf250-072.cnf,173
fixed,173,250,1065,UNSAT,223274,270608,9604051,1284,0,223273,9.81,14.47,209164,28,13.1132,uuf250-073.cnf,173
fixed,173,250,1065,UNSAT,314708,381349,12734043,1810,0,314707,9.77,14.06,296408,31,20.2377,uuf250-074.cnf,173
fixed,173,250,1065,UNSAT,658979,804671,27063230,3791,0,658978,10.50,15.33,634274,35,55.6136,uuf250-075.cnf,173
fixed,173,250,1065,UNSAT,345755,416489,14026003,1989,0,345754,9.75,14.01,335511,35,23.0996,uuf250-076.cnf,173
fixed,173,250,1065,UNSAT,743586,896412,30186298,4278,0,743585,10.32,14.80,719923,34,65.1037,uuf250-078.cnf,173
fixed,173,250,1065,UNSAT,704605,849652,28350271,4053,0,704604,10.18,14.85,676421,35,64.3112,uuf250-079.cnf,173
fixed,173,250,1065,UNSAT,675818,813740,26962577,3888,0,675817,10.19,14.77,648174,32,59.4616,uuf250-08.cnf,173
fixed,173,250,1065,UNSAT,566283,685177,22954934,3258,0,566282,10.02,14.67,541165,32,45.5919,uuf250-080.cnf,173
fixed,173,250,1065,UNSAT,645013,783258,25883779,3710,0,645012,10.08,14.60,620515,31,54.4725,uuf250-081.cnf,173
fixed,173,250,1065,UNSAT,605270,731587,24637476,3483,0,605269,10.24,14.97,580172,32,50.2635,uuf250-082.cnf,173
fixed,173,250,1065,UNSAT,123856,151175,5325557,712,0,123855,9.41,14.24,112210,32,6.1465,uuf250-083.cnf,173
fixed,173,250,1065,UNSAT,222819,269892,9588110,1282,0,222818,9.78,14.58,209156,30,13.0592,uuf250-084.cnf,173
fixed,173,250,1065,UNSAT,443375,535238,17942841,2551,0,443374,10.05,14.62,420910,31,32.3536,uuf250-085.cnf,173
fixed,173,250,1065,UNSAT,256286,309737,10568764,1474,0,256285,9.44,13.81,242266,34,15.3364,uuf250-086.cnf,173
fixed,173,250,1065,UNSAT,1634830,1981277,66314400,9406,0,1634829,10.72,15.53,1599534,32,191.3430,uuf250-087.cnf,173
fixed,173,250,1065,UNSAT,903824,1092502,35915435,5200,0,903823,10.50,15.08,874675,31,85.3023,uuf250-088.cnf,173
fixed,173,250,1065,UNSAT,806730,971244,32739347,4641,0,806729,10.38,15.17,780017,36,76.1298,uuf250-089.cnf,173
fixed,173,250,1065,UNSAT,1922176,2313956,77064112,11059,0,1922175,10.87,15.57,1897227,34,244.7253,uuf250-09.cnf,173
fixed,173,250,1065,UNSAT,49965,60312,2116819,287,0,49964,8.35,12.83,44656,32,1.9942,uuf250-090.cnf,173
fixed,173,250,1065,UNSAT,561328,681314,23147510,3229,0,561327,10.29,15.22,541169,32,44.2652,uuf250-091.cnf,173
fixed,173,250,1065,UNSAT,314147,383033,13091956,1807,0,314146,9.66,14.23,296419,32,20.5798,uuf250-093.cnf,173
fixed,173,250,1065,UNSAT,488476,590738,19875828,2810,0,488475,9.84,14.51,467218,32,37.7396,uuf250-094.cnf,173
fixed,173,250,1065,UNSAT,216279,261805,8827463,1244,0,216278,9.55,13.79,201256,37,12.5866,uuf250-095.cnf,173
fixed,173,250,1065,UNSAT,856050,1028749,34314961,4926,0,856049,10.32,15.01,826664,32,82.7170,uuf250-096.cnf,173
fixed,173,250,1065,UNSAT,249405,301918,10508468,1434,0,249404,9.72,14.38,233757,38,15.1038,uuf250-097.cnf,173
fixed,173,250,1065,UNSAT,115606,140142,4935110,665,0,115605,9.26,13.65,106409,33,5.6326,uuf250-098.cnf,173
fixed,173,250,1065,UNSAT,231304,279241,9473085,1330,0,231303,9.48,13.98,217212,33,14.0131,uuf250-099.cnf,173
fixed,228,250,1065,UNSAT,561419,673356,23507821,2453,0,561418,10.27,15.01,541162,31,43.5941,uuf250-01.cnf,228
fixed,228,250,1065,UNSAT,212390,255246,9092143,928,0,212389,9.57,14.46,201256,30,11.7645,uuf250-010.cnf,228
fixed,228,250,1065,UNSAT,905027,1081520,36112623,3955,0,905026,9.95,14.57,874670,33,85.6734,uuf250-0100.cnf,228
fixed,228,250,1065,UNSAT,620299,744308,25434364,2711,0,620298,10.02,14.80,593466,30,49.9983,uuf250-011.cnf,228
fixed,228,250,1065,UNSAT,406828,487672,16973187,1778,0,406827,10.03,14.64,387767,32,28.2651,uuf250-012.cnf,228
fixed,228,250,1065,UNSAT,322107,385545,13122843,1407,0,322106,9.65,14.30,305965,30,21.2653,uuf250-013.cnf,228
fixed,228,250,1065,UNSAT,369187,442867,15445008,1613,0,369186,9.56,14.42,355963,31,25.2943,uuf250-014.cnf,228
fixed,228,250,1065,UNSAT,739659,881794,29739762,3233,0,739658,10.27,14.99,719922,38,65.8054,uuf250-015.cnf,228
fixed,228,250,1065,UNSAT,266428,318352,10877424,1164,0,266427,9.79,14.31,250908,31,16.7637,uuf250-016.cnf,228
fixed,228,250,1065,UNSAT,567338,680219,22801233,2479,0,567337,9.78,14.49,554020,34,46.7135,uuf250-017.cnf,228
fixed,228,250,1065,UNSAT,646834,770228,26599486,2827,0,646833,10.25,14.73,620514,32,52.5016,uuf250-018.cnf,228
fixed,228,250,1065,UNSAT,570350,674830,23450705,2492,0,570349,10.22,15.03,554019,32,47.0241,uuf250-019.cnf,228
fixed,228,250,1065,UNSAT,479421,575105,19528382,2095,0,479420,10.08,14.79,467219,31,36.2368,uuf250-02.cnf,228
fixed,228,250,1065,UNSAT,773576,930298,30859273,3380,0,773575,10.39,14.96,749669,37,66.7932,uuf250-020.cnf,228
fixed,228,250,1065,UNSAT,534962,643358,22622426,2338,0,534961,10.09,14.94,515913,32,40.4763,uuf250-021.cnf,228
fixed,228,250,1065,UNSAT,1400069,1668183,56355298,6118,0,1400068,10.81,15.47,1367422,33,158.4561,uuf250-022.cnf,228
fixed,228,250,1065,UNSAT,274354,325625,11189042,1198,0,274353,9.88,14.39,259706,34,17.6428,uuf250-023.cnf,228
fixed,228,250,1065,UNSAT,157585,188838,6679816,688,0,157584,9.11,13.71,150159,40,8.2368,uuf250-024.cnf,228
fixed,228,250,1065,UNSAT,419324,502469,17824140,1832,0,419323,10.11,14.87,398660,30,29.3761,uuf250-025.cnf,228
fixed,228,250,1065,UNSAT,137590,166438,5867260,601,0,137589,9.42,14.29,130506,29,6.9804,uuf250-026.cnf,228
fixed,228,250,1065,UNSAT,708368,843273,29204172,3096,0,708367,10.26,15.20,690769,32,62.3300,uuf250-027.cnf,228
fixed,228,250,1065,UNSAT,658997,787453,26872193,2880,0,658996,10.32,15.10,634274,32,57.1376,uuf250-028.cnf,228
fixed,228,250,1065,UNSAT,169658,202945,7142485,741,0,169657,9.35,14.20,157007,28,9.3959,uuf250-029.cnf,228
fixed,228,250,1065,UNSAT,478838,569686,19907816,2093,0,478837,9.98,14.83,455411,34,36.7597,uuf250-03.cnf,228
fixed,228,250,1065,UNSAT,221699,267907,8933229,968,0,221698,9.64,14.15,209158,33,12.8291,uuf250-030.cnf,228
fixed,228,250,1065,UNSAT,675444,812750,28729067,2952,0,675443,10.48,15.28,648168,37,55.1499,uuf250-031.cnf,228
fixed,228,250,1065,UNSAT,460627,545933,18725587,2013,0,460626,9.83,14.40,443762,31,34.5517,uuf250-032.cnf,228
fixed,228,250,1065,UNSAT,2053770,2449667,79980531,8976,0,2053769,10.21,14.87,2018485,33,286.4111,uuf250-033.cnf,228
fixed,228,250,1065,UNSAT,1163395,1390886,47265511,5084,0,1163394,10.46,15.48,1134931,34,123.1061,uuf250-034.cnf,228
fixed,228,250,1065,UNSAT,188943,226874,7844397,825,0,188942,9.57,14.29,178462,30,10.6200,uuf250-036.cnf,228
fixed,228,250,1065,UNSAT,212415,253338,8623755,928,0,212414,9.46,13.74,201261,33,12.4560,uuf250-037.cnf,228
fixed,228,250,1065,UNSAT,74717,90033,3207045,326,0,74716,8.94,13.45,70004,28,3.1684,uuf250-038.cnf,228
fixed,228,250,1065,UNSAT,271581,324043,11190394,1187,0,271580,9.54,14.08,259713,30,16.9587,uuf250-039.cnf,228
fixed,228,250,1065,UNSAT,347659,416833,14230049,1519,0,347658,9.67,14.55,335520,34,23.4806,uuf250-04.cnf,228
fixed,228,250,1065,UNSAT,118528,140218,4930945,518,0,118527,9.41,13.78,112205,29,5.8415,uuf250-040.cnf,228
fixed,228,250,1065,UNSAT,298325,359585,12594001,1304,0,298324,9.97,14.86,287012,31,18.9031,uuf250-041.cnf,228
fixed,228,250,1065,UNSAT,500976,595883,20592702,2189,0,500975,9.94,14.62,479163,35,38.4376,uuf250-042.cnf,228
fixed,228,250,1065,UNSAT,495596,592081,20220469,2166,0,495595,10.04,14.67,479167,32,37.8787,uuf250-043.cnf,228
fixed,228,250,1065,UNSAT,353500,424036,14824974,1545,0,353499,9.87,14.73,335509,30,24.1062,uuf250-044.cnf,228
fixed,228,250,1065,UNSAT,245458,294910,10249059,1072,0,245457,9.75,14.35,233761,30,15.0696,uuf250-045.cnf,228
fixed,228,250,1065,UNSAT,1504968,1810918,60214896,6577,0,1504967,10.83,15.77,1470677,36,172.3983,uuf250-046.cnf,228
fixed,228,250,1065,UNSAT,279426,335358,11630811,1221,0,279425,9.87,14.42,268660,36,17.5241,uuf250-047.cnf,228
fixed,228,250,1065,UNSAT,89854,107321,3850193,392,0,89853,9.12,13.61,84709,34,4.1348,uuf250-048.cnf,228
fixed,228,250,1065,UNSAT,202228,243655,8932143,883,0,202227,9.78,14.73,193509,28,11.3174,uuf250-049.cnf,228
fixed,228,250,1065,UNSAT,176039,212246,7318056,769,0,176038,9.31,14.11,164011,33,9.5420,uuf250-05.cnf,228
fixed,228,250,1065,UNSAT,406244,488403,16268883,1775,0,406243,9.98,14.63,387767,35,29.7092,uuf250-050.cnf,228
fixed,228,250,1065,UNSAT,898295,1072629,37001736,3925,0,898294,10.27,15.07,874674,31,83.8104,uuf250-051.cnf,228
fixed,228,250,1065,UNSAT,498367,593812,20167849,2178,0,498366,10.03,14.71,479170,31,39.2454,uuf250-052.cnf,228
fixed,228,250,1065,UNSAT,702022,845253,28460081,3068,0,702021,10.21,15.09,676418,38,58.8314,uuf250-053.cnf,228
fixed,228,250,1065,UNSAT,651461,773098,27530061,2847,0,651460,10.31,15.10,634270,31,53.8745,uuf250-054.cnf,228
fixed,228,250,1065,UNSAT,69055,82647,2876880,301,0,69054,8.62,13.05,60957,36,2.8927,uuf250-055.cnf,228
fixed,228,250,1065,UNSAT,396929,472490,16447164,1734,0,396928,10.02,14.70,377017,32,27.7126,uuf250-056.cnf,228
fixed,228,250,1065,UNSAT,434585,524952,17876895,1899,0,434584,9.94,14.88,420913,34,31.1097,uuf250-057.cnf,228
fixed,228,250,1065,UNSAT,168743,201065,6927526,737,0,168742,9.43,13.88,157010,28,9.1516,uuf250-059.cnf,228
fixed,228,250,1065,UNSAT,323140,390281,13315549,1412,0,323139,9.76,14.70,305963,33,21.7860,uuf250-06.cnf,228
fixed,228,250,1065,UNSAT,189894,228078,7936889,829,0,189893,9.40,14.12,178461,31,10.6198,uuf250-060.cnf,228
fixed,228,250,1065,UNSAT,189236,228606,7836666,827,0,189235,9.49,14.12,178461,29,10.4639,uuf250-062.cnf,228
fixed,228,250,1065,UNSAT,369924,445536,15567379,1616,0,369923,9.61,14.57,355964,31,24.8357,uuf250-063.cnf,228
fixed,228,250,1065,UNSAT,586699,699831,24171614,2564,0,586698,10.06,14.99,567019,34,47.9426,uuf250-064.cnf,228
fixed,228,250,1065,UNSAT,155518,185603,6512998,679,0,155517,9.31,13.91,143456,29,8.3709,uuf250-065.cnf,228
fixed,228,250,1065,UNSAT,1983620,2372366,80465571,8668,0,1983619,10.33,15.55,1945292,35,260.6303,uuf250-066.cnf,228
fixed,228,250,1065,UNSAT,363798,437988,15403264,1590,0,363797,9.99,14.90,345670,34,24.9597,uuf250-067.cnf,228
fixed,228,250,1065,UNSAT,44140,52883,1938637,192,0,44139,8.49,13.05,37404,28,1.6791,uuf250-068.cnf,228
fixed,228,250,1065,UNSAT,1135464,1358874,44988008,4963,0,1135463,10.19,14.91,1116518,32,120.1617,uuf250-069.cnf,228
fixed,228,250,1065,UNSAT,628062,748832,25373131,2745,0,628061,10.27,15.01,606920,31,53.4798,uuf250-07.cnf,228
fixed,228,250,1065,UNSAT,888017,1062635,36681211,3881,0,888016,10.50,15.61,858523,33,84.9629,uuf250-070.cnf,228
fixed,228,250,1065,UNSAT,1231039,1478581,48842380,5380,0,1231038,10.74,15.77,1210030,33,131.6176,uuf250-071.cnf,228
fixed,228,250,1065,UNSAT,376556,450041,15522651,1645,0,376555,9.89,14.67,355964,33,26.6505,uuf250-072.cnf,228
fixed,228,250,1065,UNSAT,153204,184569,6643599,669,0,153203,9.53,14.43,143461,32,7.9402,uuf250-073.cnf,228
fixed,228,250,1065,UNSAT,258761,311042,10560141,1131,0,258760,9.61,14.00,242257,31,15.2190,uuf250-074.cnf,228
fixed,228,250,1065,UNSAT,516435,622545,21381430,2257,0,516434,10.26,15.11,503514,31,39.8924,uuf250-075.cnf,228
fixed,228,250,1065,UNSAT,343161,409373,13891995,1500,0,343160,9.69,14.09,325515,35,22.8861,uuf250-076.cnf,228
fixed,228,250,1065,UNSAT,694844,828122,28406387,3037,0,694843,10.20,14.81,676417,32,59.0381,uuf250-078.cnf,228
fixed,228,250,1065,UNSAT,483317,577277,19869763,2112,0,483316,10.01,14.90,467217,31,38.2141,uuf250-079.cnf,228
fixed,228,250,1065,UNSAT,466177,555724,18887668,2037,0,466176,9.90,14.57,443761,30,35.3078,uuf250-08.cnf,228
fixed,228,250,1065,UNSAT,487240,583727,19881169,2129,0,487239,9.87,14.63,467219,32,37.0114,uuf250-080.cnf,228
fixed,228,250,1065,UNSAT,603256,723325,24289271,2636,0,603255,9.93,14.45,580167,31,49.4356,uuf250-081.cnf,228
fixed,228,250,1065,UNSAT,520199,620200,21317248,2273,0,520198,10.09,14.92,503508,32,40.6963,uuf250-082.cnf,228
fixed,228,250,1065,UNSAT,114415,137447,4918340,500,0,114414,9.29,14.21,106407,30,5.5380,uuf250-083.cnf,228
fixed,228,250,1065,UNSAT,248441,297274,10550489,1085,0,248440,9.85,14.68,233761,33,15.1556,uuf250-084.cnf,228
fixed,228,250,1065,UNSAT,295797,353245,12197776,1292,0,295796,9.64,14.27,277766,29,18.9487,uuf250-085.cnf,228
fixed,228,250,1065,UNSAT,202255,242034,8403037,883,0,202254,9.18,13.71,193507,32,11.3345,uuf250-086.cnf,228
fixed,228,250,1065,UNSAT,1549980,1854714,63152252,6773,0,1549979,10.71,15.66,1513026,34,176.6338,uuf250-087.cnf,228
fixed,228,250,1065,UNSAT,852880,1017997,33956059,3727,0,852879,10.40,15.08,826684,33,78.4236,uuf250-088.cnf,228
fixed,228,250,1065,UNSAT,802555,952766,32749007,3508,0,802554,10.34,15.22,780025,30,74.3102,uuf250-089.cnf,228
fixed,228,250,1065,UNSAT,62879,75234,2655072,274,0,62878,8.66,13.22,56655,32,2.6865,uuf250-090.cnf,228
fixed,228,250,1065,UNSAT,530200,636518,21865356,2317,0,530199,10.16,15.09,515910,32,40.8732,uuf250-091.cnf,228
fixed,228,250,1065,UNSAT,1888048,2257599,74277661,8251,0,1888047,10.56,15.46,1849786,36,246.4789,uuf250-092.cnf,228
fixed,228,250,1065,UNSAT,284498,343218,11820602,1243,0,284497,9.55,14.11,268659,31,17.8101,uuf250-093.cnf,228
fixed,228,250,1065,UNSAT,297185,356918,12294531,1298,0,297184,9.60,14.29,287006,30,19.2366,uuf250-094.cnf,228
fixed,228,250,1065,UNSAT,163404,195457,6710057,714,0,163403,9.29,13.66,150156,37,8.7990,uuf250-095.cnf,228
fixed,228,250,1065,UNSAT,728060,865838,29477964,3182,0,728059,10.19,15.00,705266,31,66.1556,uuf250-096.cnf,228
fixed,228,250,1065,UNSAT,186754,223667,7902199,816,0,186753,9.58,14.30,178455,38,10.3759,uuf250-097.cnf,228
fixed,228,250,1065,UNSAT,87743,105656,3794575,383,0,87742,9.00,13.58,79654,33,3.9457,uuf250-098.cnf,228
fixed,228,250,1065,UNSAT,157359,187680,6572514,687,0,157358,9.18,13.79,150156,33,8.2919,uuf250-099.cnf,228
fixed,282,250,1065,UNSAT,465549,553673,19678867,1646,0,465548,10.06,14.85,443762,30,33.6039,uuf250-01.cnf,282
fixed,282,250,1065,UNSAT,241389,287935,10199581,853,0,241388,9.53,14.34,225408,32,14.1848,uuf250-010.cnf,282
fixed,282,250,1065,UNSAT,810402,963754,32615976,2865,0,810401,9.96,14.66,780027,31,72.9361,uuf250-0100.cnf,282
fixed,282,250,1065,UNSAT,731634,871368,29732278,2586,0,731633,10.19,14.96,705269,32,63.7005,uuf250-011.cnf,282
fixed,282,250,1065,UNSAT,436106,519213,18043946,1541,0,436105,10.01,14.60,420912,30,31.1104,uuf250-012.cnf,282
fixed,282,250,1065,UNSAT,348050,414406,14134324,1230,0,348049,9.72,14.49,335510,35,23.3556,uuf250-013.cnf,282
fixed,282,250,1065,UNSAT,364607,434433,15365636,1289,0,364606,9.63,14.69,345663,41,24.7951,uuf250-014.cnf,282
fixed,282,250,1065,UNSAT,711565,842179,28719578,2516,0,711564,10.26,15.09,690768,38,62.0098,uuf250-015.cnf,282
fixed,282,250,1065,UNSAT,202224,240808,8297941,715,0,202223,9.45,14.00,193509,29,11.4151,uuf250-016.cnf,282
fixed,282,250,1065,UNSAT,441528,527837,17890957,1561,0,441527,9.65,14.48,420911,30,33.0770,uuf250-017.cnf,282
fixed,282,250,1065,UNSAT,544370,644823,22551979,1925,0,544369,10.18,14.75,528465,33,41.4627,uuf250-018.cnf,282
fixed,282,250,1065,UNSAT,431578,507246,17914036,1526,0,431577,9.97,14.89,409718,33,32.4203,uuf250-019.cnf,282
fixed,282,250,1065,UNSAT,425187,505166,17343972,1503,0,425186,9.95,14.66,409714,34,30.7020,uuf250-02.cnf,282
fixed,282,250,1065,UNSAT,611887,731350,24727301,2163,0,611886,10.23,14.87,593467,32,48.0933,uuf250-020.cnf,282
fixed,282,250,1065,UNSAT,647438,773744,27197422,2289,0,647437,9.91,14.85,620516,32,52.6001,uuf250-021.cnf,282
fixed,282,250,1065,UNSAT,1250431,1481495,50595846,4421,0,1250430,10.64,15.37,1229175,34,135.2812,uuf250-022.cnf,282
fixed,282,250,1065,UNSAT,203789,240588,8434434,720,0,203788,9.68,14.38,193505,34,11.9123,uuf250-023.cnf,282
fixed,282,250,1065,UNSAT,129752,154774,5533068,458,0,129751,8.87,13.63,118158,40,6.3101,uuf250-024.cnf,282
fixed,282,250,1065,UNSAT,409828,487565,17353677,1449,0,409827,9.97,14.76,398660,37,28.4325,uuf250-025.cnf,282
fixed,282,250,1065,UNSAT,108537,130498,4632990,383,0,108536,9.17,14.10,100756,28,5.1275,uuf250-026.cnf,282
fixed,282,250,1065,UNSAT,652621,772544,26940420,2307,0,652620,10.11,15.13,634270,36,55.7046,uuf250-027.cnf,282
fixed,282,250,1065,UNSAT,661550,785220,26964106,2339,0,661549,10.28,15.17,634267,34,57.1397,uuf250-028.cnf,282
fixed,282,250,1065,UNSAT,159379,188819,6747907,563,0,159378,9.27,14.12,150159,29,8.6561,uuf250-029.cnf,282
fixed,282,250,1065,UNSAT,402334,475513,16901155,1422,0,402333,9.80,14.73,387770,31,29.1651,uuf250-03.cnf,282
fixed,282,250,1065,UNSAT,156029,187585,6367111,551,0,156028,9.40,13.99,143458,29,7.9666,uuf250-030.cnf,282
fixed,282,250,1065,UNSAT,622235,744001,26498627,2200,0,622234,10.36,15.24,606920,37,49.0864,uuf250-031.cnf,282
fixed,282,250,1065,UNSAT,376935,445358,15334154,1332,0,376934,9.70,14.31,366413,32,26.1597,uuf250-032.cnf,282
fixed,282,250,1065,UNSAT,1908240,2264426,74876244,6747,0,1908239,10.16,14.95,1873428,34,253.6544,uuf250-033.cnf,282
fixed,282,250,1065,UNSAT,989980,1177013,40679483,3500,0,989979,10.29,15.39,957672,33,97.0189,uuf250-034.cnf,282
fixed,282,250,1065,UNSAT,169239,202423,7063525,598,0,169238,9.52,14.27,157010,28,9.0838,uuf250-036.cnf,282
fixed,282,250,1065,UNSAT,239237,283104,9633584,846,0,239236,9.60,14.00,225407,33,14.4137,uuf250-037.cnf,282
fixed,282,250,1065,UNSAT,84082,100700,3576536,297,0,84081,9.05,13.65,74755,31,3.6788,uuf250-038.cnf,282
fixed,282,250,1065,UNSAT,267047,316318,11057245,944,0,267046,9.49,14.12,250909,29,16.6343,uuf250-039.cnf,282
fixed,282,250,1065,UNSAT,273551,326623,11253162,967,0,273550,9.56,14.44,259711,29,16.8540,uuf250-04.cnf,282
fixed,282,250,1065,UNSAT,92644,109798,3892709,327,0,92643,9.15,13.58,84705,29,4.2395,uuf250-040.cnf,282
fixed,282,250,1065,UNSAT,263562,316144,11233712,931,0,263561,9.91,14.89,250910,31,15.8764,uuf250-041.cnf,282
fixed,282,250,1065,UNSAT,434292,513068,17884366,1535,0,434291,9.77,14.45,420915,32,31.9811,uuf250-042.cnf,282
fixed,282,250,1065,UNSAT,473414,561529,19376212,1674,0,473413,10.06,14.79,455415,30,35.2787,uuf250-043.cnf,282
fixed,282,250,1065,UNSAT,311526,371575,13028209,1101,0,311525,9.83,14.69,296411,37,20.2351,uuf250-044.cnf,282
fixed,282,250,1065,UNSAT,175632,210606,7444329,621,0,175631,9.39,14.07,164009,33,9.4792,uuf250-045.cnf,282
fixed,282,250,1065,UNSAT,1554721,1858081,62701060,5497,0,1554720,10.65,15.68,1513026,34,179.2913,uuf250-046.cnf,282
fixed,282,250,1065,UNSAT,261574,312162,10935939,924,0,261573,9.76,14.37,250910,36,15.9265,uuf250-047.cnf,282
fixed,282,250,1065,UNSAT,98536,117134,4253411,348,0,98535,9.07,13.68,89906,34,4.5825,uuf250-048.cnf,282
fixed,282,250,1065,UNSAT,217621,260018,9601007,769,0,217620,9.88,14.89,209164,31,12.3756,uuf250-049.cnf,282
fixed,282,250,1065,UNSAT,178223,212960,7406571,630,0,178222,9.32,14.24,164015,31,9.7391,uuf250-05.cnf,282
fixed,282,250,1065,UNSAT,394442,471437,15930052,1394,0,394441,9.87,14.57,377019,32,28.4891,uuf250-050.cnf,282
fixed,282,250,1065,UNSAT,883215,1045693,36239615,3123,0,883214,10.29,15.16,858522,34,81.2869,uuf250-051.cnf,282
fixed,282,250,1065,UNSAT,439987,522750,17847327,1555,0,439986,10.07,14.83,420914,31,33.0779,uuf250-052.cnf,282
fixed,282,250,1065,UNSAT,632391,756272,25653162,2236,0,632390,10.12,15.06,606926,38,50.9926,uuf250-053.cnf,282
fixed,282,250,1065,UNSAT,634558,749353,26674492,2243,0,634557,10.24,15.09,620520,35,51.6785,uuf250-054.cnf,282
fixed,282,250,1065,UNSAT,63384,75376,2645016,224,0,63383,8.59,13.08,56652,36,2.5936,uuf250-055.cnf,282
fixed,282,250,1065,UNSAT,338844,401197,14080869,1198,0,338843,9.90,14.70,325517,29,22.5938,uuf250-056.cnf,282
fixed,282,250,1065,UNSAT,369268,443118,15301871,1305,0,369267,9.88,14.92,355965,31,25.0233,uuf250-057.cnf,282
fixed,282,250,1065,UNSAT,124130,147040,5151585,438,0,124129,9.19,13.60,118154,31,6.1811,uuf250-059.cnf,282
fixed,282,250,1065,UNSAT,272899,327670,11336171,964,0,272898,9.57,14.46,259719,34,17.3833,uuf250-06.cnf,282
fixed,282,250,1065,UNSAT,154648,184769,6517383,546,0,154647,9.18,13.91,143453,31,8.1061,uuf250-060.cnf,282
fixed,282,250,1065,UNSAT,194442,232966,8076936,687,0,194441,9.48,14.13,185916,32,10.9024,uuf250-062.cnf,282
fixed,282,250,1065,UNSAT,405162,483538,16999752,1432,0,405161,9.76,14.74,387762,32,28.4823,uuf250-063.cnf,282
fixed,282,250,1065,UNSAT,426170,504923,17766607,1506,0,426169,9.82,14.80,409714,34,30.8696,uuf250-064.cnf,282
fixed,282,250,1065,UNSAT,154387,182844,6518799,545,0,154386,9.33,14.01,143462,29,8.2724,uuf250-065.cnf,282
fixed,282,250,1065,UNSAT,1992867,2362582,80321420,7046,0,1992866,10.22,15.39,1945278,34,264.0404,uuf250-066.cnf,282
fixed,282,250,1065,UNSAT,341673,408393,14560558,1207,0,341672,9.86,14.84,325516,34,22.8620,uuf250-067.cnf,282
fixed,282,250,1065,UNSAT,48515,57600,2108414,171,0,48514,8.40,12.91,44654,28,1.8832,uuf250-068.cnf,282
fixed,282,250,1065,UNSAT,1073853,1274513,42635679,3797,0,1073852,10.07,14.85,1044421,31,112.3915,uuf250-069.cnf,282
fixed,282,250,1065,UNSAT,544117,643085,22033087,1924,0,544116,10.20,14.98,528465,33,43.9710,uuf250-07.cnf,282
fixed,282,250,1065,UNSAT,821975,976558,34035031,2906,0,821974,10.41,15.60,795428,34,76.0047,uuf250-070.cnf,282
fixed,282,250,1065,UNSAT,1295982,1542330,51500526,4582,0,1295981,10.69,15.76,1267921,35,142.3218,uuf250-071.cnf,282
fixed,282,250,1065,UNSAT,362640,430087,14925610,1282,0,362639,9.77,14.61,345669,33,25.3593,uuf250-072.cnf,282
fixed,282,250,1065,UNSAT,149994,179183,6474372,530,0,149993,9.60,14.49,136907,29,7.8133,uuf250-073.cnf,282
fixed,282,250,1065,UNSAT,231644,276103,9477745,819,0,231643,9.49,13.95,217206,30,13.3538,uuf250-074.cnf,282
fixed,282,250,1065,UNSAT,465257,557911,19397840,1645,0,465256,10.22,15.17,443763,33,34.4311,uuf250-075.cnf,282
fixed,282,250,1065,UNSAT,258581,306433,10588027,914,0,258580,9.45,13.88,242262,35,15.4970,uuf250-076.cnf,282
fixed,282,250,1065,UNSAT,479834,569687,19762594,1696,0,479833,9.96,14.60,467218,32,35.3475,uuf250-078.cnf,282
fixed,282,250,1065,UNSAT,457490,542352,18758562,1617,0,457489,9.91,14.74,443756,31,34.7872,uuf250-079.cnf,282
fixed,282,250,1065,UNSAT,373550,444356,15326809,1320,0,373549,9.75,14.50,355963,30,25.5586,uuf250-08.cnf,282
fixed,282,250,1065,UNSAT,436368,518019,17876506,1543,0,436367,9.79,14.60,420910,32,31.7288,uuf250-080.cnf,282
fixed,282,250,1065,UNSAT,553551,658505,22362411,1957,0,553550,9.89,14.45,528467,32,43.9341,uuf250-081.cnf,282
fixed,282,250,1065,UNSAT,409673,485899,16975940,1448,0,409672,9.88,14.68,398672,30,29.2559,uuf250-082.cnf,282
fixed,282,250,1065,UNSAT,101019,121093,4372501,357,0,101018,9.04,14.17,95254,31,4.7144,uuf250-083.cnf,282
fixed,282,250,1065,UNSAT,185479,221279,8029616,655,0,185478,9.56,14.57,171160,31,10.2119,uuf250-084.cnf,282
fixed,282,250,1065,UNSAT,349697,415420,14367656,1236,0,349696,9.72,14.49,335508,30,23.3924,uuf250-085.cnf,282
fixed,282,250,1065,UNSAT,176138,209749,7356982,622,0,176137,9.05,13.63,164011,28,9.4611,uuf250-086.cnf,282
fixed,282,250,1065,UNSAT,1403751,1669090,57567119,4963,0,1403750,10.51,15.56,1367432,35,153.4825,uuf250-087.cnf,282
fixed,282,250,1065,UNSAT,702245,833557,28295379,2483,0,702244,10.32,15.14,676421,30,60.4399,uuf250-088.cnf,282
fixed,282,250,1065,UNSAT,636657,752638,26233270,2251,0,636656,10.18,15.16,620524,31,54.4504,uuf250-089.cnf,282
fixed,282,250,1065,UNSAT,44845,53294,1907601,158,0,44844,8.35,12.87,40954,32,1.7357,uuf250-090.cnf,282
fixed,282,250,1065,UNSAT,349918,418693,14725107,1237,0,349917,9.91,15.03,335516,32,22.9773,uuf250-091.cnf,282
fixed,282,250,1065,UNSAT,1248165,1486054,49824889,4413,0,1248164,10.34,15.29,1210032,36,137.1320,uuf250-092.cnf,282
fixed,282,250,1065,UNSAT,235620,282313,9945623,833,0,235619,9.32,14.10,225412,33,13.7993,uuf250-093.cnf,282
fixed,282,250,1065,UNSAT,269340,321147,11139362,952,0,269339,9.50,14.25,259708,30,16.7708,uuf250-094.cnf,282
fixed,282,250,1065,UNSAT,145960,173467,6028251,516,0,145959,9.15,13.52,136909,37,7.4096,uuf250-095.cnf,282
fixed,282,250,1065,UNSAT,600446,709273,24490619,2123,0,600445,10.05,14.91,580169,30,50.6426,uuf250-096.cnf,282
fixed,282,250,1065,UNSAT,153351,182812,6562932,542,0,153350,9.32,14.15,143459,38,7.9219,uuf250-097.cnf,282
fixed,282,250,1065,UNSAT,80160,95594,3461443,283,0,80159,8.93,13.49,74753,33,3.5303,uuf250-098.cnf,282
fixed,282,250,1065,UNSAT,144455,172018,6037190,510,0,144454,9.01,13.60,136906,33,7.2692,uuf250-099.cnf,282
fixed,337,250,1065,UNSAT,416960,494810,17688328,1234,0,416959,9.95,14.82,398667,31,28.9954,uuf250-01.cnf,337
fixed,337,250,1065,UNSAT,196809,234626,8390037,582,0,196808,9.33,14.33,185912,32,10.6691,uuf250-010.cnf,337
fixed,337,250,1065,UNSAT,536766,636013,21860738,1588,0,536765,9.81,14.57,515922,31,41.1852,uuf250-0100.cnf,337
fixed,337,250,1065,UNSAT,476008,565579,19786450,1409,0,476007,9.85,14.77,455417,31,35.5383,uuf250-011.cnf,337
fixed,337,250,1065,UNSAT,311762,369476,13184584,922,0,311761,9.88,14.57,296414,31,19.3922,uuf250-012.cnf,337
fixed,337,250,1065,UNSAT,311729,369752,12647416,922,0,311728,9.53,14.29,296407,30,20.2392,uuf250-013.cnf,337
fixed,337,250,1065,UNSAT,334350,395989,14113695,989,0,334349,9.47,14.54,315658,33,22.0982,uuf250-014.cnf,337
fixed,337,250,1065,UNSAT,524812,619094,21414072,1553,0,524811,10.00,14.85,503526,38,40.6670,uuf250-015.cnf,337
fixed,337,250,1065,UNSAT,182083,215717,7496748,539,0,182082,9.36,14.04,171156,31,10.0559,uuf250-016.cnf,337
fixed,337,250,1065,UNSAT,421875,500604,17014999,1248,0,421874,9.53,14.31,409712,31,31.1342,uuf250-017.cnf,337
fixed,337,250,1065,UNSAT,510286,602521,21130830,1510,0,510285,10.04,14.69,491268,34,37.8222,uuf250-018.cnf,337
fixed,337,250,1065,UNSAT,333558,392061,14011901,987,0,333557,9.86,14.88,315658,32,22.5832,uuf250-019.cnf,337
fixed,337,250,1065,UNSAT,383978,454686,15740477,1136,0,383977,9.79,14.55,366415,28,26.6753,uuf250-02.cnf,337
fixed,337,250,1065,UNSAT,685922,813768,27569135,2030,0,685921,10.10,14.82,662215,33,56.9698,uuf250-020.cnf,337
fixed,337,250,1065,UNSAT,499358,593613,21132024,1478,0,499357,9.93,14.88,479164,32,36.9511,uuf250-021.cnf,337
fixed,337,250,1065,UNSAT,1072945,1262470,43828739,3176,0,1072944,10.61,15.40,1044425,34,108.6230,uuf250-022.cnf,337
fixed,337,250,1065,UNSAT,223083,261763,9215480,660,0,223082,9.66,14.32,209159,34,13.3938,uuf250-023.cnf,337
fixed,337,250,1065,UNSAT,113442,135054,4867812,335,0,113441,8.76,13.63,106407,40,5.2064,uuf250-024.cnf,337
fixed,337,250,1065,UNSAT,371954,440273,15842894,1101,0,371953,9.89,14.73,355964,31,25.0743,uuf250-025.cnf,337
fixed,337,250,1065,UNSAT,131979,157097,5559573,390,0,131978,9.32,14.18,124261,30,6.5718,uuf250-026.cnf,337
fixed,337,250,1065,UNSAT,529306,623854,22044005,1567,0,529305,9.97,15.06,515922,31,41.9483,uuf250-027.cnf,337
fixed,337,250,1065,UNSAT,582332,688583,23886022,1723,0,582331,10.13,15.06,567022,31,48.5318,uuf250-028.cnf,337
fixed,337,250,1065,UNSAT,153777,180910,6483820,455,0,153776,9.22,14.10,143456,29,8.1947,uuf250-029.cnf,337
fixed,337,250,1065,UNSAT,345216,407142,14505290,1021,0,345215,9.67,14.65,325512,31,23.5637,uuf250-03.cnf,337
fixed,337,250,1065,UNSAT,151861,181616,6244978,449,0,151860,9.33,13.96,143453,31,7.7120,uuf250-030.cnf,337
fixed,337,250,1065,UNSAT,444143,529556,19181080,1314,0,444142,10.14,15.16,432268,37,31.0257,uuf250-031.cnf,337
fixed,337,250,1065,UNSAT,333969,393284,13661313,988,0,333968,9.63,14.29,315660,30,22.4214,uuf250-032.cnf,337
fixed,337,250,1065,UNSAT,1398846,1653825,55813574,4141,0,1398845,10.13,15.00,1367426,34,162.8563,uuf250-033.cnf,337
fixed,337,250,1065,UNSAT,724222,858897,30053482,2143,0,724221,10.13,15.31,705268,32,62.9706,uuf250-034.cnf,337
fixed,337,250,1065,UNSAT,2107886,2483382,82249658,6240,0,2107885,10.42,15.24,2068037,34,275.4002,uuf250-035.cnf,337
fixed,337,250,1065,UNSAT,170973,202972,7147130,506,0,170972,9.43,14.29,157008,36,9.2624,uuf250-036.cnf,337
fixed,337,250,1065,UNSAT,166978,196816,6860223,494,0,166977,9.27,13.75,157007,33,8.8363,uuf250-037.cnf,337
fixed,337,250,1065,UNSAT,70842,84388,3024787,209,0,70841,8.70,13.31,65409,30,2.9750,uuf250-038.cnf,337
fixed,337,250,1065,UNSAT,220776,261196,9242521,653,0,220775,9.48,14.22,209159,30,13.0659,uuf250-039.cnf,337
fixed,337,250,1065,UNSAT,284636,338691,11661933,842,0,284635,9.70,14.56,268662,32,17.7606,uuf250-04.cnf,337
fixed,337,250,1065,UNSAT,96162,112756,3989017,284,0,96161,9.19,13.71,89902,30,4.4485,uuf250-040.cnf,337
fixed,337,250,1065,UNSAT,239674,286962,10245096,709,0,239673,9.78,14.80,225411,31,13.9165,uuf250-041.cnf,337
fixed,337,250,1065,UNSAT,391445,461443,16320114,1159,0,391444,9.76,14.57,377008,30,27.5378,uuf250-042.cnf,337
fixed,337,250,1065,UNSAT,442430,522120,18205123,1309,0,442429,9.96,14.82,420909,30,32.1932,uuf250-043.cnf,337
fixed,337,250,1065,UNSAT,327645,388319,13597227,969,0,327644,9.78,14.76,315668,31,21.8145,uuf250-044.cnf,337
fixed,337,250,1065,UNSAT,138410,165096,5899982,409,0,138409,9.19,13.94,130514,31,6.9561,uuf250-045.cnf,337
fixed,337,250,1065,UNSAT,1065529,1266877,43299415,3154,0,1065528,10.55,15.64,1044418,34,106.0428,uuf250-046.cnf,337
fixed,337,250,1065,UNSAT,213017,252152,8909836,630,0,213016,9.37,13.89,201260,36,12.1019,uuf250-047.cnf,337
fixed,337,250,1065,UNSAT,77224,91284,3341163,228,0,77223,8.88,13.50,70009,34,3.3666,uuf250-048.cnf,337
fixed,337,250,1065,UNSAT,181772,216431,8055395,538,0,181771,9.51,14.63,171156,35,9.7428,uuf250-049.cnf,337
fixed,337,250,1065,UNSAT,172652,205692,7232792,511,0,172651,9.16,14.13,164010,31,9.2355,uuf250-05.cnf,337
fixed,337,250,1065,UNSAT,363887,432529,14738419,1077,0,363886,9.84,14.58,345663,29,24.9436,uuf250-050.cnf,337
fixed,337,250,1065,UNSAT,716366,845034,29755137,2120,0,716365,10.11,15.09,690774,33,60.7847,uuf250-051.cnf,337
fixed,337,250,1065,UNSAT,406027,478508,16484192,1201,0,406026,9.89,14.63,387770,34,29.2788,uuf250-052.cnf,337
fixed,337,250,1065,UNSAT,528698,627741,21553375,1565,0,528697,9.99,14.91,515915,38,40.4677,uuf250-053.cnf,337
fixed,337,250,1065,UNSAT,515220,605227,21936635,1525,0,515219,10.04,14.96,491264,30,38.7974,uuf250-054.cnf,337
fixed,337,250,1065,UNSAT,58690,69432,2468115,173,0,58689,8.36,12.74,52504,36,2.3180,uuf250-055.cnf,337
fixed,337,250,1065,UNSAT,311890,368017,13045854,923,0,311889,9.80,14.61,296409,32,20.0350,uuf250-056.cnf,337
fixed,337,250,1065,UNSAT,329895,395422,13718264,976,0,329894,9.73,14.80,315659,33,21.4778,uuf250-057.cnf,337
fixed,337,250,1065,UNSAT,2151360,2525060,86193142,6368,0,2151359,10.34,15.33,2118190,34,282.4070,uuf250-058.cnf,337
fixed,337,250,1065,UNSAT,98352,116315,4123783,291,0,98351,9.01,13.58,89904,28,4.5717,uuf250-059.cnf,337
fixed,337,250,1065,UNSAT,236456,281388,9811398,700,0,236455,9.47,14.50,225411,31,14.1847,uuf250-06.cnf,337
fixed,337,250,1065,UNSAT,160310,190553,6723232,474,0,160309,9.25,14.04,150155,29,8.5388,uuf250-060.cnf,337
fixed,337,250,1065,UNSAT,1618701,1909548,65267980,4791,0,1618700,10.75,15.77,1577680,36,195.2356,uuf250-061.cnf,337
fixed,337,250,1065,UNSAT,229076,273452,9399067,678,0,229075,9.60,14.33,217214,30,13.5465,uuf250-062.cnf,337
fixed,337,250,1065,UNSAT,344873,409986,14629005,1020,0,344872,9.50,14.49,325510,31,22.7921,uuf250-063.cnf,337
fixed,337,250,1065,UNSAT,409562,482727,17032077,1212,0,409561,9.93,14.97,387772,34,29.6963,uuf250-064.cnf,337
fixed,337,250,1065,UNSAT,150459,176771,6303619,445,0,150458,9.10,13.76,143456,30,7.9471,uuf250-065.cnf,337
fixed,337,250,1065,UNSAT,1260752,1492574,52042835,3732,0,1260751,10.13,15.43,1229177,33,136.6214,uuf250-066.cnf,337
fixed,337,250,1065,UNSAT,371646,441021,15800849,1099,0,371645,9.85,14.87,355964,34,25.3908,uuf250-067.cnf,337
fixed,337,250,1065,UNSAT,40551,47938,1756242,120,0,40550,8.26,12.84,34005,28,1.4921,uuf250-068.cnf,337
fixed,337,250,1065,UNSAT,732886,867828,29314261,2169,0,732885,9.99,14.83,705278,32,65.1345,uuf250-069.cnf,337
fixed,337,250,1065,UNSAT,466440,549989,19021994,1380,0,466439,10.03,14.84,443768,36,35.4355,uuf250-07.cnf,337
fixed,337,250,1065,UNSAT,853380,1009419,35308504,2526,0,853379,10.38,15.68,826674,33,80.3838,uuf250-070.cnf,337
fixed,337,250,1065,UNSAT,1159755,1374012,46283007,3433,0,1159754,10.61,15.75,1134926,33,121.4979,uuf250-071.cnf,337
fixed,337,250,1065,UNSAT,367989,434903,15133702,1089,0,367988,9.68,14.57,355964,33,25.7964,uuf250-072.cnf,337
fixed,337,250,1065,UNSAT,111335,133430,4855411,329,0,111334,9.32,14.25,100756,28,5.2909,uuf250-073.cnf,337
fixed,337,250,1065,UNSAT,217531,258595,8972592,643,0,217530,9.39,13.92,209159,30,12.1989,uuf250-074.cnf,337
fixed,337,250,1065,UNSAT,427108,509221,17835724,1264,0,427107,10.06,15.08,409712,34,30.7211,uuf250-075.cnf,337
fixed,337,250,1065,UNSAT,243150,286882,9963526,719,0,243149,9.37,13.82,233758,35,14.2126,uuf250-076.cnf,337
fixed,337,250,1065,UNSAT,508873,599804,21011226,1506,0,508872,10.02,14.72,491261,33,38.6168,uuf250-078.cnf,337
fixed,337,250,1065,UNSAT,383924,453029,15858936,1136,0,383923,9.78,14.73,366408,31,27.4643,uuf250-079.cnf,337
fixed,337,250,1065,UNSAT,378654,447706,15516844,1121,0,378653,9.71,14.57,366424,29,26.3751,uuf250-08.cnf,337
fixed,337,250,1065,UNSAT,349612,414440,14421851,1034,0,349611,9.62,14.49,335511,32,23.5430,uuf250-080.cnf,337
fixed,337,250,1065,UNSAT,430471,511092,17586617,1274,0,430470,9.62,14.27,409720,32,30.9718,uuf250-081.cnf,337
fixed,337,250,1065,UNSAT,411786,487007,16958176,1219,0,411785,9.85,14.79,398656,28,29.5840,uuf250-082.cnf,337
fixed,337,250,1065,UNSAT,86830,103566,3790243,257,0,86829,8.86,14.07,79653,31,3.8811,uuf250-083.cnf,337
fixed,337,250,1065,UNSAT,185435,219809,7978632,548,0,185434,9.63,14.68,171156,35,10.2506,uuf250-084.cnf,337
fixed,337,250,1065,UNSAT,275835,325766,11427228,816,0,275834,9.61,14.40,259706,29,17.1828,uuf250-085.cnf,337
fixed,337,250,1065,UNSAT,184066,217441,7681322,544,0,184065,9.07,13.63,171161,30,9.9054,uuf250-086.cnf,337
fixed,337,250,1065,UNSAT,717901,846582,28818188,2125,0,717900,10.20,15.08,690767,31,61.3017,uuf250-088.cnf,337
fixed,337,250,1065,UNSAT,534240,629106,22307798,1581,0,534239,10.03,15.04,515914,29,42.4237,uuf250-089.cnf,337
fixed,337,250,1065,UNSAT,1848327,2170264,75067517,5471,0,1848326,10.69,15.64,1802924,34,227.8085,uuf250-09.cnf,337
fixed,337,250,1065,UNSAT,46629,55527,1968398,138,0,46628,8.28,13.07,40955,32,1.8298,uuf250-090.cnf,337
fixed,337,250,1065,UNSAT,384589,456362,16157669,1138,0,384588,9.94,15.13,366416,34,26.4261,uuf250-091.cnf,337
fixed,337,250,1065,UNSAT,1381107,1637312,54925380,4088,0,1381106,10.33,15.37,1347226,32,159.2041,uuf250-092.cnf,337
fixed,337,250,1065,UNSAT,204452,244525,8702534,605,0,204451,9.21,14.05,193512,29,11.3144,uuf250-093.cnf,337
fixed,337,250,1065,UNSAT,247333,293160,10283428,732,0,247332,9.50,14.37,233757,31,14.8555,uuf250-094.cnf,337
fixed,337,250,1065,UNSAT,170437,201492,7003107,504,0,170436,9.31,13.79,157010,37,9.0948,uuf250-095.cnf,337
fixed,337,250,1065,UNSAT,521751,613637,21466497,1544,0,521750,9.91,14.82,503518,28,41.3164,uuf250-096.cnf,337
fixed,337,250,1065,UNSAT,136755,162078,5890949,404,0,136754,9.38,14.29,124256,38,6.8381,uuf250-097.cnf,337
fixed,337,250,1065,UNSAT,78426,93096,3397731,232,0,78425,8.78,13.37,70004,33,3.4080,uuf250-098.cnf,337
fixed,337,250,1065,UNSAT,131534,155485,5548026,389,0,131533,8.92,13.61,124255,36,6.5366,uuf250-099.cnf,337
fixed,391,250,1065,UNSAT,375615,444063,15974799,958,0,375614,9.88,14.78,355956,30,25.1833,uuf250-01.cnf,391
fixed,391,250,1065,UNSAT,214259,254626,9063105,546,0,214258,9.38,14.28,201256,30,12.0213,uuf250-010.cnf,391
fixed,391,250,1065,UNSAT,977478,1150132,39237530,2495,0,977477,9.96,14.83,957676,32,94.7355,uuf250-0100.cnf,391
fixed,391,250,1065,UNSAT,468025,554807,19427471,1194,0,468024,9.75,14.69,455416,31,34.1528,uuf250-011.cnf,391
fixed,391,250,1065,UNSAT,295088,348795,12466816,753,0,295087,9.77,14.43,277762,31,18.3553,uuf250-012.cnf,391
fixed,391,250,1065,UNSAT,275774,326198,11285640,703,0,275773,9.43,14.27,259712,31,17.1038,uuf250-013.cnf,391
fixed,391,250,1065,UNSAT,276230,327756,11770531,704,0,276229,9.35,14.52,259712,31,16.8148,uuf250-014.cnf,391
fixed,391,250,1065,UNSAT,504417,594174,20791521,1287,0,504416,9.98,14.89,491268,38,38.4254,uuf250-015.cnf,391
fixed,391,250,1065,UNSAT,197221,232838,8126851,503,0,197220,9.40,14.15,185912,32,11.1691,uuf250-016.cnf,391
fixed,391,250,1065,UNSAT,358013,423777,14624231,913,0,358012,9.46,14.37,345664,32,24.7061,uuf250-017.cnf,391
fixed,391,250,1065,UNSAT,442407,520937,18528078,1129,0,442406,9.99,14.71,420914,31,30.9443,uuf250-018.cnf,391
fixed,391,250,1065,UNSAT,323232,378254,13539258,824,0,323231,9.81,14.80,305965,33,21.4763,uuf250-019.cnf,391
fixed,391,250,1065,UNSAT,364608,430737,15003859,930,0,364607,9.78,14.62,345661,31,24.7745,uuf250-02.cnf,391
fixed,391,250,1065,UNSAT,579085,686394,23425993,1477,0,579084,10.08,14.87,554013,31,45.2499,uuf250-020.cnf,391
fixed,391,250,1065,UNSAT,465504,551943,19699527,1188,0,465503,9.87,14.83,443770,31,33.5891,uuf250-021.cnf,391
fixed,391,250,1065,UNSAT,974292,1145335,39817076,2486,0,974291,10.43,15.28,940778,34,94.2417,uuf250-022.cnf,391
fixed,391,250,1065,UNSAT,183455,215591,7606963,468,0,183454,9.55,14.26,171157,34,10.2897,uuf250-023.cnf,391
fixed,391,250,1065,UNSAT,129325,152626,5516312,330,0,129324,8.84,13.55,118157,40,6.2268,uuf250-024.cnf,391
fixed,391,250,1065,UNSAT,369081,436070,15676241,941,0,369080,9.80,14.69,355960,29,24.6546,uuf250-025.cnf,391
fixed,391,250,1065,UNSAT,103693,123418,4412662,264,0,103692,9.02,13.94,95253,31,4.8384,uuf250-026.cnf,391
fixed,391,250,1065,UNSAT,462100,543458,19281898,1179,0,462099,9.75,14.79,443760,30,34.0790,uuf250-027.cnf,391
fixed,391,250,1065,UNSAT,513208,604424,21172877,1309,0,513207,10.12,15.02,491266,31,40.5245,uuf250-028.cnf,391
fixed,391,250,1065,UNSAT,156215,184053,6594270,398,0,156214,9.17,14.14,143462,28,8.3916,uuf250-029.cnf,391
fixed,391,250,1065,UNSAT,331573,389720,13939699,846,0,331572,9.58,14.53,315663,31,22.3280,uuf250-03.cnf,391
fixed,391,250,1065,UNSAT,146079,174615,5962267,372,0,146078,9.20,13.95,136907,29,7.3767,uuf250-030.cnf,391
fixed,391,250,1065,UNSAT,573667,679497,24474963,1464,0,573666,10.23,15.20,554027,37,43.4716,uuf250-031.cnf,391
fixed,391,250,1065,UNSAT,338345,396966,13928839,863,0,338344,9.59,14.31,325512,34,22.3585,uuf250-032.cnf,391
fixed,391,250,1065,UNSAT,1274665,1500895,50874445,3253,0,1274664,9.92,14.81,1248476,34,145.7628,uuf250-033.cnf,391
fixed,391,250,1065,UNSAT,692343,816351,28814257,1767,0,692342,10.12,15.28,676412,35,59.6278,uuf250-034.cnf,391
fixed,391,250,1065,UNSAT,1040812,1226261,41950465,2656,0,1040811,10.17,15.08,1009278,35,101.7966,uuf250-035.cnf,391
fixed,391,250,1065,UNSAT,116590,138465,4905475,297,0,116589,9.14,14.02,106408,28,5.5992,uuf250-036.cnf,391
fixed,391,250,1065,UNSAT,158840,186916,6523548,405,0,158839,9.27,13.73,150161,33,8.3767,uuf250-037.cnf,391
fixed,391,250,1065,UNSAT,73996,87443,3170116,188,0,73995,8.76,13.50,65403,27,3.1290,uuf250-038.cnf,391
fixed,391,250,1065,UNSAT,173257,204595,7327315,442,0,173256,9.15,14.02,164006,31,9.3000,uuf250-039.cnf,391
fixed,391,250,1065,UNSAT,254405,302842,10496800,649,0,254404,9.48,14.56,242267,28,15.3461,uuf250-04.cnf,391
fixed,391,250,1065,UNSAT,110184,128834,4596738,281,0,110183,9.25,13.69,100758,30,5.3292,uuf250-040.cnf,391
fixed,391,250,1065,UNSAT,224763,267854,9656356,573,0,224762,9.66,14.81,209166,32,12.7884,uuf250-041.cnf,391
fixed,391,250,1065,UNSAT,289678,339688,12212758,739,0,289677,9.41,14.24,277757,29,18.1966,uuf250-042.cnf,391
fixed,391,250,1065,UNSAT,453375,533006,18820549,1157,0,453374,9.98,14.88,432262,32,32.9819,uuf250-043.cnf,391
fixed,391,250,1065,UNSAT,275618,326501,11579317,703,0,275617,9.55,14.60,259714,33,17.3530,uuf250-044.cnf,391
fixed,391,250,1065,UNSAT,141447,168136,6025701,361,0,141446,9.31,14.12,130510,30,7.2424,uuf250-045.cnf,391
fixed,391,250,1065,UNSAT,857984,1018387,35182254,2190,0,857983,10.40,15.59,826671,33,78.3224,uuf250-046.cnf,391
fixed,391,250,1065,UNSAT,184472,219195,7758166,470,0,184471,9.58,14.26,171161,36,10.0659,uuf250-047.cnf,391
fixed,391,250,1065,UNSAT,79411,93546,3450699,202,0,79410,8.98,13.66,70006,34,3.4887,uuf250-048.cnf,391
fixed,391,250,1065,UNSAT,159647,189180,7133280,407,0,159646,9.52,14.70,150159,28,8.2309,uuf250-049.cnf,391
fixed,391,250,1065,UNSAT,131799,157139,5536159,336,0,131798,8.92,13.87,124253,31,6.4553,uuf250-05.cnf,391
fixed,391,250,1065,UNSAT,296321,351603,12093482,756,0,296320,9.70,14.57,287012,35,19.6154,uuf250-050.cnf,391
fixed,391,250,1065,UNSAT,574301,676216,24063003,1465,0,574300,9.96,14.92,554017,32,44.8867,uuf250-051.cnf,391
fixed,391,250,1065,UNSAT,309743,364446,12735378,790,0,309742,9.56,14.34,296413,30,20.4961,uuf250-052.cnf,391
fixed,391,250,1065,UNSAT,531602,629838,21684566,1356,0,531601,9.98,14.92,515917,38,40.0551,uuf250-053.cnf,391
fixed,391,250,1065,UNSAT,446069,524854,19043359,1138,0,446068,10.03,15.00,432267,31,32.0144,uuf250-054.cnf,391
fixed,391,250,1065,UNSAT,56022,66271,2347852,142,0,56021,8.45,13.05,48502,36,2.2097,uuf250-055.cnf,391
fixed,391,250,1065,UNSAT,242839,286334,10254804,619,0,242838,9.74,14.68,233760,30,14.5306,uuf250-056.cnf,391
fixed,391,250,1065,UNSAT,335884,401432,13938767,857,0,335883,9.70,14.87,325515,34,21.6313,uuf250-057.cnf,391
fixed,391,250,1065,UNSAT,988773,1160891,40398936,2523,0,988772,10.27,15.09,957675,31,96.2327,uuf250-058.cnf,391
fixed,391,250,1065,UNSAT,102634,120934,4314966,261,0,102633,8.96,13.59,95257,30,4.8315,uuf250-059.cnf,391
fixed,391,250,1065,UNSAT,237761,282460,9940607,606,0,237760,9.48,14.52,225414,28,14.4121,uuf250-06.cnf,391
fixed,391,250,1065,UNSAT,144819,171395,6090227,369,0,144818,9.05,13.92,136906,27,7.4467,uuf250-060.cnf,391
fixed,391,250,1065,UNSAT,1448450,1705760,58639774,3697,0,1448449,10.63,15.75,1408277,38,166.3391,uuf250-061.cnf,391
fixed,391,250,1065,UNSAT,155766,185277,6482376,397,0,155765,9.21,14.00,143455,30,8.1476,uuf250-062.cnf,391
fixed,391,250,1065,UNSAT,341499,404344,14468490,871,0,341498,9.49,14.48,325516,30,22.5297,uuf250-063.cnf,391
fixed,391,250,1065,UNSAT,497627,583875,20583254,1270,0,497626,9.92,14.98,479169,34,38.6381,uuf250-064.cnf,391
fixed,391,250,1065,UNSAT,114034,134046,4856711,291,0,114033,8.93,13.69,106405,30,5.5496,uuf250-065.cnf,391
fixed,391,250,1065,UNSAT,1709245,2012978,69854311,4362,0,1709244,10.29,15.72,1665988,34,209.0474,uuf250-066.cnf,391
fixed,391,250,1065,UNSAT,262324,310897,11227299,669,0,262323,9.58,14.64,250911,34,15.8671,uuf250-067.cnf,391
fixed,391,250,1065,UNSAT,44521,51789,1954659,113,0,44520,8.39,12.94,40957,28,1.7256,uuf250-068.cnf,391
fixed,391,250,1065,UNSAT,1188666,1395257,46848783,3034,0,1188665,9.97,14.76,1153482,32,127.5326,uuf250-069.cnf,391
fixed,391,250,1065,UNSAT,459154,538322,18738305,1171,0,459153,9.94,14.82,443764,33,34.7469,uuf250-07.cnf,391
fixed,391,250,1065,UNSAT,701817,826740,29254534,1791,0,701816,10.22,15.52,676414,33,60.9869,uuf250-070.cnf,391
fixed,391,250,1065,UNSAT,796707,943209,32292311,2033,0,796706,10.46,15.61,780025,34,71.8742,uuf250-071.cnf,391
fixed,391,250,1065,UNSAT,300559,354807,12502464,767,0,300558,9.50,14.53,287012,33,19.6929,uuf250-072.cnf,391
fixed,391,250,1065,UNSAT,111811,133596,4837042,285,0,111810,9.25,14.20,100755,28,5.3564,uuf250-073.cnf,391
fixed,391,250,1065,UNSAT,164831,196193,6837978,420,0,164830,9.29,13.92,157008,30,8.4782,uuf250-074.cnf,391
fixed,391,250,1065,UNSAT,415388,493875,17415259,1060,0,415387,10.05,15.10,398666,35,29.5989,uuf250-075.cnf,391
fixed,391,250,1065,UNSAT,220517,259428,9094362,562,0,220516,9.34,13.86,209163,35,12.6096,uuf250-076.cnf,391
fixed,391,250,1065,UNSAT,483019,568215,20027723,1232,0,483018,9.95,14.70,467218,32,35.4267,uuf250-078.cnf,391
fixed,391,250,1065,UNSAT,356307,419129,14820971,909,0,356306,9.69,14.70,345673,31,24.8178,uuf250-079.cnf,391
fixed,391,250,1065,UNSAT,378738,445411,15519837,966,0,378737,9.68,14.55,366411,31,25.8926,uuf250-08.cnf,391
fixed,391,250,1065,UNSAT,334111,394025,13829698,852,0,334110,9.68,14.70,315667,32,22.1970,uuf250-080.cnf,391
fixed,391,250,1065,UNSAT,391121,462547,16012918,998,0,391120,9.64,14.41,377019,30,27.1695,uuf250-081.cnf,391
fixed,391,250,1065,UNSAT,373994,440602,15496671,954,0,373993,9.72,14.72,355963,29,25.7620,uuf250-082.cnf,391
fixed,391,250,1065,UNSAT,86346,102351,3755363,220,0,86345,8.97,14.05,79655,28,3.8586,uuf250-083.cnf,391
fixed,391,250,1065,UNSAT,127015,150963,5555879,324,0,127014,9.33,14.42,118157,32,6.2167,uuf250-084.cnf,391
fixed,391,250,1065,UNSAT,273410,322706,11252717,697,0,273409,9.65,14.51,259711,31,17.0207,uuf250-085.cnf,391
fixed,391,250,1065,UNSAT,165718,196145,6961211,422,0,165717,9.08,13.79,157010,30,8.5717,uuf250-086.cnf,391
fixed,391,250,1065,UNSAT,1683279,1983914,69001569,4296,0,1683278,10.38,15.54,1643679,35,197.8666,uuf250-087.cnf,391
fixed,391,250,1065,UNSAT,564291,662817,22899185,1440,0,564290,10.09,14.94,541160,30,43.9538,uuf250-088.cnf,391
fixed,391,250,1065,UNSAT,415249,487338,17468872,1059,0,415248,9.84,14.85,398667,30,29.9292,uuf250-089.cnf,391
fixed,391,250,1065,UNSAT,1426841,1670151,58432126,3641,0,1426840,10.60,15.56,1387770,33,159.4984,uuf250-09.cnf,391
fixed,391,250,1065,UNSAT,44795,52727,1916509,114,0,44794,8.13,12.75,40952,32,1.6977,uuf250-090.cnf,391
fixed,391,250,1065,UNSAT,351712,417009,14790074,897,0,351711,9.80,14.92,335511,33,23.3342,uuf250-091.cnf,391
fixed,391,250,1065,UNSAT,1055975,1245365,42310378,2695,0,1055974,10.20,15.26,1026766,31,109.1202,uuf250-092.cnf,391
fixed,391,250,1065,UNSAT,210713,250493,8921771,537,0,210712,9.22,14.10,201264,30,11.9053,uuf250-093.cnf,391
fixed,391,250,1065,UNSAT,182888,216377,7639292,466,0,182887,9.17,14.04,171164,30,10.0078,uuf250-094.cnf,391
fixed,391,250,1065,UNSAT,148513,175356,6105193,379,0,148512,9.14,13.62,136912,37,7.5681,uuf250-095.cnf,391
fixed,391,250,1065,UNSAT,476491,558950,19675203,1216,0,476490,9.92,14.88,455418,28,36.9827,uuf250-096.cnf,391
fixed,391,250,1065,UNSAT,154156,181846,6602650,393,0,154155,9.30,14.29,143457,38,8.0912,uuf250-097.cnf,391
fixed,391,250,1065,UNSAT,77239,91600,3322846,197,0,77238,8.68,13.30,70008,33,3.3532,uuf250-098.cnf,391
fixed,391,250,1065,UNSAT,145013,171054,6062794,370,0,145012,9.04,13.71,136908,33,7.2619,uuf250-099.cnf,391
fixed,446,250,1065,UNSAT,310801,367515,13318304,695,0,310800,9.77,14.72,296414,30,19.5545,uuf250-01.cnf,446
fixed,446,250,1065,UNSAT,220912,260961,9369753,494,0,220911,9.47,14.48,209160,29,12.5763,uuf250-010.cnf,446
fixed,446,250,1065,UNSAT,861571,1012823,34688492,1928,0,861570,9.87,14.72,842523,31,79.0557,uuf250-0100.cnf,446
fixed,446,250,1065,UNSAT,378772,447721,15885796,847,0,378771,9.62,14.54,366413,32,25.4139,uuf250-011.cnf,446
fixed,446,250,1065,UNSAT,369941,435463,15399568,827,0,369940,10.01,14.77,355961,31,24.8809,uuf250-012.cnf,446
fixed,446,250,1065,UNSAT,239954,283877,9872852,537,0,239953,9.27,14.13,225410,31,14.0270,uuf250-013.cnf,446
fixed,446,250,1065,UNSAT,222118,263309,9502899,497,0,222117,9.08,14.28,209163,31,12.6129,uuf250-014.cnf,446
fixed,446,250,1065,UNSAT,428958,503613,17797415,960,0,428957,9.87,14.80,409714,38,30.6442,uuf250-015.cnf,446
fixed,446,250,1065,UNSAT,190967,224816,7889310,427,0,190966,9.44,14.15,178458,30,10.5851,uuf250-016.cnf,446
fixed,446,250,1065,UNSAT,292421,346081,11943170,654,0,292420,9.37,14.34,277764,31,18.8976,uuf250-017.cnf,446
fixed,446,250,1065,UNSAT,405312,475373,17000573,907,0,405311,9.83,14.55,387762,30,27.3833,uuf250-018.cnf,446
fixed,446,250,1065,UNSAT,388237,452557,16097674,869,0,388236,9.79,14.80,377018,29,27.8815,uuf250-019.cnf,446
fixed,446,250,1065,UNSAT,355811,418871,14657201,796,0,355810,9.76,14.59,335512,31,24.0728,uuf250-02.cnf,446
fixed,446,250,1065,UNSAT,563772,666549,22962952,1261,0,563771,10.02,14.87,541170,30,42.9539,uuf250-020.cnf,446
fixed,446,250,1065,UNSAT,434236,513579,18442537,971,0,434235,9.74,14.79,420928,38,30.5248,uuf250-021.cnf,446
fixed,446,250,1065,UNSAT,871236,1018578,35928373,1950,0,871235,10.34,15.23,842525,32,80.4983,uuf250-022.cnf,446
fixed,446,250,1065,UNSAT,171886,201316,7137627,384,0,171885,9.42,14.22,164008,34,9.3228,uuf250-023.cnf,446
fixed,446,250,1065,UNSAT,111527,132027,4754369,249,0,111526,8.73,13.53,100756,40,5.1192,uuf250-024.cnf,446
fixed,446,250,1065,UNSAT,324648,382344,13891699,726,0,324647,9.68,14.57,305970,30,20.7759,uuf250-025.cnf,446
fixed,446,250,1065,UNSAT,103110,122273,4395323,230,0,103109,9.12,14.14,95258,31,4.8093,uuf250-026.cnf,446
fixed,446,250,1065,UNSAT,445896,523093,18689168,998,0,445895,9.82,14.98,432269,31,32.6838,uuf250-027.cnf,446
fixed,446,250,1065,UNSAT,452729,532812,18724940,1013,0,452728,10.03,15.00,432271,32,33.4392,uuf250-028.cnf,446
fixed,446,250,1065,UNSAT,138156,162403,5856390,309,0,138155,9.03,14.01,130516,34,7.1776,uuf250-029.cnf,446
fixed,446,250,1065,UNSAT,293665,344497,12432830,657,0,293664,9.59,14.66,277763,31,18.7740,uuf250-03.cnf,446
fixed,446,250,1065,UNSAT,155534,184220,6373066,348,0,155533,9.21,13.90,143459,29,8.0569,uuf250-030.cnf,446
fixed,446,250,1065,UNSAT,446784,528125,19335231,999,0,446783,9.96,15.00,432273,37,31.1435,uuf250-031.cnf,446
fixed,446,250,1065,UNSAT,373252,436272,15251912,835,0,373251,9.67,14.38,355966,29,25.5468,uuf250-032.cnf,446
fixed,446,250,1065,UNSAT,923717,1088684,37369913,2067,0,923716,9.82,14.75,890969,32,91.6885,uuf250-033.cnf,446
fixed,446,250,1065,UNSAT,534719,630648,22415204,1196,0,534718,9.94,15.13,515912,30,41.7886,uuf250-034.cnf,446
fixed,446,250,1065,UNSAT,115001,136386,4864900,257,0,115000,9.08,13.94,106409,29,5.4756,uuf250-036.cnf,446
fixed,446,250,1065,UNSAT,129780,152127,5384579,290,0,129779,9.12,13.64,118159,33,6.4191,uuf250-037.cnf,446
fixed,446,250,1065,UNSAT,57370,68165,2478642,128,0,57369,8.47,13.20,52507,26,2.2708,uuf250-038.cnf,446
fixed,446,250,1065,UNSAT,205254,241999,8597032,459,0,205253,9.29,14.14,193507,31,11.5799,uuf250-039.cnf,446
fixed,446,250,1065,UNSAT,257222,303901,10602523,575,0,257221,9.45,14.48,242266,32,15.4336,uuf250-04.cnf,446
fixed,446,250,1065,UNSAT,66899,78428,2825583,149,0,66898,8.87,13.43,60955,32,2.8333,uuf250-040.cnf,446
fixed,446,250,1065,UNSAT,203509,241883,8745379,455,0,203508,9.62,14.75,193505,30,11.3073,uuf250-041.cnf,446
fixed,446,250,1065,UNSAT,256249,299697,10789733,573,0,256248,9.19,14.01,242262,28,15.5234,uuf250-042.cnf,446
fixed,446,250,1065,UNSAT,322519,378571,13494381,721,0,322518,9.67,14.51,305957,33,20.7950,uuf250-043.cnf,446
fixed,446,250,1065,UNSAT,279659,330361,11748743,625,0,279658,9.69,14.69,268666,31,17.3410,uuf250-044.cnf,446
fixed,446,250,1065,UNSAT,131229,154644,5588063,293,0,131228,9.00,13.77,124262,27,6.6104,uuf250-045.cnf,446
fixed,446,250,1065,UNSAT,1001072,1182732,41004434,2240,0,1001071,10.50,15.74,974727,34,97.4491,uuf250-046.cnf,446
fixed,446,250,1065,UNSAT,195316,231133,8221226,437,0,195315,9.28,13.91,185907,36,10.9038,uuf250-047.cnf,446
fixed,446,250,1065,UNSAT,68858,80988,3006387,154,0,68857,8.78,13.48,60956,34,2.8958,uuf250-048.cnf,446
fixed,446,250,1065,UNSAT,171618,203277,7654291,384,0,171617,9.53,14.84,164010,30,9.0295,uuf250-049.cnf,446
fixed,446,250,1065,UNSAT,164366,195164,6864930,367,0,164365,9.10,13.98,157009,32,8.5682,uuf250-05.cnf,446
fixed,446,250,1065,UNSAT,224152,265230,9219617,501,0,224151,9.28,14.08,209159,30,13.0163,uuf250-050.cnf,446
fixed,446,250,1065,UNSAT,650001,762706,27138964,1454,0,650000,10.01,15.03,634276,31,53.4942,uuf250-051.cnf,446
fixed,446,250,1065,UNSAT,284221,334177,11750167,636,0,284220,9.56,14.43,268663,31,18.0557,uuf250-052.cnf,446
fixed,446,250,1065,UNSAT,424656,503278,17440206,950,0,424655,9.80,14.84,409715,38,29.5238,uuf250-053.cnf,446
fixed,446,250,1065,UNSAT,448434,525772,19058451,1003,0,448433,9.98,14.96,432267,30,32.1791,uuf250-054.cnf,446
fixed,446,250,1065,UNSAT,51512,60844,2151502,115,0,51511,8.23,12.93,44653,36,1.9543,uuf250-055.cnf,446
fixed,446,250,1065,UNSAT,215493,253533,9122542,482,0,215492,9.56,14.52,201260,31,12.2149,uuf250-056.cnf,446
fixed,446,250,1065,UNSAT,267959,319208,11241279,599,0,267958,9.55,14.86,250907,31,16.1863,uuf250-057.cnf,446
fixed,446,250,1065,UNSAT,873529,1021763,35857133,1955,0,873528,10.19,15.06,842517,34,81.1938,uuf250-058.cnf,446
fixed,446,250,1065,UNSAT,84142,98635,3579727,188,0,84141,8.87,13.58,74754,28,3.7654,uuf250-059.cnf,446
fixed,446,250,1065,UNSAT,186599,220766,7864378,417,0,186598,9.27,14.37,178456,30,10.4003,uuf250-06.cnf,446
fixed,446,250,1065,UNSAT,122021,144738,5218874,273,0,122020,8.99,13.88,112206,28,5.9613,uuf250-060.cnf,446
fixed,446,250,1065,UNSAT,2033030,2378974,81627515,4550,0,2033029,10.69,15.87,1993928,36,267.1133,uuf250-061.cnf,446
fixed,446,250,1065,UNSAT,142512,169038,5979417,318,0,142511,9.18,14.00,130508,30,7.2946,uuf250-062.cnf,446
fixed,446,250,1065,UNSAT,303884,359348,12944456,680,0,303883,9.50,14.62,287009,29,18.9254,uuf250-063.cnf,446
fixed,446,250,1065,UNSAT,447450,524402,18582438,1001,0,447449,9.85,14.92,432262,34,33.0318,uuf250-064.cnf,446
fixed,446,250,1065,UNSAT,130316,152583,5511517,291,0,130315,9.02,13.76,118157,29,6.7232,uuf250-065.cnf,446
fixed,446,250,1065,UNSAT,1357815,1596986,55879899,3038,0,1357814,10.02,15.46,1327187,34,150.1060,uuf250-066.cnf,446
fixed,446,250,1065,UNSAT,296486,351289,12706157,663,0,296485,9.71,14.83,287008,34,18.6682,uuf250-067.cnf,446
fixed,446,250,1065,UNSAT,40195,47240,1756341,89,0,40194,8.21,12.92,34003,28,1.4847,uuf250-068.cnf,446
fixed,446,250,1065,UNSAT,689818,809598,27882027,1543,0,689817,9.74,14.61,662216,32,59.9322,uuf250-069.cnf,446
fixed,446,250,1065,UNSAT,351505,412171,14493044,786,0,351504,9.74,14.62,335510,30,24.3081,uuf250-07.cnf,446
fixed,446,250,1065,UNSAT,532540,627262,22319190,1191,0,532539,10.02,15.32,515911,33,42.0597,uuf250-070.cnf,446
fixed,446,250,1065,UNSAT,881925,1039231,35646476,1974,0,881924,10.36,15.55,858521,33,82.2374,uuf250-071.cnf,446
fixed,446,250,1065,UNSAT,341725,401897,14123237,764,0,341724,9.63,14.56,325514,33,23.4448,uuf250-072.cnf,446
fixed,446,250,1065,UNSAT,101337,120470,4423588,226,0,101336,9.16,14.19,95257,29,4.7765,uuf250-073.cnf,446
fixed,446,250,1065,UNSAT,142922,168920,5982644,319,0,142921,9.14,13.73,130512,31,6.9528,uuf250-074.cnf,446
fixed,446,250,1065,UNSAT,348500,413489,14636902,780,0,348499,9.88,15.07,335516,31,23.5398,uuf250-075.cnf,446
fixed,446,250,1065,UNSAT,193327,227432,8024134,432,0,193326,9.27,13.79,178456,35,10.6041,uuf250-076.cnf,446
fixed,446,250,1065,UNSAT,1730294,2032240,71020671,3872,0,1730293,10.39,15.79,1688428,33,211.2982,uuf250-077.cnf,446
fixed,446,250,1065,UNSAT,478431,561344,19817157,1070,0,478430,9.90,14.66,455415,32,34.9226,uuf250-078.cnf,446
fixed,446,250,1065,UNSAT,321819,378657,13371120,720,0,321818,9.70,14.69,305963,33,21.5147,uuf250-079.cnf,446
fixed,446,250,1065,UNSAT,258962,304542,10780195,579,0,258961,9.45,14.37,242258,29,15.6652,uuf250-08.cnf,446
fixed,446,250,1065,UNSAT,336567,395806,13893393,753,0,336566,9.59,14.56,325508,32,22.4514,uuf250-080.cnf,446
fixed,446,250,1065,UNSAT,318021,375425,13228857,711,0,318020,9.48,14.28,305955,30,20.5447,uuf250-081.cnf,446
fixed,446,250,1065,UNSAT,287816,339215,12065007,644,0,287815,9.67,14.80,277757,30,18.3889,uuf250-082.cnf,446
fixed,446,250,1065,UNSAT,90480,107014,3922593,202,0,90479,8.75,13.98,84707,27,4.0307,uuf250-083.cnf,446
fixed,446,250,1065,UNSAT,160853,190276,6956086,359,0,160852,9.43,14.38,150154,29,8.3931,uuf250-084.cnf,446
fixed,446,250,1065,UNSAT,233084,274452,9658872,521,0,233083,9.31,14.08,217213,28,13.5460,uuf250-085.cnf,446
fixed,446,250,1065,UNSAT,173384,203477,7269424,388,0,173383,9.02,13.63,164009,29,9.1504,uuf250-086.cnf,446
fixed,446,250,1065,UNSAT,489874,574960,20017653,1096,0,489873,10.02,14.93,467219,31,36.4671,uuf250-088.cnf,446
fixed,446,250,1065,UNSAT,407853,478056,17127354,912,0,407852,9.81,14.94,387763,31,29.2462,uuf250-089.cnf,446
fixed,446,250,1065,UNSAT,1410578,1648421,57711993,3157,0,1410577,10.62,15.62,1387777,33,157.6159,uuf250-09.cnf,446
fixed,446,250,1065,UNSAT,39946,47083,1703932,89,0,39945,8.12,12.89,34003,32,1.5112,uuf250-090.cnf,446
fixed,446,250,1065,UNSAT,335711,396388,14156791,751,0,335710,9.79,15.06,325508,30,21.8516,uuf250-091.cnf,446
fixed,446,250,1065,UNSAT,1076624,1268719,43335520,2409,0,1076623,10.24,15.33,1044428,34,110.2335,uuf250-092.cnf,446
fixed,446,250,1065,UNSAT,197978,235027,8327292,443,0,197977,9.09,13.89,185912,34,10.8312,uuf250-093.cnf,446
fixed,446,250,1065,UNSAT,191045,225286,7951395,427,0,191044,9.27,14.13,178457,33,10.5410,uuf250-094.cnf,446
fixed,446,250,1065,UNSAT,119862,141325,4965765,268,0,119861,8.91,13.47,112207,37,5.7982,uuf250-095.cnf,446
fixed,446,250,1065,UNSAT,393212,460864,16308573,880,0,393211,9.71,14.70,377012,32,28.2536,uuf250-096.cnf,446
fixed,446,250,1065,UNSAT,125141,147363,5413035,280,0,125140,9.25,14.17,118158,38,6.1116,uuf250-097.cnf,446
fixed,446,250,1065,UNSAT,69750,82543,3031128,156,0,69749,8.72,13.41,60953,33,2.9314,uuf250-098.cnf,446
fixed,446,250,1065,UNSAT,146440,172178,6106370,327,0,146439,9.01,13.66,136904,33,7.4061,uuf250-099.cnf,446
fixed,500,250,1065,UNSAT,278722,329142,12023332,556,0,278721,9.64,14.67,268658,30,16.9258,uuf250-01.cnf,500
fixed,500,250,1065,UNSAT,180824,213830,7734114,361,0,180823,9.24,14.29,171161,28,9.4451,uuf250-010.cnf,500
fixed,500,250,1065,UNSAT,524703,616703,21238713,1047,0,524702,9.81,14.61,503519,30,40.1884,uuf250-0100.cnf,500
fixed,500,250,1065,UNSAT,382705,451048,15899740,764,0,382704,9.62,14.52,366421,29,25.5649,uuf250-011.cnf,500
fixed,500,250,1065,UNSAT,276146,325401,11717368,551,0,276145,9.56,14.33,259717,32,16.6032,uuf250-012.cnf,500
fixed,500,250,1065,UNSAT,216863,255955,8991535,433,0,216862,9.24,14.12,201266,30,12.3594,uuf250-013.cnf,500
fixed,500,250,1065,UNSAT,263669,311857,11141322,526,0,263668,9.25,14.40,250914,31,15.8550,uuf250-014.cnf,500
fixed,500,250,1065,UNSAT,413642,484883,17079801,826,0,413641,9.78,14.68,398666,38,28.9777,uuf250-015.cnf,500
fixed,500,250,1065,UNSAT,147966,174318,6155282,295,0,147965,9.24,13.91,136905,35,7.5595,uuf250-016.cnf,500
fixed,500,250,1065,UNSAT,381086,449823,15418620,760,0,381085,9.36,14.28,366417,29,27.0699,uuf250-017.cnf,500
fixed,500,250,1065,UNSAT,393302,461213,16599894,785,0,393301,9.95,14.67,377015,31,26.2939,uuf250-018.cnf,500
fixed,500,250,1065,UNSAT,295623,344525,12432730,590,0,295622,9.69,14.78,277764,28,19.1959,uuf250-019.cnf,500
fixed,500,250,1065,UNSAT,288421,339200,11948612,576,0,288420,9.59,14.51,277761,30,18.2026,uuf250-02.cnf,500
fixed,500,250,1065,UNSAT,507159,599507,20640713,1012,0,507158,9.96,14.84,491268,34,37.5253,uuf250-020.cnf,500
fixed,500,250,1065,UNSAT,599278,706694,25368788,1196,0,599277,9.68,14.77,580171,31,47.3236,uuf250-021.cnf,500
fixed,500,250,1065,UNSAT,699906,818785,29042819,1397,0,699905,10.26,15.20,676418,32,60.2217,uuf250-022.cnf,500
fixed,500,250,1065,UNSAT,162779,189576,6840820,325,0,162778,9.41,14.25,150156,34,8.7425,uuf250-023.cnf,500
fixed,500,250,1065,UNSAT,120674,142907,5165808,240,0,120673,8.94,13.85,112208,40,5.7537,uuf250-024.cnf,500
fixed,500,250,1065,UNSAT,263853,311343,11380680,526,0,263852,9.59,14.56,250916,29,15.6754,uuf250-025.cnf,500
fixed,500,250,1065,UNSAT,110962,131403,4695246,221,0,110961,9.09,14.07,100760,32,5.2499,uuf250-026.cnf,500
fixed,500,250,1065,UNSAT,417954,488703,17535696,834,0,417953,9.72,14.85,398664,31,29.8849,uuf250-027.cnf,500
fixed,500,250,1065,UNSAT,365828,429795,15218209,730,0,365827,9.81,14.79,345658,31,25.3780,uuf250-028.cnf,500
fixed,500,250,1065,UNSAT,105471,123702,4521252,210,0,105470,8.79,13.78,95260,31,5.0732,uuf250-029.cnf,500
fixed,500,250,1065,UNSAT,271569,317733,11556861,542,0,271568,9.55,14.60,259708,31,17.0431,uuf250-03.cnf,500
fixed,500,250,1065,UNSAT,152616,181069,6251877,304,0,152615,9.29,14.02,143460,30,7.9418,uuf250-030.cnf,500
fixed,500,250,1065,UNSAT,459079,541620,19777432,916,0,459078,10.03,15.16,443765,37,32.2958,uuf250-031.cnf,500
fixed,500,250,1065,UNSAT,330468,385482,13543857,659,0,330467,9.54,14.30,315664,30,21.7959,uuf250-032.cnf,500
fixed,500,250,1065,UNSAT,1308104,1532166,52155398,2612,0,1308103,9.83,14.75,1287529,31,149.4188,uuf250-033.cnf,500
fixed,500,250,1065,UNSAT,851937,1002706,35327980,1701,0,851936,9.98,15.27,826669,34,77.8411,uuf250-034.cnf,500
fixed,500,250,1065,UNSAT,1315944,1541966,52349380,2627,0,1315943,10.16,15.13,1287535,32,142.1174,uuf250-035.cnf,500
fixed,500,250,1065,UNSAT,116752,138081,4927834,233,0,116751,9.18,14.24,106410,28,5.6254,uuf250-036.cnf,500
fixed,500,250,1065,UNSAT,108299,127162,4524292,216,0,108298,9.00,13.61,100756,33,5.0640,uuf250-037.cnf,500
fixed,500,250,1065,UNSAT,63416,75241,2734962,126,0,63415,8.57,13.33,56654,29,2.5447,uuf250-038.cnf,500
fixed,500,250,1065,UNSAT,187705,220243,7893629,374,0,187704,9.22,14.14,178461,27,10.2546,uuf250-039.cnf,500
fixed,500,250,1065,UNSAT,324082,382158,13234712,647,0,324081,9.59,14.54,305972,29,21.0146,uuf250-04.cnf,500
fixed,500,250,1065,UNSAT,72530,84655,3074156,144,0,72529,8.96,13.47,65406,29,3.0791,uuf250-040.cnf,500
fixed,500,250,1065,UNSAT,179095,212700,7721426,357,0,179094,9.56,14.75,171163,31,9.6011,uuf250-041.cnf,500
fixed,500,250,1065,UNSAT,266803,311590,11240806,532,0,266802,9.26,14.12,250911,31,16.3528,uuf250-042.cnf,500
fixed,500,250,1065,UNSAT,372532,436875,15461072,743,0,372531,9.85,14.80,355964,30,25.3044,uuf250-043.cnf,500
fixed,500,250,1065,UNSAT,219837,259163,9349142,439,0,219836,9.49,14.59,209162,33,12.7441,uuf250-044.cnf,500
fixed,500,250,1065,UNSAT,121524,144199,5192465,242,0,121523,8.97,13.86,112204,31,5.8839,uuf250-045.cnf,500
fixed,500,250,1065,UNSAT,1014235,1196948,41480676,2025,0,1014234,10.35,15.64,991925,35,98.9300,uuf250-046.cnf,500
fixed,500,250,1065,UNSAT,200937,237250,8513803,401,0,200936,9.52,14.25,185906,36,11.0250,uuf250-047.cnf,500
fixed,500,250,1065,UNSAT,63008,74216,2728912,125,0,63007,8.70,13.41,56658,34,2.5781,uuf250-048.cnf,500
fixed,500,250,1065,UNSAT,157999,186459,7057875,315,0,157998,9.50,14.73,150157,29,8.0361,uuf250-049.cnf,500
fixed,500,250,1065,UNSAT,122013,144685,5140130,243,0,122012,8.85,13.85,112209,31,5.8271,uuf250-05.cnf,500
fixed,500,250,1065,UNSAT,325983,384954,13294246,650,0,325982,9.80,14.79,315666,31,21.8425,uuf250-050.cnf,500
fixed,500,250,1065,UNSAT,527131,617699,22073261,1052,0,527130,9.90,14.94,503524,29,40.1074,uuf250-051.cnf,500
fixed,500,250,1065,UNSAT,318994,373748,13083664,636,0,318993,9.69,14.64,305960,34,21.2877,uuf250-052.cnf,500
fixed,500,250,1065,UNSAT,436237,515344,17952991,871,0,436236,9.77,14.81,420917,38,30.8902,uuf250-053.cnf,500
fixed,500,250,1065,UNSAT,342052,401021,14730497,682,0,342051,9.76,14.80,325511,32,22.3668,uuf250-054.cnf,500
fixed,500,250,1065,UNSAT,53921,63466,2270308,107,0,53920,8.32,12.82,48502,36,2.1118,uuf250-055.cnf,500
fixed,500,250,1065,UNSAT,185185,217851,7872686,369,0,185184,9.52,14.41,171155,31,10.0250,uuf250-056.cnf,500
fixed,500,250,1065,UNSAT,284447,337810,11808583,567,0,284446,9.65,14.84,268659,32,17.6138,uuf250-057.cnf,500
fixed,500,250,1065,UNSAT,1309382,1529473,53193670,2614,0,1309381,10.10,15.11,1287525,31,141.9433,uuf250-058.cnf,500
fixed,500,250,1065,UNSAT,96035,112780,4021266,191,0,96034,8.90,13.49,89910,28,4.3823,uuf250-059.cnf,500
fixed,500,250,1065,UNSAT,196563,233368,8276508,392,0,196562,9.31,14.50,185910,28,11.0121,uuf250-06.cnf,500
fixed,500,250,1065,UNSAT,143783,169706,6107298,287,0,143782,9.12,13.95,136906,28,7.3988,uuf250-060.cnf,500
fixed,500,250,1065,UNSAT,1614634,1888795,65418218,3224,0,1614633,10.60,15.81,1577686,36,192.8668,uuf250-061.cnf,500
fixed,500,250,1065,UNSAT,121371,143799,5113572,242,0,121370,9.08,13.96,112205,29,5.8526,uuf250-062.cnf,500
fixed,500,250,1065,UNSAT,322293,380802,13708017,643,0,322292,9.46,14.61,305963,32,21.0519,uuf250-063.cnf,500
fixed,500,250,1065,UNSAT,342978,401840,14409431,684,0,342977,9.75,14.93,325518,34,23.1252,uuf250-064.cnf,500
fixed,500,250,1065,UNSAT,125660,146403,5308822,250,0,125659,8.88,13.70,118156,30,6.3369,uuf250-065.cnf,500
fixed,500,250,1065,UNSAT,1298420,1521820,53347715,2592,0,1298419,9.94,15.30,1267924,33,142.0288,uuf250-066.cnf,500
fixed,500,250,1065,UNSAT,283212,334376,12093066,565,0,283211,9.56,14.66,268660,34,17.6584,uuf250-067.cnf,500
fixed,500,250,1065,UNSAT,37767,44195,1657707,75,0,37766,8.24,12.78,34006,28,1.3715,uuf250-068.cnf,500
fixed,500,250,1065,UNSAT,720853,844772,29072461,1439,0,720852,9.88,14.79,705265,33,63.3391,uuf250-069.cnf,500
fixed,500,250,1065,UNSAT,283678,333228,11759575,566,0,283677,9.61,14.56,268670,35,18.1255,uuf250-07.cnf,500
fixed,500,250,1065,UNSAT,635261,744395,26569644,1268,0,635260,10.17,15.54,620514,31,53.1860,uuf250-070.cnf,500
fixed,500,250,1065,UNSAT,734445,863883,29918479,1466,0,734444,10.27,15.55,705270,33,64.3146,uuf250-071.cnf,500
fixed,500,250,1065,UNSAT,290432,341670,12038979,579,0,290431,9.57,14.52,277759,33,18.7149,uuf250-072.cnf,500
fixed,500,250,1065,UNSAT,86949,103354,3846032,173,0,86948,9.04,14.07,79651,30,3.8062,uuf250-073.cnf,500
fixed,500,250,1065,UNSAT,152529,180145,6329299,304,0,152528,9.15,13.85,143461,29,7.6552,uuf250-074.cnf,500
fixed,500,250,1065,UNSAT,304496,362037,12811441,608,0,304495,9.82,15.04,287014,33,19.5839,uuf250-075.cnf,500
fixed,500,250,1065,UNSAT,181867,212665,7589386,363,0,181866,9.21,13.83,171157,35,9.7681,uuf250-076.cnf,500
fixed,500,250,1065,UNSAT,304673,356345,12861609,608,0,304672,9.60,14.45,287010,32,19.0123,uuf250-078.cnf,500
fixed,500,250,1065,UNSAT,279315,328058,11700602,557,0,279314,9.49,14.56,268661,31,17.9723,uuf250-079.cnf,500
fixed,500,250,1065,UNSAT,299143,351703,12310200,597,0,299142,9.63,14.52,287014,30,19.1095,uuf250-08.cnf,500
fixed,500,250,1065,UNSAT,345636,405693,14327165,690,0,345635,9.64,14.66,335512,32,23.1089,uuf250-080.cnf,500
fixed,500,250,1065,UNSAT,345295,407613,14276655,689,0,345294,9.59,14.49,325512,31,22.8157,uuf250-081.cnf,500
fixed,500,250,1065,UNSAT,300248,352314,12542463,599,0,300247,9.62,14.66,287010,30,19.1591,uuf250-082.cnf,500
fixed,500,250,1065,UNSAT,89733,106024,3902959,179,0,89732,9.05,14.25,79659,28,4.0636,uuf250-083.cnf,500
fixed,500,250,1065,UNSAT,103255,121628,4544122,206,0,103254,9.11,14.27,95255,32,4.7612,uuf250-084.cnf,500
fixed,500,250,1065,UNSAT,219915,257781,9178776,439,0,219914,9.48,14.38,209157,29,12.5606,uuf250-085.cnf,500
fixed,500,250,1065,UNSAT,165217,193790,6934644,329,0,165216,8.71,13.36,157009,28,8.5445,uuf250-086.cnf,500
fixed,500,250,1065,UNSAT,1708885,2005511,69810091,3412,0,1708884,10.48,15.77,1665993,32,202.8067,uuf250-087.cnf,500
fixed,500,250,1065,UNSAT,503242,590448,20496507,1004,0,503241,10.04,14.96,479164,32,38.4327,uuf250-088.cnf,500
fixed,500,250,1065,UNSAT,350203,409030,14820100,699,0,350202,9.74,14.88,335509,30,24.0228,uuf250-089.cnf,500
fixed,500,250,1065,UNSAT,1571864,1832550,64396669,3138,0,1571863,10.44,15.57,1534437,32,182.8087,uuf250-09.cnf,500
fixed,500,250,1065,UNSAT,41285,48533,1746156,82,0,41284,8.25,13.12,37404,32,1.5733,uuf250-090.cnf,500
fixed,500,250,1065,UNSAT,256647,304446,10945332,512,0,256646,9.45,14.76,242261,30,15.2755,uuf250-091.cnf,500
fixed,500,250,1065,UNSAT,955365,1122854,38547976,1907,0,955364,10.13,15.26,924024,33,93.7983,uuf250-092.cnf,500
fixed,500,250,1065,UNSAT,213137,252135,9010428,425,0,213136,9.12,13.95,201260,31,11.9872,uuf250-093.cnf,500
fixed,500,250,1065,UNSAT,246581,290737,10255313,492,0,246580,9.43,14.43,233764,33,14.8398,uuf250-094.cnf,500
fixed,500,250,1065,UNSAT,124280,146199,5158575,248,0,124279,8.88,13.45,118157,37,5.9984,uuf250-095.cnf,500
fixed,500,250,1065,UNSAT,376124,439182,15590037,751,0,376123,9.69,14.72,355965,32,26.5128,uuf250-096.cnf,500
fixed,500,250,1065,UNSAT,105336,123893,4542770,210,0,105335,9.01,14.13,95255,38,4.8863,uuf250-097.cnf,500
fixed,500,250,1065,UNSAT,59450,69833,2593107,118,0,59449,8.50,13.23,52506,33,2.3988,uuf250-098.cnf,500
fixed,500,250,1065,UNSAT,118439,139656,5004521,236,0,118438,8.88,13.72,112205,33,5.7030,uuf250-099.cnf,500
fixed,600,250,1065,UNSAT,283333,333050,12253318,471,0,283332,9.70,14.83,268661,30,30.3718,uuf250-01.cnf,600
fixed,600,250,1065,UNSAT,175593,207220,7544795,292,0,175592,9.29,14.40,164008,33,15.9781,uuf250-010.cnf,600
fixed,600,250,1065,UNSAT,544406,637528,22120674,906,0,544405,9.67,14.55,528462,34,75.0205,uuf250-0100.cnf,600
fixed,600,250,1065,UNSAT,292936,344582,12296783,487,0,292935,9.36,14.36,277766,32,31.6210,uuf250-011.cnf,600
fixed,600,250,1065,UNSAT,257560,302625,10870115,428,0,257559,9.62,14.51,242262,29,26.4328,uuf250-012.cnf,600
fixed,600,250,1065,UNSAT,215955,253666,8907214,359,0,215954,9.27,14.12,201258,30,21.1747,uuf250-013.cnf,600
fixed,600,250,1065,UNSAT,277100,326134,11791872,461,0,277099,9.12,14.38,259706,36,29.6303,uuf250-014.cnf,600
fixed,600,250,1065,UNSAT,371349,435394,15472327,618,0,371348,9.84,14.93,355958,38,44.4022,uuf250-015.cnf,600
fixed,600,250,1065,UNSAT,125778,147859,5262513,209,0,125777,8.98,13.77,118161,29,10.5793,uuf250-016.cnf,600
fixed,600,250,1065,UNSAT,289909,340739,11915698,482,0,289908,9.19,14.21,277763,30,32.3441,uuf250-017.cnf,600
fixed,600,250,1065,UNSAT,337892,395988,14288852,562,0,337891,9.74,14.54,325515,31,37.1948,uuf250-018.cnf,600
fixed,600,250,1065,UNSAT,216875,252320,9223000,361,0,216874,9.31,14.48,201264,29,22.1592,uuf250-019.cnf,600
fixed,600,250,1065,UNSAT,265269,311338,11021894,441,0,265268,9.52,14.45,250908,28,27.9828,uuf250-02.cnf,600
fixed,600,250,1065,UNSAT,469443,553043,19150323,781,0,469442,9.90,14.83,455412,32,59.7212,uuf250-020.cnf,600
fixed,600,250,1065,UNSAT,402471,474941,17135963,669,0,402470,9.50,14.65,387768,32,47.5844,uuf250-021.cnf,600
fixed,600,250,1065,UNSAT,641223,748930,26664723,1067,0,641222,10.21,15.15,620514,32,93.2523,uuf250-022.cnf,600
fixed,600,250,1065,UNSAT,146611,171561,6144968,243,0,146610,9.18,14.13,136907,34,13.0127,uuf250-023.cnf,600
fixed,600,250,1065,UNSAT,112455,132315,4825020,187,0,112454,8.93,13.94,106404,40,9.0374,uuf250-024.cnf,600
fixed,600,250,1065,UNSAT,251499,296015,10761219,418,0,251498,9.58,14.66,242265,28,25.6218,uuf250-025.cnf,600
fixed,600,250,1065,UNSAT,92891,110126,3986256,154,0,92890,8.93,14.13,84706,27,7.2243,uuf250-026.cnf,600
fixed,600,250,1065,UNSAT,390582,456419,16431574,650,0,390581,9.76,15.01,377011,33,47.3299,uuf250-027.cnf,600
fixed,600,250,1065,UNSAT,331806,389700,13877984,552,0,331805,9.72,14.81,315662,34,38.3069,uuf250-028.cnf,600
fixed,600,250,1065,UNSAT,130419,152741,5548547,217,0,130418,9.01,14.05,124258,29,11.2800,uuf250-029.cnf,600
fixed,600,250,1065,UNSAT,274767,320247,11641894,457,0,274766,9.44,14.60,259709,32,30.0215,uuf250-03.cnf,600
fixed,600,250,1065,UNSAT,124965,147850,5150501,207,0,124964,9.19,13.92,118161,29,10.5185,uuf250-030.cnf,600
fixed,600,250,1065,UNSAT,401879,474568,17343350,668,0,401878,9.97,15.14,387763,37,46.7438,uuf250-031.cnf,600
fixed,600,250,1065,UNSAT,284232,330916,11751380,473,0,284231,9.43,14.19,268670,29,32.0334,uuf250-032.cnf,600
fixed,600,250,1065,UNSAT,803262,943493,32754145,1337,0,803261,9.68,14.64,780018,33,136.5718,uuf250-033.cnf,600
fixed,600,250,1065,UNSAT,661780,775765,27603948,1101,0,661779,9.98,15.25,634265,33,100.6312,uuf250-034.cnf,600
fixed,600,250,1065,UNSAT,844697,986505,34234136,1405,0,844696,9.95,14.95,826671,30,140.3595,uuf250-035.cnf,600
fixed,600,250,1065,UNSAT,94261,111276,4008121,156,0,94260,8.86,13.81,84711,29,7.5089,uuf250-036.cnf,600
fixed,600,250,1065,UNSAT,109922,128705,4565704,182,0,109921,8.81,13.40,100758,33,9.0836,uuf250-037.cnf,600
fixed,600,250,1065,UNSAT,62470,73934,2662019,103,0,62469,8.60,13.37,56654,29,4.3521,uuf250-038.cnf,600
fixed,600,250,1065,UNSAT,146532,172208,6196482,243,0,146531,9.11,14.03,136906,28,13.1241,uuf250-039.cnf,600
fixed,600,250,1065,UNSAT,209852,247588,8687512,349,0,209851,9.28,14.48,201258,30,21.1715,uuf250-04.cnf,600
fixed,600,250,1065,UNSAT,62438,73158,2631153,103,0,62437,8.71,13.26,56654,29,4.4567,uuf250-040.cnf,600
fixed,600,250,1065,UNSAT,162094,192426,6975498,269,0,162093,9.46,14.68,150154,31,14.8659,uuf250-041.cnf,600
fixed,600,250,1065,UNSAT,229466,268553,9688764,381,0,229465,9.30,14.26,217206,30,24.0007,uuf250-042.cnf,600
fixed,600,250,1065,UNSAT,358174,418013,14853935,596,0,358173,9.63,14.58,345671,30,42.8072,uuf250-043.cnf,600
fixed,600,250,1065,UNSAT,220657,259153,9367826,367,0,220656,9.51,14.60,209161,33,22.4922,uuf250-044.cnf,600
fixed,600,250,1065,UNSAT,103858,122887,4465994,172,0,103857,8.90,13.81,95256,31,8.4366,uuf250-045.cnf,600
fixed,600,250,1065,UNSAT,821019,967149,33762540,1366,0,821018,10.30,15.65,795418,33,128.6857,uuf250-046.cnf,600
fixed,600,250,1065,UNSAT,175957,206961,7440192,292,0,175956,9.35,14.12,164010,36,15.9957,uuf250-047.cnf,600
fixed,600,250,1065,UNSAT,54715,64328,2392344,91,0,54714,8.59,13.40,48503,34,3.7578,uuf250-048.cnf,600
fixed,600,250,1065,UNSAT,152366,179535,6802105,253,0,152365,9.41,14.64,143457,28,13.3627,uuf250-049.cnf,600
fixed,600,250,1065,UNSAT,117127,138157,4937621,194,0,117126,8.73,13.83,106402,31,9.4831,uuf250-05.cnf,600
fixed,600,250,1065,UNSAT,254805,300583,10473043,424,0,254804,9.38,14.38,242259,31,26.4828,uuf250-050.cnf,600
fixed,600,250,1065,UNSAT,407048,476057,17154528,677,0,407047,9.80,14.98,387768,29,48.9434,uuf250-051.cnf,600
fixed,600,250,1065,UNSAT,283180,331179,11667939,471,0,283179,9.61,14.66,268666,29,31.2665,uuf250-052.cnf,600
fixed,600,250,1065,UNSAT,425837,501877,17550840,708,0,425836,9.70,14.81,409718,38,51.1589,uuf250-053.cnf,600
fixed,600,250,1065,UNSAT,303792,356091,13061125,505,0,303791,9.80,14.95,287012,31,34.4752,uuf250-054.cnf,600
fixed,600,250,1065,UNSAT,43806,51457,1844027,72,0,43805,7.94,12.67,37405,36,2.8241,uuf250-055.cnf,600
fixed,600,250,1065,UNSAT,164711,193423,7029934,274,0,164710,9.32,14.35,157012,29,15.4217,uuf250-056.cnf,600
fixed,600,250,1065,UNSAT,231646,274293,9717040,385,0,231645,9.35,14.67,217211,30,23.4983,uuf250-057.cnf,600
fixed,600,250,1065,UNSAT,889299,1036999,36602408,1480,0,889298,10.09,15.04,858530,30,150.3917,uuf250-058.cnf,600
fixed,600,250,1065,UNSAT,69690,81732,2938029,115,0,69689,8.54,13.29,60954,29,5.1781,uuf250-059.cnf,600
fixed,600,250,1065,UNSAT,239197,282311,9983687,398,0,239196,9.38,14.54,225404,30,26.1614,uuf250-06.cnf,600
fixed,600,250,1065,UNSAT,107971,127074,4605170,179,0,107970,8.90,13.80,100756,27,8.8538,uuf250-060.cnf,600
fixed,600,250,1065,UNSAT,956804,1119770,39381766,1592,0,956803,10.34,15.57,924020,36,166.9883,uuf250-061.cnf,600
fixed,600,250,1065,UNSAT,127326,150248,5363735,211,0,127325,9.08,14.00,118156,29,11.2231,uuf250-062.cnf,600
fixed,600,250,1065,UNSAT,257087,302924,10951215,427,0,257086,9.26,14.50,242265,30,27.7485,uuf250-063.cnf,600
fixed,600,250,1065,UNSAT,290211,339543,12261871,483,0,290210,9.55,14.76,277760,34,33.4621,uuf250-064.cnf,600
fixed,600,250,1065,UNSAT,122618,143090,5186538,204,0,122617,9.06,13.92,112206,30,10.7055,uuf250-065.cnf,600
fixed,600,250,1065,UNSAT,905934,1060801,37894958,1507,0,905933,9.74,15.16,874674,33,152.5982,uuf250-066.cnf,600
fixed,600,250,1065,UNSAT,217291,256445,9353583,361,0,217290,9.43,14.63,209162,34,12.4750,uuf250-067.cnf,600
fixed,600,250,1065,UNSAT,36300,42677,1594744,60,0,36299,8.19,12.94,30756,28,1.3178,uuf250-068.cnf,600
fixed,600,250,1065,UNSAT,454542,531582,18518087,756,0,454541,9.68,14.60,432264,29,33.8783,uuf250-069.cnf,600
fixed,600,250,1065,UNSAT,369689,431880,15200596,615,0,369688,9.82,14.87,355962,30,25.7274,uuf250-07.cnf,600
fixed,600,250,1065,UNSAT,552736,648266,23342156,920,0,552735,10.07,15.54,528465,33,43.8550,uuf250-070.cnf,600
fixed,600,250,1065,UNSAT,718058,842827,29240534,1195,0,718057,10.23,15.55,690766,33,61.7860,uuf250-071.cnf,600
fixed,600,250,1065,UNSAT,232116,272168,9691426,386,0,232115,9.39,14.45,217212,33,13.7859,uuf250-072.cnf,600
fixed,600,250,1065,UNSAT,138271,163044,6019232,230,0,138270,9.31,14.34,130508,28,6.9141,uuf250-073.cnf,600
fixed,600,250,1065,UNSAT,151177,178327,6276013,251,0,151176,9.11,13.77,143456,32,7.5420,uuf250-074.cnf,600
fixed,600,250,1065,UNSAT,274193,324823,11619028,456,0,274192,9.73,14.96,259716,30,16.8770,uuf250-075.cnf,600
fixed,600,250,1065,UNSAT,151511,177428,6326686,252,0,151510,9.02,13.70,143460,35,7.7098,uuf250-076.cnf,600
fixed,600,250,1065,UNSAT,1982141,2312145,80860996,3299,0,1982140,10.37,15.86,1945285,34,255.8631,uuf250-077.cnf,600
fixed,600,250,1065,UNSAT,294896,345843,12434934,490,0,294895,9.54,14.46,277762,33,18.3193,uuf250-078.cnf,600
fixed,600,250,1065,UNSAT,244864,286530,10231380,407,0,244863,9.41,14.46,233763,32,14.7714,uuf250-079.cnf,600
fixed,600,250,1065,UNSAT,259683,304784,10782563,432,0,259682,9.44,14.46,250905,28,15.9854,uuf250-08.cnf,600
fixed,600,250,1065,UNSAT,286262,336190,11844507,476,0,286261,9.57,14.58,268659,32,17.8529,uuf250-080.cnf,600
fixed,600,250,1065,UNSAT,268524,316362,11147127,446,0,268523,9.29,14.14,259713,31,16.1464,uuf250-081.cnf,600
fixed,600,250,1065,UNSAT,231271,272224,9757312,384,0,231270,9.45,14.53,217209,31,13.6099,uuf250-082.cnf,600
fixed,600,250,1065,UNSAT,64486,76338,2818149,107,0,64485,8.48,13.94,56655,27,2.6541,uuf250-083.cnf,600
fixed,600,250,1065,UNSAT,113180,133571,4928076,188,0,113179,9.17,14.39,106405,29,5.3376,uuf250-084.cnf,600
fixed,600,250,1065,UNSAT,221863,259787,9207594,369,0,221862,9.39,14.39,209159,34,12.7594,uuf250-085.cnf,600
fixed,600,250,1065,UNSAT,159038,186841,6675991,264,0,159037,9.07,13.91,150161,30,8.1500,uuf250-086.cnf,600
fixed,600,250,1065,UNSAT,1134053,1330572,47032654,1887,0,1134052,10.23,15.54,1098276,37,113.5733,uuf250-087.cnf,600
fixed,600,250,1065,UNSAT,485938,567268,19781857,808,0,485937,9.97,15.01,467213,31,36.0756,uuf250-088.cnf,600
fixed,600,250,1065,UNSAT,390356,455057,16361327,649,0,390355,9.68,14.78,377016,32,27.4601,uuf250-089.cnf,600
fixed,600,250,1065,UNSAT,984959,1148383,40954095,1639,0,984958,10.25,15.34,957676,31,95.6165,uuf250-09.cnf,600
fixed,600,250,1065,UNSAT,31799,37272,1365438,52,0,31798,8.00,12.95,27651,32,1.1252,uuf250-090.cnf,600
fixed,600,250,1065,UNSAT,244408,287698,10456568,406,0,244407,9.47,14.71,233758,30,14.1984,uuf250-091.cnf,600
fixed,600,250,1065,UNSAT,557940,654817,22990375,928,0,557939,9.88,15.06,541165,37,44.6932,uuf250-092.cnf,600
fixed,600,250,1065,UNSAT,193044,228213,8168709,321,0,193043,9.09,14.01,178460,28,10.4325,uuf250-093.cnf,600
fixed,600,250,1065,UNSAT,180509,211960,7528868,300,0,180508,9.15,14.12,171158,31,9.8138,uuf250-094.cnf,600
fixed,600,250,1065,UNSAT,102318,120557,4261391,170,0,102317,8.73,13.30,95256,37,4.6639,uuf250-095.cnf,600
fixed,600,250,1065,UNSAT,315697,368676,13216046,525,0,315696,9.49,14.56,305957,31,20.9753,uuf250-096.cnf,600
fixed,600,250,1065,UNSAT,132470,155026,5692588,220,0,132469,9.00,14.06,124254,38,6.6012,uuf250-097.cnf,600
fixed,600,250,1065,UNSAT,56283,66229,2462895,93,0,56282,8.52,13.35,48506,33,2.2592,uuf250-098.cnf,600
fixed,600,250,1065,UNSAT,105998,124581,4473518,176,0,105997,8.75,13.46,95254,33,4.9138,uuf250-099.cnf,600
fixed,700,250,1065,UNSAT,225223,265177,9763845,321,0,225222,9.50,14.70,209157,30,12.6318,uuf250-01.cnf,700
fixed,700,250,1065,UNSAT,169866,200091,7304390,242,0,169865,9.22,14.32,157005,30,8.8179,uuf250-010.cnf,700
fixed,700,250,1065,UNSAT,400799,470255,16411737,571,0,400798,9.69,14.64,387765,30,27.4042,uuf250-0100.cnf,700
fixed,700,250,1065,UNSAT,361739,424590,15131615,516,0,361738,9.61,14.71,345661,31,23.9311,uuf250-011.cnf,700
fixed,700,250,1065,UNSAT,184551,217285,7908190,263,0,184550,9.35,14.33,171156,30,9.9154,uuf250-012.cnf,700
fixed,700,250,1065,UNSAT,183972,216444,7633973,262,0,183971,8.99,14.04,171157,29,9.9190,uuf250-013.cnf,700
fixed,700,250,1065,UNSAT,263056,309321,11166361,375,0,263055,9.21,14.45,250910,31,15.9781,uuf250-014.cnf,700
fixed,700,250,1065,UNSAT,353061,411781,14625511,503,0,353060,9.64,14.64,335514,38,23.4766,uuf250-015.cnf,700
fixed,700,250,1065,UNSAT,144885,169321,6024201,206,0,144884,9.16,14.01,136907,29,7.4663,uuf250-016.cnf,700
fixed,700,250,1065,UNSAT,216388,254919,8947827,308,0,216387,9.20,14.23,201260,30,12.6543,uuf250-017.cnf,700
fixed,700,250,1065,UNSAT,223649,262985,9602845,319,0,223648,9.23,14.07,209153,29,12.2397,uuf250-018.cnf,700
fixed,700,250,1065,UNSAT,273877,317630,11559816,390,0,273876,9.45,14.61,259710,33,17.1904,uuf250-019.cnf,700
fixed,700,250,1065,UNSAT,219988,258306,9211719,313,0,219987,9.30,14.31,209161,28,12.3800,uuf250-02.cnf,700
fixed,700,250,1065,UNSAT,497711,584727,20253482,710,0,497710,9.94,14.87,479167,35,36.4930,uuf250-020.cnf,700
fixed,700,250,1065,UNSAT,346468,406338,14896652,494,0,346467,9.65,14.77,335516,31,22.5746,uuf250-021.cnf,700
fixed,700,250,1065,UNSAT,604430,705348,25293814,862,0,604429,10.05,15.13,580174,32,48.9216,uuf250-022.cnf,700
fixed,700,250,1065,UNSAT,112778,131450,4764902,160,0,112777,9.04,14.02,106405,34,5.4259,uuf250-023.cnf,700
fixed,700,250,1065,UNSAT,94642,111330,4083916,135,0,94641,8.53,13.42,84705,40,4.1425,uuf250-024.cnf,700
fixed,700,250,1065,UNSAT,233763,274935,10090440,333,0,233762,9.36,14.43,225415,28,13.7137,uuf250-025.cnf,700
fixed,700,250,1065,UNSAT,103810,122475,4452992,148,0,103809,9.16,14.29,95256,29,4.8737,uuf250-026.cnf,700
fixed,700,250,1065,UNSAT,320842,374336,13576409,457,0,320841,9.51,14.69,305959,29,20.7066,uuf250-027.cnf,700
fixed,700,250,1065,UNSAT,366125,429271,15282992,522,0,366124,9.70,14.86,345662,29,25.3531,uuf250-028.cnf,700
fixed,700,250,1065,UNSAT,98107,114822,4210777,139,0,98106,8.84,13.94,89906,28,4.5278,uuf250-029.cnf,700
fixed,700,250,1065,UNSAT,224057,261443,9547018,319,0,224056,9.23,14.37,209159,31,13.2306,uuf250-03.cnf,700
fixed,700,250,1065,UNSAT,112383,132781,4632620,160,0,112382,9.05,13.83,106408,31,5.3151,uuf250-030.cnf,700
fixed,700,250,1065,UNSAT,308588,363456,13461340,440,0,308587,9.69,14.87,296413,37,18.8787,uuf250-031.cnf,700
fixed,700,250,1065,UNSAT,205315,238486,8591799,293,0,205314,9.25,13.94,193510,29,11.3499,uuf250-032.cnf,700
fixed,700,250,1065,UNSAT,702830,823753,28832688,1002,0,702829,9.78,14.81,676412,30,62.4048,uuf250-033.cnf,700
fixed,700,250,1065,UNSAT,424952,498567,17980257,606,0,424951,9.61,14.99,409715,31,30.1677,uuf250-034.cnf,700
fixed,700,250,1065,UNSAT,699506,818135,28701601,998,0,699505,9.86,14.96,676419,32,59.0731,uuf250-035.cnf,700
fixed,700,250,1065,UNSAT,111234,130799,4692659,158,0,111233,8.92,14.01,100761,28,5.2552,uuf250-036.cnf,700
fixed,700,250,1065,UNSAT,114683,134025,4747891,163,0,114682,8.89,13.55,106409,33,5.5273,uuf250-037.cnf,700
fixed,700,250,1065,UNSAT,52637,62125,2270432,75,0,52636,8.32,13.03,48502,27,2.0303,uuf250-038.cnf,700
fixed,700,250,1065,UNSAT,174287,203747,7337650,248,0,174286,9.13,14.08,164007,31,9.4507,uuf250-039.cnf,700
fixed,700,250,1065,UNSAT,266704,312788,10991756,380,0,266703,9.41,14.47,250911,31,16.1599,uuf250-04.cnf,700
fixed,700,250,1065,UNSAT,54721,63818,2306941,78,0,54720,8.48,13.15,48503,29,2.1288,uuf250-040.cnf,700
fixed,700,250,1065,UNSAT,180869,213465,7784895,258,0,180868,9.51,14.77,171158,30,9.6661,uuf250-041.cnf,700
fixed,700,250,1065,UNSAT,221588,258522,9396530,316,0,221587,9.12,14.08,209163,29,12.5713,uuf250-042.cnf,700
fixed,700,250,1065,UNSAT,287323,335746,12055896,409,0,287322,9.54,14.52,277761,31,17.7500,uuf250-043.cnf,700
fixed,700,250,1065,UNSAT,164318,193819,7022771,234,0,164317,9.17,14.37,157013,33,8.5873,uuf250-044.cnf,700
fixed,700,250,1065,UNSAT,110453,130078,4739026,157,0,110452,8.78,13.64,100753,30,5.1673,uuf250-045.cnf,700
fixed,700,250,1065,UNSAT,984856,1156920,40156312,1405,0,984855,10.36,15.78,957673,33,95.2315,uuf250-046.cnf,700
fixed,700,250,1065,UNSAT,124526,146652,5319003,177,0,124525,8.96,13.75,118152,36,6.0082,uuf250-047.cnf,700
fixed,700,250,1065,UNSAT,51799,60470,2275752,73,0,51798,8.44,13.23,44654,34,2.0249,uuf250-048.cnf,700
fixed,700,250,1065,UNSAT,116219,137181,5249112,165,0,116218,9.11,14.39,106405,28,5.4357,uuf250-049.cnf,700
fixed,700,250,1065,UNSAT,122411,144604,5156589,174,0,122410,8.76,13.76,112203,31,5.7726,uuf250-05.cnf,700
fixed,700,250,1065,UNSAT,191428,225762,7940821,273,0,191427,9.17,14.12,178459,31,10.6325,uuf250-050.cnf,700
fixed,700,250,1065,UNSAT,402146,469314,17075137,573,0,402145,9.73,14.88,387761,30,27.7367,uuf250-051.cnf,700
fixed,700,250,1065,UNSAT,235389,275183,9796321,335,0,235388,9.38,14.43,225410,29,13.8504,uuf250-052.cnf,700
fixed,700,250,1065,UNSAT,395940,466021,16434158,565,0,395939,9.74,14.97,377011,38,26.7863,uuf250-053.cnf,700
fixed,700,250,1065,UNSAT,280340,327483,12173905,400,0,280339,9.62,14.72,268655,31,17.0462,uuf250-054.cnf,700
fixed,700,250,1065,UNSAT,59780,69918,2498714,85,0,59779,8.25,12.86,52502,36,2.3578,uuf250-055.cnf,700
fixed,700,250,1065,UNSAT,169109,199095,7179206,241,0,169108,9.32,14.39,157008,30,8.8661,uuf250-056.cnf,700
fixed,700,250,1065,UNSAT,242098,286534,10121623,345,0,242097,9.38,14.69,225410,30,14.1369,uuf250-057.cnf,700
fixed,700,250,1065,UNSAT,630928,736404,26416395,900,0,630927,9.88,14.98,606918,33,50.9489,uuf250-058.cnf,700
fixed,700,250,1065,UNSAT,70002,81979,2967516,99,0,70001,8.37,13.11,65403,29,2.9162,uuf250-059.cnf,700
fixed,700,250,1065,UNSAT,166017,196321,7039149,236,0,166016,9.01,14.15,157011,28,8.8576,uuf250-06.cnf,700
fixed,700,250,1065,UNSAT,128730,151547,5454603,183,0,128729,9.01,13.95,118153,29,6.3464,uuf250-060.cnf,700
fixed,700,250,1065,UNSAT,838231,978205,34689188,1196,0,838230,10.26,15.51,810965,36,77.5881,uuf250-061.cnf,700
fixed,700,250,1065,UNSAT,109672,129885,4650172,156,0,109671,8.81,13.76,100756,29,5.1613,uuf250-062.cnf,700
fixed,700,250,1065,UNSAT,271636,320111,11560841,387,0,271635,9.30,14.49,259708,32,16.3521,uuf250-063.cnf,700
fixed,700,250,1065,UNSAT,301909,352055,12768521,430,0,301908,9.61,14.94,287012,34,19.3721,uuf250-064.cnf,700
fixed,700,250,1065,UNSAT,110221,128300,4671909,157,0,110220,8.79,13.68,100761,29,5.2951,uuf250-065.cnf,700
fixed,700,250,1065,UNSAT,976746,1141064,40593247,1393,0,976745,9.75,15.19,957668,33,94.2811,uuf250-066.cnf,700
fixed,700,250,1065,UNSAT,199793,236109,8628361,285,0,199792,9.40,14.71,185911,34,11.1071,uuf250-067.cnf,700
fixed,700,250,1065,UNSAT,37349,43453,1622897,53,0,37348,8.05,12.78,34002,28,1.3595,uuf250-068.cnf,700
fixed,700,250,1065,UNSAT,417970,489746,17036496,596,0,417969,9.56,14.53,398663,29,30.4244,uuf250-069.cnf,700
fixed,700,250,1065,UNSAT,279489,327102,11630139,398,0,279488,9.52,14.54,268656,34,17.5436,uuf250-07.cnf,700
fixed,700,250,1065,UNSAT,440251,516337,18652777,628,0,440250,9.85,15.22,420917,30,31.9724,uuf250-070.cnf,700
fixed,700,250,1065,UNSAT,597036,700836,24540351,851,0,597035,10.09,15.41,580166,37,48.0533,uuf250-071.cnf,700
fixed,700,250,1065,UNSAT,229177,268326,9624042,326,0,229176,9.33,14.41,217209,33,13.5959,uuf250-072.cnf,700
fixed,700,250,1065,UNSAT,89506,105768,3930011,127,0,89505,9.16,14.20,79655,29,4.0060,uuf250-073.cnf,700
fixed,700,250,1065,UNSAT,124284,146625,5224428,177,0,124283,8.86,13.63,118155,29,5.7997,uuf250-074.cnf,700
fixed,700,250,1065,UNSAT,252793,298484,10790674,360,0,252792,9.69,14.97,242258,30,15.1632,uuf250-075.cnf,700
fixed,700,250,1065,UNSAT,170899,199806,7081789,243,0,170898,9.11,13.79,157011,35,8.8592,uuf250-076.cnf,700
fixed,700,250,1065,UNSAT,1069079,1251477,44624988,1525,0,1069078,10.15,15.60,1044424,34,106.8390,uuf250-077.cnf,700
fixed,700,250,1065,UNSAT,291211,340996,12275899,415,0,291210,9.57,14.55,277756,32,17.9764,uuf250-078.cnf,700
fixed,700,250,1065,UNSAT,276208,322331,11574855,394,0,276207,9.54,14.75,259706,32,17.4926,uuf250-079.cnf,700
fixed,700,250,1065,UNSAT,218503,256203,9082983,311,0,218502,9.28,14.25,209157,29,12.4714,uuf250-08.cnf,700
fixed,700,250,1065,UNSAT,264915,309738,11098713,378,0,264914,9.25,14.40,250909,32,16.1308,uuf250-080.cnf,700
fixed,700,250,1065,UNSAT,305886,357925,12683628,436,0,305885,9.40,14.28,296412,31,19.4838,uuf250-081.cnf,700
fixed,700,250,1065,UNSAT,260351,304426,10926964,371,0,260350,9.47,14.61,250907,28,15.9848,uuf250-082.cnf,700
fixed,700,250,1065,UNSAT,66454,78042,2933515,94,0,66453,8.39,13.63,60953,32,2.7104,uuf250-083.cnf,700
fixed,700,250,1065,UNSAT,108858,128782,4785316,155,0,108857,9.12,14.39,100757,30,5.0686,uuf250-084.cnf,700
fixed,700,250,1065,UNSAT,168952,198151,7049005,241,0,168951,9.09,14.10,157006,28,8.9850,uuf250-085.cnf,700
fixed,700,250,1065,UNSAT,130025,152203,5515537,185,0,130024,8.72,13.41,118157,28,6.2875,uuf250-086.cnf,700
fixed,700,250,1065,UNSAT,1288985,1504939,53080034,1839,0,1288984,10.11,15.41,1267927,34,135.2779,uuf250-087.cnf,700
fixed,700,250,1065,UNSAT,366780,429573,15176650,523,0,366779,9.72,14.81,355964,31,24.9277,uuf250-088.cnf,700
fixed,700,250,1065,UNSAT,337279,392768,14253132,481,0,337278,9.66,14.88,325520,30,22.6946,uuf250-089.cnf,700
fixed,700,250,1065,UNSAT,1248078,1450140,51444293,1780,0,1248077,10.33,15.50,1210019,31,132.7701,uuf250-09.cnf,700
fixed,700,250,1065,UNSAT,42377,49682,1792652,60,0,42376,8.23,13.08,37404,32,1.6208,uuf250-090.cnf,700
fixed,700,250,1065,UNSAT,254159,300067,10818735,362,0,254158,9.57,14.91,242262,30,15.0985,uuf250-091.cnf,700
fixed,700,250,1065,UNSAT,765102,895694,31199824,1091,0,765101,9.85,15.05,749672,32,69.3069,uuf250-092.cnf,700
fixed,700,250,1065,UNSAT,192914,227069,8184988,275,0,192913,8.99,13.89,178456,30,10.5455,uuf250-093.cnf,700
fixed,700,250,1065,UNSAT,171226,200984,7133928,244,0,171225,9.07,14.06,164009,31,9.1551,uuf250-094.cnf,700
fixed,700,250,1065,UNSAT,101010,118580,4221099,144,0,101009,8.81,13.47,95254,37,4.6476,uuf250-095.cnf,700
fixed,700,250,1065,UNSAT,279781,325891,11760078,399,0,279780,9.50,14.59,268665,30,17.8774,uuf250-096.cnf,700
fixed,700,250,1065,UNSAT,111959,131152,4817698,159,0,111958,8.96,13.99,100753,38,5.3138,uuf250-097.cnf,700
fixed,700,250,1065,UNSAT,55818,65688,2445777,79,0,55817,8.41,13.24,48507,33,2.2108,uuf250-098.cnf,700
fixed,700,250,1065,UNSAT,105736,123736,4465858,150,0,105735,8.63,13.53,95253,33,4.8177,uuf250-099.cnf,700
fixed,800,250,1065,UNSAT,203457,239382,8787742,254,0,203456,9.29,14.34,193513,29,11.0542,uuf250-01.cnf,800
fixed,800,250,1065,UNSAT,170984,201360,7304489,213,0,170983,9.12,14.37,157009,31,8.9984,uuf250-010.cnf,800
fixed,800,250,1065,UNSAT,331742,389207,13701067,414,0,331741,9.40,14.34,315659,30,21.1396,uuf250-0100.cnf,800
fixed,800,250,1065,UNSAT,351227,411646,14777869,438,0,351226,9.35,14.47,335512,29,23.1795,uuf250-011.cnf,800
fixed,800,250,1065,UNSAT,237255,278404,10001173,296,0,237254,9.50,14.44,225408,29,13.7475,uuf250-012.cnf,800
fixed,800,250,1065,UNSAT,168436,197396,6992953,210,0,168435,8.98,14.07,157011,30,8.8956,uuf250-013.cnf,800
fixed,800,250,1065,UNSAT,240217,282251,10221766,299,0,240216,9.07,14.44,225410,31,14.0999,uuf250-014.cnf,800
fixed,800,250,1065,UNSAT,284625,331956,11881503,355,0,284624,9.60,14.75,268665,38,17.8364,uuf250-015.cnf,800
fixed,800,250,1065,UNSAT,114979,134673,4801860,143,0,114978,8.89,13.84,106402,29,5.5927,uuf250-016.cnf,800
fixed,800,250,1065,UNSAT,254513,298618,10499706,317,0,254512,9.26,14.31,242262,31,15.6730,uuf250-017.cnf,800
fixed,800,250,1065,UNSAT,237955,278518,10150202,297,0,237954,9.32,14.17,225410,30,13.4153,uuf250-018.cnf,800
fixed,800,250,1065,UNSAT,187347,217736,8079015,233,0,187346,9.18,14.38,178458,27,10.2814,uuf250-019.cnf,800
fixed,800,250,1065,UNSAT,193678,226732,8165086,241,0,193677,9.10,14.16,185907,27,10.6590,uuf250-02.cnf,800
fixed,800,250,1065,UNSAT,466449,547490,19042929,582,0,466448,9.80,14.78,443760,29,33.2100,uuf250-020.cnf,800
fixed,800,250,1065,UNSAT,364914,428426,15637969,455,0,364913,9.48,14.63,345665,31,24.2231,uuf250-021.cnf,800
fixed,800,250,1065,UNSAT,606047,704288,25197103,756,0,606046,10.12,15.12,580173,32,48.7673,uuf250-022.cnf,800
fixed,800,250,1065,UNSAT,113225,131954,4773662,141,0,113224,9.00,13.96,106405,34,5.4630,uuf250-023.cnf,800
fixed,800,250,1065,UNSAT,92332,108843,3970134,115,0,92331,8.55,13.68,84708,40,4.0163,uuf250-024.cnf,800
fixed,800,250,1065,UNSAT,223370,261347,9638027,278,0,223369,9.37,14.46,209158,30,12.7272,uuf250-025.cnf,800
fixed,800,250,1065,UNSAT,86913,102729,3713057,108,0,86912,8.85,13.93,79652,25,3.7747,uuf250-026.cnf,800
fixed,800,250,1065,UNSAT,284575,331565,12065633,355,0,284574,9.49,14.73,268657,31,17.8506,uuf250-027.cnf,800
fixed,800,250,1065,UNSAT,277118,324299,11605786,346,0,277117,9.58,14.83,259710,31,17.6544,uuf250-028.cnf,800
fixed,800,250,1065,UNSAT,118539,137956,5037021,148,0,118538,9.05,14.09,112204,29,5.8515,uuf250-029.cnf,800
fixed,800,250,1065,UNSAT,224342,261692,9571823,280,0,224341,9.17,14.42,209157,31,13.4003,uuf250-03.cnf,800
fixed,800,250,1065,UNSAT,126689,148826,5203951,158,0,126688,9.01,13.84,118155,29,6.1701,uuf250-030.cnf,800
fixed,800,250,1065,UNSAT,329992,388491,14373102,412,0,329991,9.82,15.09,315670,37,20.7037,uuf250-031.cnf,800
fixed,800,250,1065,UNSAT,204676,238363,8605314,255,0,204675,9.29,14.19,193511,29,11.3992,uuf250-032.cnf,800
fixed,800,250,1065,UNSAT,630930,738068,25943308,787,0,630929,9.58,14.66,606908,31,53.2812,uuf250-033.cnf,800
fixed,800,250,1065,UNSAT,395706,464766,16692792,494,0,395705,9.69,15.03,377010,33,27.3922,uuf250-034.cnf,800
fixed,800,250,1065,UNSAT,547021,639584,22482418,683,0,547020,9.83,14.93,528462,31,42.4016,uuf250-035.cnf,800
fixed,800,250,1065,UNSAT,106765,125315,4537782,133,0,106764,8.95,14.03,100755,29,4.9740,uuf250-036.cnf,800
fixed,800,250,1065,UNSAT,119009,138647,4920842,148,0,119008,9.13,13.76,112213,33,5.6962,uuf250-037.cnf,800
fixed,800,250,1065,UNSAT,62114,72801,2651000,77,0,62113,8.46,13.17,56658,27,2.4720,uuf250-038.cnf,800
fixed,800,250,1065,UNSAT,148754,173366,6344353,185,0,148753,9.02,14.03,136906,29,7.6488,uuf250-039.cnf,800
fixed,800,250,1065,UNSAT,181295,213698,7558773,226,0,181294,9.10,14.18,171160,28,9.6540,uuf250-04.cnf,800
fixed,800,250,1065,UNSAT,54854,63666,2333239,68,0,54853,8.59,13.16,48505,29,2.1736,uuf250-040.cnf,800
fixed,800,250,1065,UNSAT,149007,176253,6481891,186,0,149006,9.26,14.56,136908,30,7.4372,uuf250-041.cnf,800
fixed,800,250,1065,UNSAT,202571,236992,8641284,252,0,202570,9.15,14.20,193514,28,11.3762,uuf250-042.cnf,800
fixed,800,250,1065,UNSAT,308185,360806,12904503,384,0,308184,9.65,14.69,296414,30,19.4826,uuf250-043.cnf,800
fixed,800,250,1065,UNSAT,247880,289751,10409292,309,0,247879,9.31,14.50,233766,33,15.0388,uuf250-044.cnf,800
fixed,800,250,1065,UNSAT,100309,118707,4318654,125,0,100308,8.88,13.85,89907,32,4.5509,uuf250-045.cnf,800
fixed,800,250,1065,UNSAT,675110,791846,28041259,843,0,675109,10.16,15.61,648167,34,56.3596,uuf250-046.cnf,800
fixed,800,250,1065,UNSAT,146942,173041,6221496,183,0,146941,9.15,14.00,136904,36,7.3416,uuf250-047.cnf,800
fixed,800,250,1065,UNSAT,48584,57066,2125795,60,0,48583,8.27,13.09,44653,34,1.8511,uuf250-048.cnf,800
fixed,800,250,1065,UNSAT,103628,122973,4696000,129,0,103627,8.99,14.33,95257,28,4.6248,uuf250-049.cnf,800
fixed,800,250,1065,UNSAT,107293,126876,4560540,133,0,107292,8.64,13.74,100756,31,4.8749,uuf250-05.cnf,800
fixed,800,250,1065,UNSAT,236982,278838,9688524,295,0,236981,9.47,14.48,225407,30,14.1808,uuf250-050.cnf,800
fixed,800,250,1065,UNSAT,387275,451786,16488755,483,0,387274,9.61,14.80,366420,32,26.2926,uuf250-051.cnf,800
fixed,800,250,1065,UNSAT,187337,218691,7846118,233,0,187336,9.11,14.08,178456,30,10.2690,uuf250-052.cnf,800
fixed,800,250,1065,UNSAT,346896,407993,14413451,433,0,346895,9.55,14.84,335513,38,22.4800,uuf250-053.cnf,800
fixed,800,250,1065,UNSAT,268931,313186,11681898,335,0,268930,9.55,14.69,259712,30,16.2911,uuf250-054.cnf,800
fixed,800,250,1065,UNSAT,54517,63665,2272868,68,0,54516,8.10,12.72,48504,36,2.1021,uuf250-055.cnf,800
fixed,800,250,1065,UNSAT,123795,144857,5312294,154,0,123794,9.21,14.34,112213,30,5.9549,uuf250-056.cnf,800
fixed,800,250,1065,UNSAT,226880,268095,9507947,283,0,226879,9.43,14.70,217207,33,13.0215,uuf250-057.cnf,800
fixed,800,250,1065,UNSAT,598842,697556,24985121,747,0,598841,9.92,15.03,580164,31,47.8170,uuf250-058.cnf,800
fixed,800,250,1065,UNSAT,78912,92239,3359683,98,0,78911,8.76,13.64,70002,28,3.4788,uuf250-059.cnf,800
fixed,800,250,1065,UNSAT,177740,210137,7489192,221,0,177739,8.94,14.02,164009,31,9.6402,uuf250-06.cnf,800
fixed,800,250,1065,UNSAT,103517,121576,4439334,129,0,103516,8.69,13.66,95261,29,4.7466,uuf250-060.cnf,800
fixed,800,250,1065,UNSAT,732031,852922,30331439,914,0,732030,10.23,15.55,705265,36,64.1977,uuf250-061.cnf,800
fixed,800,250,1065,UNSAT,100717,118831,4275401,125,0,100716,8.87,13.90,95256,31,4.5384,uuf250-062.cnf,800
fixed,800,250,1065,UNSAT,209795,246815,8980224,262,0,209794,9.17,14.51,201260,29,11.7329,uuf250-063.cnf,800
fixed,800,250,1065,UNSAT,253371,294539,10793297,316,0,253370,9.37,14.53,242259,34,15.1743,uuf250-064.cnf,800
fixed,800,250,1065,UNSAT,110997,129037,4699367,138,0,110996,8.79,13.72,100759,29,5.4074,uuf250-065.cnf,800
fixed,800,250,1065,UNSAT,653575,765527,27654711,816,0,653574,9.65,15.07,634268,31,53.6376,uuf250-066.cnf,800
fixed,800,250,1065,UNSAT,189713,224100,8233137,236,0,189712,9.18,14.53,178456,34,10.3158,uuf250-067.cnf,800
fixed,800,250,1065,UNSAT,33941,39551,1480749,42,0,33940,8.00,12.63,30755,28,1.1992,uuf250-068.cnf,800
fixed,800,250,1065,UNSAT,306376,358828,12589735,382,0,306375,9.45,14.45,296413,29,19.8455,uuf250-069.cnf,800
fixed,800,250,1065,UNSAT,266806,311915,11125831,333,0,266805,9.35,14.46,250909,30,16.3472,uuf250-07.cnf,800
fixed,800,250,1065,UNSAT,518526,605993,21986578,647,0,518525,9.93,15.48,503511,31,39.8036,uuf250-070.cnf,800
fixed,800,250,1065,UNSAT,674443,790639,27644665,842,0,674442,10.07,15.48,648164,33,56.8225,uuf250-071.cnf,800
fixed,800,250,1065,UNSAT,176783,208000,7445866,220,0,176782,9.05,14.27,164010,33,9.5466,uuf250-072.cnf,800
fixed,800,250,1065,UNSAT,79173,93452,3501438,98,0,79172,8.65,13.93,70002,28,3.4042,uuf250-073.cnf,800
fixed,800,250,1065,UNSAT,133967,157247,5580116,167,0,133966,9.08,13.73,124260,29,6.4993,uuf250-074.cnf,800
fixed,800,250,1065,UNSAT,211658,250359,9010240,264,0,211657,9.48,14.74,201255,30,11.9004,uuf250-075.cnf,800
fixed,800,250,1065,UNSAT,149694,175039,6245601,186,0,149693,8.86,13.63,136909,35,7.6283,uuf250-076.cnf,800
fixed,800,250,1065,UNSAT,849229,992743,35718735,1060,0,849228,10.03,15.47,826670,32,77.2161,uuf250-077.cnf,800
fixed,800,250,1065,UNSAT,294373,343455,12395983,367,0,294372,9.49,14.42,277759,32,18.2483,uuf250-078.cnf,800
fixed,800,250,1065,UNSAT,287983,336448,11998855,359,0,287982,9.44,14.65,277766,33,18.5694,uuf250-079.cnf,800
fixed,800,250,1065,UNSAT,199380,234225,8372510,248,0,199379,9.14,14.30,185914,29,11.0544,uuf250-08.cnf,800
fixed,800,250,1065,UNSAT,260285,304255,10894290,325,0,260284,9.36,14.57,250916,32,15.8236,uuf250-080.cnf,800
fixed,800,250,1065,UNSAT,261394,306528,10957138,326,0,261393,9.20,14.26,250911,29,15.5957,uuf250-081.cnf,800
fixed,800,250,1065,UNSAT,241340,282626,10136053,301,0,241339,9.36,14.47,225409,35,14.3300,uuf250-082.cnf,800
fixed,800,250,1065,UNSAT,86156,101228,3740593,107,0,86155,8.89,14.27,79655,27,3.8182,uuf250-083.cnf,800
fixed,800,250,1065,UNSAT,86575,102399,3810729,108,0,86574,8.90,14.15,79657,26,3.7759,uuf250-084.cnf,800
fixed,800,250,1065,UNSAT,165386,193157,6940652,206,0,165385,9.08,14.06,157006,29,8.7307,uuf250-085.cnf,800
fixed,800,250,1065,UNSAT,127708,149853,5386549,159,0,127707,8.63,13.46,118156,29,6.0824,uuf250-086.cnf,800
fixed,800,250,1065,UNSAT,1500783,1749196,61666261,1874,0,1500782,10.31,15.67,1470675,33,168.0498,uuf250-087.cnf,800
fixed,800,250,1065,UNSAT,307371,359378,12725208,383,0,307370,9.66,14.74,296409,31,19.5825,uuf250-088.cnf,800
fixed,800,250,1065,UNSAT,263273,307222,11154187,328,0,263272,9.46,14.75,250909,31,16.2543,uuf250-089.cnf,800
fixed,800,250,1065,UNSAT,917363,1065699,38086195,1145,0,917362,10.32,15.50,890969,34,86.9885,uuf250-09.cnf,800
fixed,800,250,1065,UNSAT,33910,39819,1437368,42,0,33909,8.04,12.95,30752,32,1.2221,uuf250-090.cnf,800
fixed,800,250,1065,UNSAT,244159,286785,10419903,304,0,244158,9.50,14.91,233758,30,14.4418,uuf250-091.cnf,800
fixed,800,250,1065,UNSAT,658962,771925,26988779,822,0,658961,9.86,15.12,634266,33,56.7069,uuf250-092.cnf,800
fixed,800,250,1065,UNSAT,152000,179510,6481048,189,0,151999,8.81,13.76,143456,29,7.6187,uuf250-093.cnf,800
fixed,800,250,1065,UNSAT,160128,188157,6698304,199,0,160127,8.99,14.01,150156,31,8.3333,uuf250-094.cnf,800
fixed,800,250,1065,UNSAT,100156,117484,4182417,125,0,100155,8.76,13.38,89907,37,4.4429,uuf250-095.cnf,800
fixed,800,250,1065,UNSAT,254282,296055,10760419,317,0,254281,9.35,14.49,242261,28,15.5096,uuf250-096.cnf,800
fixed,800,250,1065,UNSAT,92066,108194,3994785,114,0,92065,8.81,13.93,84703,38,4.1197,uuf250-097.cnf,800
fixed,800,250,1065,UNSAT,50483,59530,2200377,63,0,50482,8.43,13.24,44652,33,1.9231,uuf250-098.cnf,800
fixed,800,250,1065,UNSAT,104746,122342,4459662,130,0,104745,8.73,13.59,95258,33,4.7847,uuf250-099.cnf,800
fixed,900,250,1065,UNSAT,228289,267645,9861992,253,0,228288,9.43,14.54,217210,30,12.8451,uuf250-01.cnf,900
fixed,900,250,1065,UNSAT,155127,182307,6661737,172,0,155126,9.14,14.30,143460,29,7.8842,uuf250-010.cnf,900
fixed,900,250,1065,UNSAT,309252,361796,12860291,343,0,309251,9.43,14.40,296414,31,19.2536,uuf250-0100.cnf,900
fixed,900,250,1065,UNSAT,278307,325838,11726167,308,0,278306,9.36,14.49,268667,33,16.8586,uuf250-011.cnf,900
fixed,900,250,1065,UNSAT,202349,237402,8544581,224,0,202348,9.28,14.06,193513,27,10.8897,uuf250-012.cnf,900
fixed,900,250,1065,UNSAT,177712,208248,7424765,197,0,177711,9.01,14.08,164005,28,9.4318,uuf250-013.cnf,900
fixed,900,250,1065,UNSAT,220778,258600,9555759,245,0,220777,9.02,14.40,209160,31,12.6044,uuf250-014.cnf,900
fixed,900,250,1065,UNSAT,260558,305012,10904737,289,0,260557,9.50,14.62,250909,38,15.8326,uuf250-015.cnf,900
fixed,900,250,1065,UNSAT,124375,145885,5205210,138,0,124374,8.98,13.84,118154,29,6.1237,uuf250-016.cnf,900
fixed,900,250,1065,UNSAT,232513,272627,9531617,258,0,232512,9.20,14.34,217212,34,13.8929,uuf250-017.cnf,900
fixed,900,250,1065,UNSAT,241328,282048,10336726,267,0,241327,9.41,14.34,225412,29,13.6459,uuf250-018.cnf,900
fixed,900,250,1065,UNSAT,204974,237455,8757858,227,0,204973,9.29,14.58,193516,28,11.6833,uuf250-019.cnf,900
fixed,900,250,1065,UNSAT,208741,244470,8775208,231,0,208740,9.15,14.17,193511,33,11.6418,uuf250-02.cnf,900
fixed,900,250,1065,UNSAT,264514,311561,11032681,293,0,264513,9.50,14.54,250911,29,15.5390,uuf250-020.cnf,900
fixed,900,250,1065,UNSAT,374451,439353,15953979,415,0,374450,9.61,14.78,355965,31,25.2292,uuf250-021.cnf,900
fixed,900,250,1065,UNSAT,426400,497623,17999766,473,0,426399,9.89,14.97,409724,32,30.4405,uuf250-022.cnf,900
fixed,900,250,1065,UNSAT,96582,113041,4119997,107,0,96581,8.82,13.82,89908,34,4.4602,uuf250-023.cnf,900
fixed,900,250,1065,UNSAT,89896,105582,3876434,99,0,89895,8.41,13.46,84705,40,3.8784,uuf250-024.cnf,900
fixed,900,250,1065,UNSAT,200060,234140,8716610,222,0,200059,9.32,14.56,185906,32,11.0615,uuf250-025.cnf,900
fixed,900,250,1065,UNSAT,97485,114889,4162140,108,0,97484,9.04,14.14,89905,28,4.4521,uuf250-026.cnf,900
fixed,900,250,1065,UNSAT,353183,410734,14878533,392,0,353182,9.61,14.89,335515,31,23.8845,uuf250-027.cnf,900
fixed,900,250,1065,UNSAT,275356,321928,11657394,305,0,275355,9.66,14.88,259708,34,16.9446,uuf250-028.cnf,900
fixed,900,250,1065,UNSAT,80921,94662,3494238,89,0,80920,8.40,13.58,74754,28,3.4960,uuf250-029.cnf,900
fixed,900,250,1065,UNSAT,200466,233770,8585580,222,0,200465,9.20,14.45,185908,31,11.3348,uuf250-03.cnf,900
fixed,900,250,1065,UNSAT,105472,124232,4361445,117,0,105471,8.92,13.70,95256,29,4.8425,uuf250-030.cnf,900
fixed,900,250,1065,UNSAT,271278,319570,11819570,301,0,271277,9.62,14.87,259710,37,16.0039,uuf250-031.cnf,900
fixed,900,250,1065,UNSAT,223275,259255,9286661,247,0,223274,9.24,14.13,209160,30,12.8636,uuf250-032.cnf,900
fixed,900,250,1065,UNSAT,675076,788060,27799556,749,0,675075,9.62,14.67,648168,31,58.0845,uuf250-033.cnf,900
fixed,900,250,1065,UNSAT,372083,435900,15752342,413,0,372082,9.58,14.93,355965,33,25.0649,uuf250-034.cnf,900
fixed,900,250,1065,UNSAT,459984,536927,18938604,510,0,459983,9.83,14.84,443769,32,33.1344,uuf250-035.cnf,900
fixed,900,250,1065,UNSAT,113607,133562,4798196,126,0,113606,9.13,14.19,106405,28,5.4173,uuf250-036.cnf,900
fixed,900,250,1065,UNSAT,107364,125269,4450800,119,0,107363,8.83,13.58,100758,33,5.0981,uuf250-037.cnf,900
fixed,900,250,1065,UNSAT,50857,59744,2194519,56,0,50856,8.39,13.18,44653,29,1.9324,uuf250-038.cnf,900
fixed,900,250,1065,UNSAT,146599,171688,6209927,162,0,146598,8.96,13.86,136906,26,7.4603,uuf250-039.cnf,900
fixed,900,250,1065,UNSAT,174460,205333,7220935,193,0,174459,9.10,14.37,164009,29,9.3043,uuf250-04.cnf,900
fixed,900,250,1065,UNSAT,54522,63665,2305080,60,0,54521,8.44,13.11,48504,29,2.1227,uuf250-040.cnf,900
fixed,900,250,1065,UNSAT,203119,238741,8757131,225,0,203118,9.66,14.99,193508,37,11.2267,uuf250-041.cnf,900
fixed,900,250,1065,UNSAT,188263,219723,8028710,208,0,188262,8.96,14.02,178457,28,10.1971,uuf250-042.cnf,900
fixed,900,250,1065,UNSAT,294904,342757,12348617,327,0,294903,9.54,14.57,277768,33,18.3405,uuf250-043.cnf,900
fixed,900,250,1065,UNSAT,187120,219650,7952195,207,0,187119,9.02,14.26,178461,33,10.3138,uuf250-044.cnf,900
fixed,900,250,1065,UNSAT,95054,112141,4132517,105,0,95053,8.70,13.78,84712,29,4.2585,uuf250-045.cnf,900
fixed,900,250,1065,UNSAT,547140,643742,22825902,607,0,547139,10.06,15.54,528464,34,42.1130,uuf250-046.cnf,900
fixed,900,250,1065,UNSAT,136918,161310,5834758,151,0,136917,9.19,14.04,130512,36,6.8049,uuf250-047.cnf,900
fixed,900,250,1065,UNSAT,47226,55340,2071967,52,0,47225,8.30,13.09,40954,34,1.8056,uuf250-048.cnf,900
fixed,900,250,1065,UNSAT,104076,122549,4699306,115,0,104075,8.94,14.21,95260,28,4.7196,uuf250-049.cnf,900
fixed,900,250,1065,UNSAT,94713,111501,4049701,105,0,94712,8.55,13.69,84701,31,4.1885,uuf250-05.cnf,900
fixed,900,250,1065,UNSAT,198010,231996,8184206,219,0,198009,9.16,14.13,185911,34,11.0978,uuf250-050.cnf,900
fixed,900,250,1065,UNSAT,432147,503454,18269651,479,0,432146,9.65,14.90,420915,34,30.8752,uuf250-051.cnf,900
fixed,900,250,1065,UNSAT,221710,258485,9183907,246,0,221709,9.37,14.44,209155,29,13.0915,uuf250-052.cnf,900
fixed,900,250,1065,UNSAT,270949,319228,11305623,300,0,270948,9.50,14.72,259707,38,16.0540,uuf250-053.cnf,900
fixed,900,250,1065,UNSAT,201945,235657,8867526,224,0,201944,9.40,14.60,193510,30,11.1291,uuf250-054.cnf,900
fixed,900,250,1065,UNSAT,44761,52502,1885903,49,0,44760,8.11,12.99,40955,36,1.6716,uuf250-055.cnf,900
fixed,900,250,1065,UNSAT,129207,151694,5530951,143,0,129206,9.14,14.29,118156,30,6.2866,uuf250-056.cnf,900
fixed,900,250,1065,UNSAT,200016,236157,8438361,222,0,200015,9.18,14.56,185912,31,11.0027,uuf250-057.cnf,900
fixed,900,250,1065,UNSAT,529724,616597,22086068,588,0,529723,9.77,14.82,515916,31,40.2978,uuf250-058.cnf,900
fixed,900,250,1065,UNSAT,82279,96100,3478431,91,0,82278,8.74,13.47,74757,29,3.5644,uuf250-059.cnf,900
fixed,900,250,1065,UNSAT,155165,182863,6543764,172,0,155164,9.05,14.27,143455,30,8.1277,uuf250-06.cnf,900
fixed,900,250,1065,UNSAT,103326,121360,4397005,114,0,103325,8.67,13.62,95256,27,4.7204,uuf250-060.cnf,900
fixed,900,250,1065,UNSAT,568341,663743,23816934,630,0,568340,10.03,15.36,554023,36,45.1508,uuf250-061.cnf,900
fixed,900,250,1065,UNSAT,116805,137817,4939792,129,0,116804,8.75,13.77,106410,29,5.5005,uuf250-062.cnf,900
fixed,900,250,1065,UNSAT,230270,270365,9886584,255,0,230269,9.22,14.52,217213,33,13.2130,uuf250-063.cnf,900
fixed,900,250,1065,UNSAT,271996,317348,11506557,301,0,271995,9.49,14.86,259715,34,16.9024,uuf250-064.cnf,900
fixed,900,250,1065,UNSAT,84350,98184,3620172,93,0,84349,8.52,13.42,74761,29,3.7805,uuf250-065.cnf,900
fixed,900,250,1065,UNSAT,717272,836894,30271433,796,0,717271,9.72,15.25,690769,31,61.9251,uuf250-066.cnf,900
fixed,900,250,1065,UNSAT,151327,178671,6621119,167,0,151326,9.06,14.23,143458,34,7.6878,uuf250-067.cnf,900
fixed,900,250,1065,UNSAT,31860,37071,1392165,35,0,31859,7.84,12.60,27651,28,1.1004,uuf250-068.cnf,900
fixed,900,250,1065,UNSAT,355721,416160,14592744,394,0,355720,9.55,14.55,335507,29,23.8773,uuf250-069.cnf,900
fixed,900,250,1065,UNSAT,224796,262345,9440180,249,0,224795,9.30,14.37,209153,31,13.1362,uuf250-07.cnf,900
fixed,900,250,1065,UNSAT,494381,578194,20829373,548,0,494380,9.84,15.30,479174,32,37.6750,uuf250-070.cnf,900
fixed,900,250,1065,UNSAT,668827,780671,27307999,742,0,668826,10.11,15.47,648171,33,56.0381,uuf250-071.cnf,900
fixed,900,250,1065,UNSAT,154617,181706,6590096,171,0,154616,9.01,14.16,143458,33,7.9864,uuf250-072.cnf,900
fixed,900,250,1065,UNSAT,85531,100734,3762594,94,0,85530,8.99,14.15,79657,30,3.7361,uuf250-073.cnf,900
fixed,900,250,1065,UNSAT,146039,171353,6058636,162,0,146038,9.02,13.67,136911,26,7.0443,uuf250-074.cnf,900
fixed,900,250,1065,UNSAT,340912,400136,14318117,378,0,340911,9.81,15.13,325509,33,22.5939,uuf250-075.cnf,900
fixed,900,250,1065,UNSAT,162190,188827,6723331,180,0,162189,9.06,13.74,150163,35,8.2601,uuf250-076.cnf,900
fixed,900,250,1065,UNSAT,950871,1110185,39886024,1055,0,950870,10.11,15.64,924024,32,91.4739,uuf250-077.cnf,900
fixed,900,250,1065,UNSAT,261525,304757,11046326,290,0,261524,9.47,14.44,250913,32,15.4384,uuf250-078.cnf,900
fixed,900,250,1065,UNSAT,168025,196125,7133734,186,0,168024,9.06,14.22,157010,31,8.9988,uuf250-079.cnf,900
fixed,900,250,1065,UNSAT,234606,273532,9799974,260,0,234605,9.34,14.36,225412,29,13.7398,uuf250-08.cnf,900
fixed,900,250,1065,UNSAT,320500,373571,13306494,355,0,320499,9.36,14.54,305963,32,20.7570,uuf250-080.cnf,900
fixed,900,250,1065,UNSAT,304735,356966,12570522,338,0,304734,9.41,14.39,287009,32,19.1479,uuf250-081.cnf,900
fixed,900,250,1065,UNSAT,211974,247734,8998709,235,0,211973,9.28,14.41,201263,31,11.9202,uuf250-082.cnf,900
fixed,900,250,1065,UNSAT,71279,83599,3138005,79,0,71278,8.58,13.77,65406,28,3.0244,uuf250-083.cnf,900
fixed,900,250,1065,UNSAT,94978,112032,4165978,105,0,94977,8.92,14.34,84704,30,4.2854,uuf250-084.cnf,900
fixed,900,250,1065,UNSAT,149710,175155,6304449,166,0,149709,8.90,13.93,136905,29,7.5481,uuf250-085.cnf,900
fixed,900,250,1065,UNSAT,139385,162653,5901371,154,0,139384,8.75,13.59,130506,30,6.8745,uuf250-086.cnf,900
fixed,900,250,1065,UNSAT,1128531,1315704,47059788,1252,0,1128530,10.19,15.54,1098269,31,111.0429,uuf250-087.cnf,900
fixed,900,250,1065,UNSAT,293654,342964,12233651,325,0,293653,9.53,14.65,277761,30,18.2627,uuf250-088.cnf,900
fixed,900,250,1065,UNSAT,336779,390735,14152127,373,0,336778,9.70,15.01,325510,31,22.7519,uuf250-089.cnf,900
fixed,900,250,1065,UNSAT,775240,900411,32662643,860,0,775239,10.14,15.37,749672,32,67.7872,uuf250-09.cnf,900
fixed,900,250,1065,UNSAT,35205,40839,1511386,39,0,35204,7.94,12.77,30754,32,1.2705,uuf250-090.cnf,900
fixed,900,250,1065,UNSAT,197852,233184,8475767,219,0,197851,9.13,14.43,185907,34,10.7109,uuf250-091.cnf,900
fixed,900,250,1065,UNSAT,530484,620781,21769826,588,0,530483,9.78,15.06,515914,32,41.6475,uuf250-092.cnf,900
fixed,900,250,1065,UNSAT,172303,202791,7381198,191,0,172302,9.03,14.07,164009,30,9.0444,uuf250-093.cnf,900
fixed,900,250,1065,UNSAT,131644,154487,5542099,146,0,131643,9.03,14.16,124260,31,6.5106,uuf250-094.cnf,900
fixed,900,250,1065,UNSAT,74441,87378,3142133,82,0,74440,8.61,13.36,65403,37,3.1417,uuf250-095.cnf,900
fixed,900,250,1065,UNSAT,240576,279691,10125654,267,0,240575,9.34,14.42,225407,29,14.5206,uuf250-096.cnf,900
fixed,900,250,1065,UNSAT,76201,89439,3338271,84,0,76200,8.67,13.91,70004,38,3.2424,uuf250-097.cnf,900
fixed,900,250,1065,UNSAT,63920,74981,2751640,70,0,63919,8.58,13.43,56654,33,2.6157,uuf250-098.cnf,900
fixed,900,250,1065,UNSAT,105047,122872,4422816,116,0,105046,8.69,13.70,95257,33,4.8246,uuf250-099.cnf,900
fixed,1000,250,1065,UNSAT,182232,213393,7969807,182,0,182231,9.29,14.51,171159,28,9.6605,uuf250-01.cnf,1000
fixed,1000,250,1065,UNSAT,151575,177849,6536056,151,0,151574,9.15,14.40,143460,29,7.6828,uuf250-010.cnf,1000
fixed,1000,250,1065,UNSAT,314670,368272,13039804,314,0,314669,9.43,14.49,296420,29,19.5884,uuf250-0100.cnf,1000
fixed,1000,250,1065,UNSAT,235530,275878,9982329,235,0,235529,9.19,14.37,225410,31,13.5237,uuf250-011.cnf,1000
fixed,1000,250,1065,UNSAT,209695,245303,8975009,209,0,209694,9.40,14.38,201264,29,11.4872,uuf250-012.cnf,1000
fixed,1000,250,1065,UNSAT,191126,223597,7882797,190,0,191125,9.00,14.01,178458,29,10.5039,uuf250-013.cnf,1000
fixed,1000,250,1065,UNSAT,208659,244351,9011699,208,0,208658,8.88,14.32,193509,31,11.6533,uuf250-014.cnf,1000
fixed,1000,250,1065,UNSAT,255476,297691,10714425,255,0,255475,9.41,14.47,242256,38,15.0961,uuf250-015.cnf,1000
fixed,1000,250,1065,UNSAT,102903,120768,4315047,102,0,102902,8.82,13.79,95256,29,4.7722,uuf250-016.cnf,1000
fixed,1000,250,1065,UNSAT,251424,294496,10305524,251,0,251423,9.20,14.28,242257,31,15.3247,uuf250-017.cnf,1000
fixed,1000,250,1065,UNSAT,229880,267908,9924461,229,0,229879,9.37,14.41,217207,33,12.9172,uuf250-018.cnf,1000
fixed,1000,250,1065,UNSAT,189677,219888,8087563,189,0,189676,9.20,14.50,178457,34,10.5492,uuf250-019.cnf,1000
fixed,1000,250,1065,UNSAT,222692,260283,9333881,222,0,222691,9.27,14.36,209160,30,12.8055,uuf250-02.cnf,1000
fixed,1000,250,1065,UNSAT,317254,372541,13162708,317,0,317253,9.64,14.66,305968,31,19.9318,uuf250-020.cnf,1000
fixed,1000,250,1065,UNSAT,292009,342671,12609645,291,0,292008,9.45,14.80,277766,31,18.0577,uuf250-021.cnf,1000
fixed,1000,250,1065,UNSAT,388029,452131,16552545,387,0,388028,9.81,15.00,377012,32,26.6947,uuf250-022.cnf,1000
fixed,1000,250,1065,UNSAT,105813,122798,4469159,105,0,105812,8.90,13.92,95258,34,4.9559,uuf250-023.cnf,1000
fixed,1000,250,1065,UNSAT,91347,107111,3941360,91,0,91346,8.35,13.40,84704,40,3.9791,uuf250-024.cnf,1000
fixed,1000,250,1065,UNSAT,175220,205259,7659547,175,0,175219,9.21,14.42,164007,29,9.2710,uuf250-025.cnf,1000
fixed,1000,250,1065,UNSAT,69717,82496,2996369,69,0,69716,8.55,13.73,60958,28,2.8987,uuf250-026.cnf,1000
fixed,1000,250,1065,UNSAT,269404,313987,11443506,269,0,269403,9.32,14.72,259717,30,16.6478,uuf250-027.cnf,1000
fixed,1000,250,1065,UNSAT,204965,239925,8732979,204,0,204964,9.29,14.46,193512,29,11.5684,uuf250-028.cnf,1000
fixed,1000,250,1065,UNSAT,95037,111209,4107041,94,0,95036,8.62,13.82,84705,28,4.4141,uuf250-029.cnf,1000
fixed,1000,250,1065,UNSAT,184863,214836,7957392,184,0,184862,9.14,14.43,171162,31,10.2547,uuf250-03.cnf,1000
fixed,1000,250,1065,UNSAT,100691,118649,4175093,100,0,100690,8.81,13.69,95253,29,4.6172,uuf250-030.cnf,1000
fixed,1000,250,1065,UNSAT,317637,373437,13825456,317,0,317636,9.68,14.99,305961,37,19.6465,uuf250-031.cnf,1000
fixed,1000,250,1065,UNSAT,144589,168462,6120030,144,0,144588,8.86,13.75,136907,29,7.2231,uuf250-032.cnf,1000
fixed,1000,250,1065,UNSAT,549992,643665,22724241,549,0,549991,9.53,14.62,528460,29,43.6582,uuf250-033.cnf,1000
fixed,1000,250,1065,UNSAT,394235,461628,16669096,393,0,394234,9.67,15.09,377014,30,26.9836,uuf250-034.cnf,1000
fixed,1000,250,1065,UNSAT,525532,613805,21657908,525,0,525531,9.71,14.83,503511,30,39.9668,uuf250-035.cnf,1000
fixed,1000,250,1065,UNSAT,86465,101647,3672180,86,0,86464,8.77,14.01,79659,27,3.7840,uuf250-036.cnf,1000
fixed,1000,250,1065,UNSAT,75976,88839,3190298,75,0,75975,8.63,13.46,70003,33,3.2392,uuf250-037.cnf,1000
fixed,1000,250,1065,UNSAT,51161,60196,2214115,51,0,51160,8.26,13.19,44656,29,1.9402,uuf250-038.cnf,1000
fixed,1000,250,1065,UNSAT,115054,134762,4900182,114,0,115053,8.74,13.77,106405,28,5.3890,uuf250-039.cnf,1000
fixed,1000,250,1065,UNSAT,163725,192805,6822112,163,0,163724,8.86,14.13,150157,30,8.4531,uuf250-04.cnf,1000
fixed,1000,250,1065,UNSAT,60812,70598,2559395,60,0,60811,8.53,13.30,52504,29,2.4821,uuf250-040.cnf,1000
fixed,1000,250,1065,UNSAT,136619,161189,5940544,136,0,136618,9.25,14.60,124258,30,6.6359,uuf250-041.cnf,1000
fixed,1000,250,1065,UNSAT,224096,260892,9484041,223,0,224095,9.06,14.09,209157,30,12.6989,uuf250-042.cnf,1000
fixed,1000,250,1065,UNSAT,158642,185654,6788759,158,0,158641,8.99,14.14,150155,31,8.1756,uuf250-043.cnf,1000
fixed,1000,250,1065,UNSAT,126033,147981,5425725,125,0,126032,8.82,14.18,118154,33,6.1299,uuf250-044.cnf,1000
fixed,1000,250,1065,UNSAT,82044,96280,3546392,81,0,82043,8.51,13.54,74757,28,3.5383,uuf250-045.cnf,1000
fixed,1000,250,1065,UNSAT,522753,613306,21936633,522,0,522752,10.07,15.58,503515,31,39.5341,uuf250-046.cnf,1000
fixed,1000,250,1065,UNSAT,118355,139174,5056903,118,0,118354,8.93,13.80,112205,36,5.5277,uuf250-047.cnf,1000
fixed,1000,250,1065,UNSAT,41449,48357,1822653,41,0,41448,8.24,13.20,37404,34,1.5395,uuf250-048.cnf,1000
fixed,1000,250,1065,UNSAT,122987,144783,5523078,122,0,122986,9.25,14.70,112207,30,5.8829,uuf250-049.cnf,1000
fixed,1000,250,1065,UNSAT,125555,147880,5295716,125,0,125554,8.70,13.79,118162,31,6.0524,uuf250-05.cnf,1000
fixed,1000,250,1065,UNSAT,166894,196043,6942878,166,0,166893,9.12,14.23,157011,32,8.8311,uuf250-050.cnf,1000
fixed,1000,250,1065,UNSAT,285346,332773,12262161,285,0,285345,9.37,14.62,268668,30,17.4019,uuf250-051.cnf,1000
fixed,1000,250,1065,UNSAT,235931,275421,9764163,235,0,235930,9.27,14.37,225409,31,14.1085,uuf250-052.cnf,1000
fixed,1000,250,1065,UNSAT,353630,413965,14605287,353,0,353629,9.69,14.85,335511,38,22.9383,uuf250-053.cnf,1000
fixed,1000,250,1065,UNSAT,236139,275538,10239290,235,0,236138,9.58,14.84,225409,32,13.6395,uuf250-054.cnf,1000
fixed,1000,250,1065,UNSAT,46604,54701,1953240,46,0,46603,8.03,12.88,40955,36,1.7389,uuf250-055.cnf,1000
fixed,1000,250,1065,UNSAT,149123,174821,6375258,148,0,149122,9.33,14.50,136909,31,7.5772,uuf250-056.cnf,1000
fixed,1000,250,1065,UNSAT,160317,190157,6799225,160,0,160316,9.14,14.54,150155,33,8.2476,uuf250-057.cnf,1000
fixed,1000,250,1065,UNSAT,392075,457119,16516698,391,0,392074,9.67,14.84,377017,30,27.0168,uuf250-058.cnf,1000
fixed,1000,250,1065,UNSAT,70184,82275,2979206,70,0,70183,8.48,13.28,65406,28,2.9545,uuf250-059.cnf,1000
fixed,1000,250,1065,UNSAT,159517,187408,6752774,159,0,159516,9.10,14.32,150162,30,8.3717,uuf250-06.cnf,1000
fixed,1000,250,1065,UNSAT,90928,106919,3909460,90,0,90927,8.64,13.73,84708,28,4.0064,uuf250-060.cnf,1000
fixed,1000,250,1065,UNSAT,573704,667558,24044686,573,0,573703,10.09,15.46,554022,36,45.5527,uuf250-061.cnf,1000
fixed,1000,250,1065,UNSAT,108939,128997,4579254,108,0,108938,8.70,13.61,100758,29,5.0031,uuf250-062.cnf,1000
fixed,1000,250,1065,UNSAT,196891,231385,8489428,196,0,196890,8.96,14.25,185911,28,10.5670,uuf250-063.cnf,1000
fixed,1000,250,1065,UNSAT,216548,252344,9225987,216,0,216547,9.28,14.75,201258,34,12.4147,uuf250-064.cnf,1000
fixed,1000,250,1065,UNSAT,83833,97332,3609490,83,0,83832,8.64,13.59,74752,31,3.7567,uuf250-065.cnf,1000
fixed,1000,250,1065,UNSAT,643886,753457,27237579,643,0,643885,9.72,15.37,620516,34,52.8305,uuf250-066.cnf,1000
fixed,1000,250,1065,UNSAT,160460,188282,6998685,160,0,160459,9.04,14.35,150154,34,8.3306,uuf250-067.cnf,1000
fixed,1000,250,1065,UNSAT,35304,40969,1550199,35,0,35303,7.88,12.63,30755,29,1.2267,uuf250-068.cnf,1000
fixed,1000,250,1065,UNSAT,263181,307287,10875239,262,0,263180,9.30,14.35,250909,31,16.1026,uuf250-069.cnf,1000
fixed,1000,250,1065,UNSAT,273214,317320,11382700,273,0,273213,9.56,14.66,259709,30,17.1458,uuf250-07.cnf,1000
fixed,1000,250,1065,UNSAT,355419,415291,15204353,355,0,355418,9.62,15.15,335520,30,23.9141,uuf250-070.cnf,1000
fixed,1000,250,1065,UNSAT,467602,547936,19402123,467,0,467601,9.93,15.34,455412,33,34.4251,uuf250-071.cnf,1000
fixed,1000,250,1065,UNSAT,170424,199497,7220277,170,0,170423,8.92,14.17,157012,33,9.1264,uuf250-072.cnf,1000
fixed,1000,250,1065,UNSAT,80001,94256,3492868,79,0,80000,8.92,14.08,74758,28,3.4283,uuf250-073.cnf,1000
fixed,1000,250,1065,UNSAT,126654,148592,5285213,126,0,126653,8.82,13.60,118156,31,5.8976,uuf250-074.cnf,1000
fixed,1000,250,1065,UNSAT,194045,229144,8337688,193,0,194044,9.35,14.71,185909,30,10.7450,uuf250-075.cnf,1000
fixed,1000,250,1065,UNSAT,132697,154448,5545543,132,0,132696,8.84,13.52,124259,35,6.3071,uuf250-076.cnf,1000
fixed,1000,250,1065,UNSAT,956508,1115735,40078449,955,0,956507,10.01,15.52,924019,33,92.6780,uuf250-077.cnf,1000
fixed,1000,250,1065,UNSAT,229549,268621,9751106,229,0,229548,9.35,14.39,217207,32,13.0094,uuf250-078.cnf,1000
fixed,1000,250,1065,UNSAT,163141,190389,6920380,162,0,163140,9.08,14.24,150154,31,8.7561,uuf250-079.cnf,1000
fixed,1000,250,1065,UNSAT,198314,231583,8283003,198,0,198313,9.24,14.40,185910,31,10.9939,uuf250-08.cnf,1000
fixed,1000,250,1065,UNSAT,185580,216682,7806616,185,0,185579,8.92,13.96,171160,32,10.0446,uuf250-080.cnf,1000
fixed,1000,250,1065,UNSAT,244087,286414,10147149,243,0,244086,9.19,14.28,233758,34,14.2318,uuf250-081.cnf,1000
fixed,1000,250,1065,UNSAT,187411,218363,7968526,187,0,187410,9.20,14.41,178464,31,10.2367,uuf250-082.cnf,1000
fixed,1000,250,1065,UNSAT,68814,80833,3043396,68,0,68813,8.68,13.96,60955,27,2.8775,uuf250-083.cnf,1000
fixed,1000,250,1065,UNSAT,75770,89641,3353340,75,0,75769,8.68,13.96,70008,29,3.1603,uuf250-084.cnf,1000
fixed,1000,250,1065,UNSAT,140435,164333,5896930,140,0,140434,8.79,13.84,130508,28,6.9843,uuf250-085.cnf,1000
fixed,1000,250,1065,UNSAT,128275,149924,5430023,128,0,128274,8.82,13.74,118158,30,6.2126,uuf250-086.cnf,1000
fixed,1000,250,1065,UNSAT,1403092,1634858,58109123,1401,0,1403091,10.30,15.77,1367437,33,149.0818,uuf250-087.cnf,1000
fixed,1000,250,1065,UNSAT,243552,285174,10172489,243,0,243551,9.53,14.76,233758,31,14.2150,uuf250-088.cnf,1000
fixed,1000,250,1065,UNSAT,264701,308713,11287233,264,0,264700,9.48,14.90,250906,30,16.4299,uuf250-089.cnf,1000
fixed,1000,250,1065,UNSAT,809200,937510,34000931,808,0,809199,10.02,15.27,780024,30,72.0320,uuf250-09.cnf,1000
fixed,1000,250,1065,UNSAT,34160,39929,1465840,34,0,34159,8.10,13.08,30752,32,1.2514,uuf250-090.cnf,1000
fixed,1000,250,1065,UNSAT,166126,195523,7196269,165,0,166125,9.12,14.60,157012,30,8.6345,uuf250-091.cnf,1000
fixed,1000,250,1065,UNSAT,413917,483010,17170927,413,0,413916,9.72,15.03,398664,30,29.6383,uuf250-092.cnf,1000
fixed,1000,250,1065,UNSAT,126819,149255,5437069,126,0,126818,8.55,13.60,118159,30,5.9516,uuf250-093.cnf,1000
fixed,1000,250,1065,UNSAT,144274,168943,6070343,144,0,144273,8.93,14.00,136906,28,7.3017,uuf250-094.cnf,1000
fixed,1000,250,1065,UNSAT,77378,90555,3255066,77,0,77377,8.51,13.21,70005,37,3.2644,uuf250-095.cnf,1000
fixed,1000,250,1065,UNSAT,197004,230161,8404394,196,0,197003,9.23,14.51,185912,29,11.0468,uuf250-096.cnf,1000
fixed,1000,250,1065,UNSAT,86164,101028,3736898,86,0,86163,8.68,13.85,79655,38,3.7562,uuf250-097.cnf,1000
fixed,1000,250,1065,UNSAT,53658,62792,2329297,53,0,53657,8.40,13.30,48506,33,2.1134,uuf250-098.cnf,1000
fixed,1000,250,1065,UNSAT,98900,115608,4196828,98,0,98899,8.53,13.45,89908,33,4.4428,uuf250-099.cnf,1000
fixed,1100,250,1065,UNSAT,148754,174585,6529435,135,0,148753,9.20,14.42,136908,29,7.4404,uuf250-01.cnf,1100
fixed,1100,250,1065,UNSAT,142610,167596,6160239,129,0,142609,8.99,14.19,130507,28,7.0418,uuf250-010.cnf,1100
fixed,1100,250,1065,UNSAT,253411,296596,10519722,230,0,253410,9.34,14.42,242267,30,15.0157,uuf250-0100.cnf,1100
fixed,1100,250,1065,UNSAT,271804,318405,11448537,246,0,271803,9.21,14.37,259711,29,16.3851,uuf250-011.cnf,1100
fixed,1100,250,1065,UNSAT,180667,211890,7701341,164,0,180666,9.20,14.22,171162,29,9.5691,uuf250-012.cnf,1100
fixed,1100,250,1065,UNSAT,179671,209965,7473822,163,0,179670,9.03,14.05,171158,27,9.6248,uuf250-013.cnf,1100
fixed,1100,250,1065,UNSAT,199193,233826,8536781,180,0,199192,8.89,14.41,185909,31,10.7792,uuf250-014.cnf,1100
fixed,1100,250,1065,UNSAT,219595,256038,9275188,199,0,219594,9.35,14.50,209160,38,12.4498,uuf250-015.cnf,1100
fixed,1100,250,1065,UNSAT,89557,105197,3767329,81,0,89556,8.71,13.73,79658,29,3.9849,uuf250-016.cnf,1100
fixed,1100,250,1065,UNSAT,203372,238084,8431120,184,0,203371,9.01,14.14,193507,30,11.5724,uuf250-017.cnf,1100
fixed,1100,250,1065,UNSAT,206298,240662,8846878,187,0,206297,9.11,14.06,193513,29,11.0501,uuf250-018.cnf,1100
fixed,1100,250,1065,UNSAT,207262,240112,8809968,188,0,207261,9.35,14.65,193515,28,11.8508,uuf250-019.cnf,1100
fixed,1100,250,1065,UNSAT,185145,216270,7790889,168,0,185144,9.13,14.25,171158,29,9.9525,uuf250-02.cnf,1100
fixed,1100,250,1065,UNSAT,278345,327058,11565703,252,0,278344,9.37,14.38,268654,29,16.5949,uuf250-020.cnf,1100
fixed,1100,250,1065,UNSAT,298546,349942,12851728,271,0,298545,9.29,14.54,287011,31,18.5275,uuf250-021.cnf,1100
fixed,1100,250,1065,UNSAT,388740,452526,16451955,353,0,388739,9.71,14.93,377012,32,26.6575,uuf250-022.cnf,1100
fixed,1100,250,1065,UNSAT,128430,148852,5415004,116,0,128429,9.15,14.02,118154,34,6.3698,uuf250-023.cnf,1100
fixed,1100,250,1065,UNSAT,74332,87529,3231380,67,0,74331,8.18,13.19,65404,40,2.9755,uuf250-024.cnf,1100
fixed,1100,250,1065,UNSAT,168425,197075,7353975,153,0,168424,9.13,14.31,157012,30,8.7567,uuf250-025.cnf,1100
fixed,1100,250,1065,UNSAT,81670,96223,3513676,74,0,81669,8.70,13.84,74756,27,3.5828,uuf250-026.cnf,1100
fixed,1100,250,1065,UNSAT,286030,333311,12143001,259,0,286029,9.35,14.69,268666,29,18.0072,uuf250-027.cnf,1100
fixed,1100,250,1065,UNSAT,264832,309507,11111833,240,0,264831,9.39,14.62,250912,30,16.3575,uuf250-028.cnf,1100
fixed,1100,250,1065,UNSAT,91384,106025,3959926,83,0,91383,8.55,13.81,84709,28,4.1462,uuf250-029.cnf,1100
fixed,1100,250,1065,UNSAT,183891,214107,7923652,167,0,183890,9.05,14.28,171164,32,10.0330,uuf250-03.cnf,1100
fixed,1100,250,1065,UNSAT,86650,102400,3592938,78,0,86649,8.84,13.77,79655,31,3.7840,uuf250-030.cnf,1100
fixed,1100,250,1065,UNSAT,240726,282349,10574264,218,0,240725,9.42,14.67,225413,37,13.5193,uuf250-031.cnf,1100
fixed,1100,250,1065,UNSAT,180167,209466,7559734,163,0,180166,9.12,14.02,171153,29,9.6384,uuf250-032.cnf,1100
fixed,1100,250,1065,UNSAT,750195,874268,30674716,681,0,750194,9.59,14.70,734722,30,67.7197,uuf250-033.cnf,1100
fixed,1100,250,1065,UNSAT,426647,498160,18001325,387,0,426646,9.66,15.09,409716,31,30.5734,uuf250-034.cnf,1100
fixed,1100,250,1065,UNSAT,695705,810398,28281218,631,0,695704,9.75,14.81,676419,30,58.4153,uuf250-035.cnf,1100
fixed,1100,250,1065,UNSAT,81681,95597,3493667,74,0,81680,8.71,13.81,74753,28,3.5124,uuf250-036.cnf,1100
fixed,1100,250,1065,UNSAT,93617,109160,3913059,85,0,93616,8.67,13.37,84708,33,4.2211,uuf250-037.cnf,1100
fixed,1100,250,1065,UNSAT,46478,54719,1999266,42,0,46477,8.30,13.18,40953,27,1.7329,uuf250-038.cnf,1100
fixed,1100,250,1065,UNSAT,126760,148258,5390444,115,0,126759,8.82,13.84,118155,26,6.0950,uuf250-039.cnf,1100
fixed,1100,250,1065,UNSAT,201448,235907,8339956,183,0,201447,9.26,14.50,193512,31,11.1818,uuf250-04.cnf,1100
fixed,1100,250,1065,UNSAT,49316,57408,2087061,44,0,49315,8.41,13.21,44653,29,1.8870,uuf250-040.cnf,1100
fixed,1100,250,1065,UNSAT,110597,131164,4854569,100,0,110596,8.93,14.41,100758,30,5.1488,uuf250-041.cnf,1100
fixed,1100,250,1065,UNSAT,220401,256015,9324875,200,0,220400,9.24,14.39,209161,29,12.6581,uuf250-042.cnf,1100
fixed,1100,250,1065,UNSAT,206222,240655,8702299,187,0,206221,9.20,14.29,193510,30,11.5243,uuf250-043.cnf,1100
fixed,1100,250,1065,UNSAT,173241,202205,7395984,157,0,173240,9.15,14.36,164011,33,9.3770,uuf250-044.cnf,1100
fixed,1100,250,1065,UNSAT,88660,104554,3824375,80,0,88659,8.64,13.68,79655,29,3.8779,uuf250-045.cnf,1100
fixed,1100,250,1065,UNSAT,538850,631389,22534109,489,0,538849,9.92,15.48,515921,32,41.2104,uuf250-046.cnf,1100
fixed,1100,250,1065,UNSAT,113249,133191,4858526,102,0,113248,8.91,13.95,106407,36,5.3148,uuf250-047.cnf,1100
fixed,1100,250,1065,UNSAT,43754,51253,1932433,39,0,43753,8.09,13.07,37402,34,1.6064,uuf250-048.cnf,1100
fixed,1100,250,1065,UNSAT,124346,146241,5589293,112,0,124345,9.12,14.54,118158,29,5.8750,uuf250-049.cnf,1100
fixed,1100,250,1065,UNSAT,122491,144145,5162644,111,0,122490,8.76,13.85,112206,31,5.7888,uuf250-05.cnf,1100
fixed,1100,250,1065,UNSAT,195041,228507,8100891,177,0,195040,9.25,14.35,185907,30,10.9614,uuf250-050.cnf,1100
fixed,1100,250,1065,UNSAT,280161,326777,12073299,254,0,280160,9.26,14.46,268661,30,16.8831,uuf250-051.cnf,1100
fixed,1100,250,1065,UNSAT,160340,187030,6739528,145,0,160339,9.02,14.16,150153,27,8.4660,uuf250-052.cnf,1100
fixed,1100,250,1065,UNSAT,254312,299529,10670756,231,0,254311,9.40,14.63,242257,38,14.9455,uuf250-053.cnf,1100
fixed,1100,250,1065,UNSAT,225623,262780,9820030,204,0,225622,9.49,14.65,217216,31,12.7422,uuf250-054.cnf,1100
fixed,1100,250,1065,UNSAT,42815,50097,1795873,38,0,42814,7.91,12.57,37403,36,1.5769,uuf250-055.cnf,1100
fixed,1100,250,1065,UNSAT,99961,117764,4329625,90,0,99960,8.86,14.04,89904,29,4.4619,uuf250-056.cnf,1100
fixed,1100,250,1065,UNSAT,158384,187034,6728281,143,0,158383,9.10,14.57,150158,30,8.1321,uuf250-057.cnf,1100
fixed,1100,250,1065,UNSAT,359910,420228,15296262,326,0,359909,9.55,14.77,345661,30,23.6609,uuf250-058.cnf,1100
fixed,1100,250,1065,UNSAT,60634,71007,2594387,55,0,60633,8.29,13.04,52504,28,2.4031,uuf250-059.cnf,1100
fixed,1100,250,1065,UNSAT,198431,233748,8331782,180,0,198430,9.10,14.38,185907,36,11.2318,uuf250-06.cnf,1100
fixed,1100,250,1065,UNSAT,90305,106104,3861732,82,0,90304,8.62,13.66,84703,29,3.9935,uuf250-060.cnf,1100
fixed,1100,250,1065,UNSAT,661150,769420,27524618,600,0,661149,10.11,15.51,634274,36,55.5401,uuf250-061.cnf,1100
fixed,1100,250,1065,UNSAT,113781,134384,4799078,103,0,113780,8.83,13.90,106407,29,5.3452,uuf250-062.cnf,1100
fixed,1100,250,1065,UNSAT,197337,231460,8491368,179,0,197336,9.13,14.65,185911,29,10.7136,uuf250-063.cnf,1100
fixed,1100,250,1065,UNSAT,280846,326062,11879918,255,0,280845,9.52,14.89,268664,35,17.6462,uuf250-064.cnf,1100
fixed,1100,250,1065,UNSAT,90355,104915,3844225,82,0,90354,8.73,13.71,84707,32,4.0768,uuf250-065.cnf,1100
fixed,1100,250,1065,UNSAT,686123,799392,28965134,623,0,686122,9.58,15.11,662216,33,58.5872,uuf250-066.cnf,1100
fixed,1100,250,1065,UNSAT,177156,208304,7712040,160,0,177155,9.28,14.65,164010,34,9.4724,uuf250-067.cnf,1100
fixed,1100,250,1065,UNSAT,36914,43085,1606007,33,0,36913,7.97,12.62,30753,28,1.3195,uuf250-068.cnf,1100
fixed,1100,250,1065,UNSAT,298074,347788,12296794,270,0,298073,9.40,14.47,287012,28,18.9269,uuf250-069.cnf,1100
fixed,1100,250,1065,UNSAT,225632,262802,9497958,204,0,225631,9.35,14.51,217209,30,13.1260,uuf250-07.cnf,1100
fixed,1100,250,1065,UNSAT,408741,477585,17334395,371,0,408740,9.71,15.24,387757,31,29.1890,uuf250-070.cnf,1100
fixed,1100,250,1065,UNSAT,466217,546145,19293146,423,0,466216,9.92,15.33,443766,33,34.1650,uuf250-071.cnf,1100
fixed,1100,250,1065,UNSAT,187131,218315,7885476,169,0,187130,9.09,14.30,178456,33,10.3046,uuf250-072.cnf,1100
fixed,1100,250,1065,UNSAT,77039,90735,3359001,69,0,77038,8.85,14.12,70004,30,3.2493,uuf250-073.cnf,1100
fixed,1100,250,1065,UNSAT,121428,141935,5074445,110,0,121427,8.90,13.63,112204,33,5.5818,uuf250-074.cnf,1100
fixed,1100,250,1065,UNSAT,210264,247465,8999710,191,0,210263,9.45,14.83,201262,30,12.0236,uuf250-075.cnf,1100
fixed,1100,250,1065,UNSAT,131197,152515,5528928,119,0,131196,8.92,13.63,124260,35,6.2933,uuf250-076.cnf,1100
fixed,1100,250,1065,UNSAT,928147,1083397,39013495,843,0,928146,9.96,15.55,907422,33,87.7467,uuf250-077.cnf,1100
fixed,1100,250,1065,UNSAT,208847,243631,8934200,189,0,208846,9.33,14.48,193518,32,11.8166,uuf250-078.cnf,1100
fixed,1100,250,1065,UNSAT,150526,176062,6413504,136,0,150525,8.99,14.19,143454,31,7.9951,uuf250-079.cnf,1100
fixed,1100,250,1065,UNSAT,199658,232880,8399575,181,0,199657,9.24,14.30,185912,30,11.4417,uuf250-08.cnf,1100
fixed,1100,250,1065,UNSAT,223487,260824,9389498,203,0,223486,9.15,14.29,209159,32,13.3789,uuf250-080.cnf,1100
fixed,1100,250,1065,UNSAT,267079,312100,11118748,242,0,267078,9.19,14.27,250913,30,16.7395,uuf250-081.cnf,1100
fixed,1100,250,1065,UNSAT,194751,227002,8251490,176,0,194750,9.13,14.32,185914,29,10.9300,uuf250-082.cnf,1100
fixed,1100,250,1065,UNSAT,79611,92896,3480369,72,0,79610,8.67,14.02,74756,31,3.5825,uuf250-083.cnf,1100
fixed,1100,250,1065,UNSAT,83410,98431,3680581,75,0,83409,8.89,14.15,74756,27,3.5961,uuf250-084.cnf,1100
fixed,1100,250,1065,UNSAT,145479,169617,6151304,132,0,145478,9.02,14.11,136915,28,7.5432,uuf250-085.cnf,1100
fixed,1100,250,1065,UNSAT,150303,174671,6286839,136,0,150302,8.67,13.53,143457,28,7.6658,uuf250-086.cnf,1100
fixed,1100,250,1065,UNSAT,830919,969700,34799782,754,0,830918,9.90,15.30,810971,32,74.4605,uuf250-087.cnf,1100
fixed,1100,250,1065,UNSAT,230842,269763,9706563,209,0,230841,9.37,14.60,217214,30,13.4193,uuf250-088.cnf,1100
fixed,1100,250,1065,UNSAT,292000,338576,12392896,265,0,291999,9.56,14.86,277764,30,18.9578,uuf250-089.cnf,1100
fixed,1100,250,1065,UNSAT,692575,803758,29198915,629,0,692574,10.04,15.40,676421,31,58.4146,uuf250-09.cnf,1100
fixed,1100,250,1065,UNSAT,29493,34783,1263878,26,0,29492,7.90,12.92,24704,32,1.0280,uuf250-090.cnf,1100
fixed,1100,250,1065,UNSAT,182298,214466,7857264,165,0,182297,9.15,14.60,171161,30,9.7773,uuf250-091.cnf,1100
fixed,1100,250,1065,UNSAT,437269,511330,18014022,397,0,437268,9.79,15.13,420922,32,32.3977,uuf250-092.cnf,1100
fixed,1100,250,1065,UNSAT,135294,159339,5815994,122,0,135293,8.70,13.84,124256,29,6.5268,uuf250-093.cnf,1100
fixed,1100,250,1065,UNSAT,136801,160389,5762097,124,0,136800,8.80,13.95,130508,32,6.8845,uuf250-094.cnf,1100
fixed,1100,250,1065,UNSAT,85728,100179,3582637,77,0,85727,8.65,13.41,79654,37,3.7488,uuf250-095.cnf,1100
fixed,1100,250,1065,UNSAT,174652,203337,7477693,158,0,174651,9.03,14.33,164012,28,9.6387,uuf250-096.cnf,1100
fixed,1100,250,1065,UNSAT,92557,108692,4000990,84,0,92556,8.81,13.99,84705,38,4.2890,uuf250-097.cnf,1100
fixed,1100,250,1065,UNSAT,50949,59449,2232708,46,0,50948,8.32,13.18,44655,33,2.0335,uuf250-098.cnf,1100
fixed,1100,250,1065,UNSAT,129273,150602,5456284,117,0,129272,8.92,13.78,118156,33,6.4536,uuf250-099.cnf,1100
fixed,1200,250,1065,UNSAT,170548,199343,7450301,142,0,170547,9.11,14.39,157008,29,8.8915,uuf250-01.cnf,1200
fixed,1200,250,1065,UNSAT,126924,149262,5490216,105,0,126923,8.60,13.81,118155,28,6.0487,uuf250-010.cnf,1200
fixed,1200,250,1065,UNSAT,347412,405860,14331336,289,0,347411,9.34,14.40,335517,30,22.8720,uuf250-0100.cnf,1200
fixed,1200,250,1065,UNSAT,246619,289458,10402214,205,0,246618,9.24,14.44,233763,29,14.4360,uuf250-011.cnf,1200
fixed,1200,250,1065,UNSAT,157143,183777,6752982,130,0,157142,9.13,14.06,150157,30,7.9568,uuf250-012.cnf,1200
fixed,1200,250,1065,UNSAT,168893,197678,7014418,140,0,168892,8.89,14.05,157005,28,8.9152,uuf250-013.cnf,1200
fixed,1200,250,1065,UNSAT,220388,257847,9492814,183,0,220387,9.07,14.56,209157,33,12.8120,uuf250-014.cnf,1200
fixed,1200,250,1065,UNSAT,277398,322766,11567820,231,0,277397,9.40,14.54,259708,38,17.3012,uuf250-015.cnf,1200
fixed,1200,250,1065,UNSAT,96883,113280,4091335,80,0,96882,8.68,13.61,89908,30,4.3840,uuf250-016.cnf,1200
fixed,1200,250,1065,UNSAT,178195,208965,7403214,148,0,178194,8.99,14.12,164011,32,9.6930,uuf250-017.cnf,1200
fixed,1200,250,1065,UNSAT,209031,243516,8978570,174,0,209030,9.25,14.19,201260,32,11.3122,uuf250-018.cnf,1200
fixed,1200,250,1065,UNSAT,194860,225404,8331985,162,0,194859,9.21,14.53,185909,31,10.9299,uuf250-019.cnf,1200
fixed,1200,250,1065,UNSAT,162862,191051,6876212,135,0,162861,9.03,14.13,150156,28,8.4633,uuf250-02.cnf,1200
fixed,1200,250,1065,UNSAT,319725,374515,13209107,266,0,319724,9.54,14.60,305957,35,20.0529,uuf250-020.cnf,1200
fixed,1200,250,1065,UNSAT,293811,344188,12636043,244,0,293810,9.26,14.45,277757,31,18.0251,uuf250-021.cnf,1200
fixed,1200,250,1065,UNSAT,368498,429263,15632803,306,0,368497,9.84,15.03,355965,32,24.7928,uuf250-022.cnf,1200
fixed,1200,250,1065,UNSAT,95752,111409,4050651,79,0,95751,8.75,13.86,89905,34,4.4009,uuf250-023.cnf,1200
fixed,1200,250,1065,UNSAT,86660,101544,3745324,72,0,86659,8.47,13.52,79651,40,3.6975,uuf250-024.cnf,1200
fixed,1200,250,1065,UNSAT,187823,219765,8158944,156,0,187822,9.14,14.39,178458,28,10.2022,uuf250-025.cnf,1200
fixed,1200,250,1065,UNSAT,72258,85174,3100446,60,0,72257,8.65,13.79,65405,30,3.0216,uuf250-026.cnf,1200
fixed,1200,250,1065,UNSAT,225632,262754,9681690,187,0,225631,9.16,14.52,217208,29,12.9898,uuf250-027.cnf,1200
fixed,1200,250,1065,UNSAT,245826,286844,10407102,204,0,245825,9.36,14.63,233763,30,14.9267,uuf250-028.cnf,1200
fixed,1200,250,1065,UNSAT,101186,118004,4315314,84,0,101185,8.84,14.04,95256,28,4.7390,uuf250-029.cnf,1200
fixed,1200,250,1065,UNSAT,158210,184562,6822502,131,0,158209,8.91,14.26,150160,31,8.3573,uuf250-03.cnf,1200
fixed,1200,250,1065,UNSAT,86195,102029,3581265,71,0,86194,8.63,13.51,79657,30,3.7361,uuf250-030.cnf,1200
fixed,1200,250,1065,UNSAT,297312,349865,12940188,247,0,297311,9.56,14.91,287011,37,18.0007,uuf250-031.cnf,1200
fixed,1200,250,1065,UNSAT,155500,181439,6556451,129,0,155499,8.95,13.96,143456,31,7.9448,uuf250-032.cnf,1200
fixed,1200,250,1065,UNSAT,385992,451326,16144500,321,0,385991,9.35,14.47,366420,32,27.2498,uuf250-033.cnf,1200
fixed,1200,250,1065,UNSAT,320859,375669,13642230,267,0,320858,9.44,14.88,305964,29,21.5174,uuf250-034.cnf,1200
fixed,1200,250,1065,UNSAT,393176,458985,16260870,327,0,393175,9.55,14.66,377011,30,27.9476,uuf250-035.cnf,1200
fixed,1200,250,1065,UNSAT,91816,107996,3917309,76,0,91815,8.74,13.75,84706,29,4.2040,uuf250-036.cnf,1200
fixed,1200,250,1065,UNSAT,94761,110338,3958809,78,0,94760,8.77,13.58,84705,33,4.4639,uuf250-037.cnf,1200
fixed,1200,250,1065,UNSAT,50897,59817,2187262,42,0,50896,8.42,13.17,44655,27,1.9558,uuf250-038.cnf,1200
fixed,1200,250,1065,UNSAT,142986,167332,6043858,119,0,142985,8.87,13.84,130508,26,7.3242,uuf250-039.cnf,1200
fixed,1200,250,1065,UNSAT,203427,238438,8443641,169,0,203426,9.09,14.45,193508,29,11.7662,uuf250-04.cnf,1200
fixed,1200,250,1065,UNSAT,46761,54485,1989560,38,0,46760,8.30,13.12,40952,29,1.8308,uuf250-040.cnf,1200
fixed,1200,250,1065,UNSAT,126113,148813,5481470,105,0,126112,9.10,14.74,118153,30,6.1690,uuf250-041.cnf,1200
fixed,1200,250,1065,UNSAT,199097,231355,8469830,165,0,199096,8.98,14.19,185911,28,11.2481,uuf250-042.cnf,1200
fixed,1200,250,1065,UNSAT,186110,217713,7910537,155,0,186109,9.10,14.31,178463,30,10.4078,uuf250-043.cnf,1200
fixed,1200,250,1065,UNSAT,173322,202783,7347860,144,0,173321,9.23,14.54,164007,33,9.8279,uuf250-044.cnf,1200
fixed,1200,250,1065,UNSAT,99614,116747,4263510,82,0,99613,8.77,13.78,89910,30,4.6603,uuf250-045.cnf,1200
fixed,1200,250,1065,UNSAT,579566,678636,24115585,482,0,579565,10.10,15.66,554021,33,46.4396,uuf250-046.cnf,1200
fixed,1200,250,1065,UNSAT,120114,140688,5109415,100,0,120113,8.90,13.94,112207,36,6.1255,uuf250-047.cnf,1200
fixed,1200,250,1065,UNSAT,37744,44282,1674825,31,0,37743,8.15,12.99,34003,34,1.5719,uuf250-048.cnf,1200
fixed,1200,250,1065,UNSAT,99964,117592,4514303,83,0,99963,8.90,14.42,89907,27,5.0794,uuf250-049.cnf,1200
fixed,1200,250,1065,UNSAT,123141,144651,5204125,102,0,123140,8.70,13.84,112206,31,6.7283,uuf250-05.cnf,1200
fixed,1200,250,1065,UNSAT,174799,205229,7276287,145,0,174798,9.03,14.22,164004,29,9.4577,uuf250-050.cnf,1200
fixed,1200,250,1065,UNSAT,294323,343534,12637975,245,0,294322,9.37,14.70,277763,33,18.5682,uuf250-051.cnf,1200
fixed,1200,250,1065,UNSAT,169830,198306,7118290,141,0,169829,8.89,13.98,157008,28,9.0882,uuf250-052.cnf,1200
fixed,1200,250,1065,UNSAT,255856,299911,10682594,213,0,255855,9.39,14.73,242259,38,15.0914,uuf250-053.cnf,1200
fixed,1200,250,1065,UNSAT,203496,236947,8903528,169,0,203495,9.40,14.57,193510,29,11.4737,uuf250-054.cnf,1200
fixed,1200,250,1065,UNSAT,42068,48971,1775245,35,0,42067,7.88,12.71,37403,36,1.5979,uuf250-055.cnf,1200
fixed,1200,250,1065,UNSAT,88431,103631,3850062,73,0,88430,8.71,13.90,79656,29,3.9264,uuf250-056.cnf,1200
fixed,1200,250,1065,UNSAT,175952,207893,7422344,146,0,175951,9.06,14.49,164011,36,9.6971,uuf250-057.cnf,1200
fixed,1200,250,1065,UNSAT,509477,591542,21255421,424,0,509476,9.71,14.75,491267,30,39.9566,uuf250-058.cnf,1200
fixed,1200,250,1065,UNSAT,59004,68896,2526762,49,0,59003,8.39,13.32,52504,28,2.3800,uuf250-059.cnf,1200
fixed,1200,250,1065,UNSAT,142039,167020,6046719,118,0,142038,8.61,14.08,130503,32,7.3173,uuf250-06.cnf,1200
fixed,1200,250,1065,UNSAT,89149,105038,3813782,74,0,89148,8.49,13.44,79655,26,3.9013,uuf250-060.cnf,1200
fixed,1200,250,1065,UNSAT,491263,572016,20662124,409,0,491262,9.93,15.38,479163,36,37.5034,uuf250-061.cnf,1200
fixed,1200,250,1065,UNSAT,95462,112159,4072306,79,0,95461,8.54,13.69,89907,29,4.2973,uuf250-062.cnf,1200
fixed,1200,250,1065,UNSAT,215344,253080,9224246,179,0,215343,8.97,14.39,201261,30,12.1638,uuf250-063.cnf,1200
fixed,1200,250,1065,UNSAT,249838,290277,10616214,208,0,249837,9.31,14.67,233759,34,15.3639,uuf250-064.cnf,1200
fixed,1200,250,1065,UNSAT,81760,94733,3513669,68,0,81759,8.59,13.54,74756,29,3.5619,uuf250-065.cnf,1200
fixed,1200,250,1065,UNSAT,509065,593881,21694931,423,0,509064,9.40,14.98,491265,31,39.4755,uuf250-066.cnf,1200
fixed,1200,250,1065,UNSAT,117073,138176,5137627,97,0,117072,8.87,14.27,106406,34,5.4810,uuf250-067.cnf,1200
fixed,1200,250,1065,UNSAT,32352,37667,1423920,26,0,32351,7.84,12.72,27654,28,1.2046,uuf250-068.cnf,1200
fixed,1200,250,1065,UNSAT,224069,261298,9265295,186,0,224068,9.33,14.47,209159,32,13.4915,uuf250-069.cnf,1200
fixed,1200,250,1065,UNSAT,234911,273198,9805796,195,0,234910,9.47,14.63,225410,30,14.3290,uuf250-07.cnf,1200
fixed,1200,250,1065,UNSAT,416437,486301,17708832,346,0,416436,9.76,15.39,398672,32,31.0046,uuf250-070.cnf,1200
fixed,1200,250,1065,UNSAT,381604,446771,15871743,317,0,381603,9.68,15.20,366412,33,26.9724,uuf250-071.cnf,1200
fixed,1200,250,1065,UNSAT,178950,208485,7556767,149,0,178949,8.95,14.24,171160,33,10.0382,uuf250-072.cnf,1200
fixed,1200,250,1065,UNSAT,59857,70735,2669713,49,0,59856,8.37,13.72,52502,28,2.3978,uuf250-073.cnf,1200
fixed,1200,250,1065,UNSAT,110500,129123,4662024,92,0,110499,8.83,13.65,100756,27,5.2673,uuf250-074.cnf,1200
fixed,1200,250,1065,UNSAT,192514,226534,8279070,160,0,192513,9.28,14.76,178458,30,10.8938,uuf250-075.cnf,1200
fixed,1200,250,1065,UNSAT,125636,146280,5301669,104,0,125635,8.65,13.44,118158,35,6.1047,uuf250-076.cnf,1200
fixed,1200,250,1065,UNSAT,819729,955516,34497336,682,0,819728,9.91,15.52,795418,32,76.1896,uuf250-077.cnf,1200
fixed,1200,250,1065,UNSAT,245166,285549,10378222,204,0,245165,9.30,14.32,233756,34,14.6526,uuf250-078.cnf,1200
fixed,1200,250,1065,UNSAT,161435,188226,6884758,134,0,161434,9.07,14.25,150159,31,8.6885,uuf250-079.cnf,1200
fixed,1200,250,1065,UNSAT,195631,228051,8190579,162,0,195630,9.11,14.23,185909,27,10.8877,uuf250-08.cnf,1200
fixed,1200,250,1065,UNSAT,221867,258122,9289673,184,0,221866,9.07,14.26,209160,32,13.2876,uuf250-080.cnf,1200
fixed,1200,250,1065,UNSAT,217637,254731,9141513,181,0,217636,9.04,14.11,209159,30,12.6291,uuf250-081.cnf,1200
fixed,1200,250,1065,UNSAT,192787,224663,8181065,160,0,192786,9.20,14.41,178459,28,10.9768,uuf250-082.cnf,1200
fixed,1200,250,1065,UNSAT,60272,70898,2672838,50,0,60271,8.65,14.08,52502,29,2.4912,uuf250-083.cnf,1200
fixed,1200,250,1065,UNSAT,91512,107478,4018792,76,0,91511,8.85,14.29,84709,28,4.1406,uuf250-084.cnf,1200
fixed,1200,250,1065,UNSAT,168297,196297,7068853,140,0,168296,9.16,14.33,157005,33,8.9932,uuf250-085.cnf,1200
fixed,1200,250,1065,UNSAT,109974,128295,4642627,91,0,109973,8.66,13.61,100760,28,5.2381,uuf250-086.cnf,1200
fixed,1200,250,1065,UNSAT,1043494,1213428,43384474,868,0,1043493,10.10,15.59,1009282,31,105.5354,uuf250-087.cnf,1200
fixed,1200,250,1065,UNSAT,226710,264680,9496317,188,0,226709,9.32,14.50,217208,29,13.4995,uuf250-088.cnf,1200
fixed,1200,250,1065,UNSAT,229082,266853,9802971,190,0,229081,9.34,14.67,217210,31,13.8209,uuf250-089.cnf,1200
fixed,1200,250,1065,UNSAT,617187,716318,26178266,513,0,617186,10.01,15.34,593471,30,51.7614,uuf250-09.cnf,1200
fixed,1200,250,1065,UNSAT,35060,40917,1493469,29,0,35059,7.93,12.98,30752,32,1.2883,uuf250-090.cnf,1200
fixed,1200,250,1065,UNSAT,213237,250045,9125475,177,0,213236,9.40,14.78,201264,30,12.1857,uuf250-091.cnf,1200
fixed,1200,250,1065,UNSAT,450604,526534,18551745,375,0,450603,9.62,14.91,432265,34,34.2611,uuf250-092.cnf,1200
fixed,1200,250,1065,UNSAT,188155,221550,7959682,156,0,188154,9.09,14.23,178453,29,10.3927,uuf250-093.cnf,1200
fixed,1200,250,1065,UNSAT,119977,140703,5062203,99,0,119976,8.86,13.98,112207,29,5.8441,uuf250-094.cnf,1200
fixed,1200,250,1065,UNSAT,72167,84684,3027414,60,0,72166,8.33,13.10,65404,37,3.0548,uuf250-095.cnf,1200
fixed,1200,250,1065,UNSAT,191400,222730,8142259,159,0,191399,9.10,14.31,178456,28,10.8981,uuf250-096.cnf,1200
fixed,1200,250,1065,UNSAT,83429,97813,3604763,69,0,83428,8.57,13.73,74754,38,3.6459,uuf250-097.cnf,1200
fixed,1200,250,1065,UNSAT,56064,65937,2438810,46,0,56063,8.39,13.34,48504,33,2.2611,uuf250-098.cnf,1200
fixed,1200,250,1065,UNSAT,82341,96420,3511484,68,0,82340,8.36,13.27,74754,33,3.5531,uuf250-099.cnf,1200
fixed,1300,250,1065,UNSAT,152234,178948,6666496,117,0,152233,9.17,14.49,143465,33,7.8492,uuf250-01.cnf,1300
fixed,1300,250,1065,UNSAT,115892,136420,5037967,89,0,115891,8.65,13.91,106403,28,5.6638,uuf250-010.cnf,1300
fixed,1300,250,1065,UNSAT,286693,333759,11940490,220,0,286692,9.25,14.31,268665,32,17.8487,uuf250-0100.cnf,1300
fixed,1300,250,1065,UNSAT,198391,231942,8448530,152,0,198390,9.00,14.22,185909,29,11.0473,uuf250-011.cnf,1300
fixed,1300,250,1065,UNSAT,141600,166212,6124288,108,0,141599,8.96,13.94,130513,28,7.0926,uuf250-012.cnf,1300
fixed,1300,250,1065,UNSAT,159318,186538,6657672,122,0,159317,8.85,13.85,150159,29,8.3502,uuf250-013.cnf,1300
fixed,1300,250,1065,UNSAT,209199,244026,9018313,160,0,209198,9.11,14.67,201260,32,12.0850,uuf250-014.cnf,1300
fixed,1300,250,1065,UNSAT,215144,251139,9120372,165,0,215143,9.33,14.44,201257,38,12.2846,uuf250-015.cnf,1300
fixed,1300,250,1065,UNSAT,100550,117656,4215609,77,0,100549,8.78,13.80,89905,29,4.8050,uuf250-016.cnf,1300
fixed,1300,250,1065,UNSAT,174687,204703,7253184,134,0,174686,8.94,14.10,164009,28,9.7402,uuf250-017.cnf,1300
fixed,1300,250,1065,UNSAT,184976,216547,7949607,142,0,184975,9.15,14.21,171162,29,9.8281,uuf250-018.cnf,1300
fixed,1300,250,1065,UNSAT,169339,196133,7261459,130,0,169338,9.20,14.58,157011,27,9.3114,uuf250-019.cnf,1300
fixed,1300,250,1065,UNSAT,193200,226274,8139835,148,0,193199,9.17,14.35,178463,30,10.8587,uuf250-02.cnf,1300
fixed,1300,250,1065,UNSAT,258656,303254,10793531,198,0,258655,9.34,14.42,242257,31,15.5865,uuf250-020.cnf,1300
fixed,1300,250,1065,UNSAT,285067,332848,12292939,219,0,285066,9.23,14.43,268665,31,18.1692,uuf250-021.cnf,1300
fixed,1300,250,1065,UNSAT,286175,333371,12216991,219,0,286174,9.71,14.92,268663,32,18.6637,uuf250-022.cnf,1300
fixed,1300,250,1065,UNSAT,99599,115414,4227398,76,0,99598,9.05,14.19,89909,34,4.7633,uuf250-023.cnf,1300
fixed,1300,250,1065,UNSAT,81186,95239,3534214,62,0,81185,8.45,13.54,74756,40,3.4604,uuf250-024.cnf,1300
fixed,1300,250,1065,UNSAT,164655,192970,7144890,126,0,164654,9.07,14.32,157009,28,8.7863,uuf250-025.cnf,1300
fixed,1300,250,1065,UNSAT,71680,84373,3084285,55,0,71679,8.49,13.82,65404,26,3.0475,uuf250-026.cnf,1300
fixed,1300,250,1065,UNSAT,239511,278865,10212475,184,0,239510,9.33,14.81,225404,30,14.5524,uuf250-027.cnf,1300
fixed,1300,250,1065,UNSAT,217369,254519,9215506,167,0,217368,9.17,14.43,209159,31,12.8969,uuf250-028.cnf,1300
fixed,1300,250,1065,UNSAT,88114,103077,3793674,67,0,88113,8.51,13.74,79658,33,4.0014,uuf250-029.cnf,1300
fixed,1300,250,1065,UNSAT,171857,200385,7413092,132,0,171856,9.07,14.36,164011,31,9.5881,uuf250-03.cnf,1300
fixed,1300,250,1065,UNSAT,85309,100655,3564563,65,0,85308,8.71,13.54,79659,29,3.7347,uuf250-030.cnf,1300
fixed,1300,250,1065,UNSAT,221953,260355,9811431,170,0,221952,9.45,14.78,209164,37,12.7716,uuf250-031.cnf,1300
fixed,1300,250,1065,UNSAT,165949,192561,6969979,127,0,165948,9.01,13.95,157011,30,8.9438,uuf250-032.cnf,1300
fixed,1300,250,1065,UNSAT,601426,701345,24805907,462,0,601425,9.58,14.75,580168,31,51.0400,uuf250-033.cnf,1300
fixed,1300,250,1065,UNSAT,325139,380093,13853016,249,0,325138,9.48,14.92,305964,31,21.6334,uuf250-034.cnf,1300
fixed,1300,250,1065,UNSAT,330542,385840,13738795,254,0,330541,9.54,14.76,315666,30,21.7729,uuf250-035.cnf,1300
fixed,1300,250,1065,UNSAT,88144,103609,3723298,67,0,88143,8.68,13.86,79657,27,3.9426,uuf250-036.cnf,1300
fixed,1300,250,1065,UNSAT,68590,80400,2878879,52,0,68589,8.49,13.31,60957,33,2.8900,uuf250-037.cnf,1300
fixed,1300,250,1065,UNSAT,50776,59410,2177713,39,0,50775,8.19,12.97,44654,28,1.9506,uuf250-038.cnf,1300
fixed,1300,250,1065,UNSAT,126583,147720,5388876,97,0,126582,8.83,13.86,118162,29,6.2055,uuf250-039.cnf,1300
fixed,1300,250,1065,UNSAT,151405,177891,6369425,116,0,151404,8.96,14.24,143463,30,7.9428,uuf250-04.cnf,1300
fixed,1300,250,1065,UNSAT,42689,49660,1834475,32,0,42688,8.41,13.19,37405,29,1.5890,uuf250-040.cnf,1300
fixed,1300,250,1065,UNSAT,111989,131963,4907361,86,0,111988,8.93,14.29,100756,30,5.2787,uuf250-041.cnf,1300
fixed,1300,250,1065,UNSAT,217941,252993,9240288,167,0,217940,9.00,14.06,209159,30,12.5797,uuf250-042.cnf,1300
fixed,1300,250,1065,UNSAT,240631,279881,10152756,184,0,240630,9.37,14.44,225405,34,14.3816,uuf250-043.cnf,1300
fixed,1300,250,1065,UNSAT,129419,152011,5590971,99,0,129418,8.97,14.26,118157,33,6.4993,uuf250-044.cnf,1300
fixed,1300,250,1065,UNSAT,81561,96237,3532302,62,0,81560,8.48,13.58,74758,28,3.6036,uuf250-045.cnf,1300
fixed,1300,250,1065,UNSAT,523390,613549,21932778,402,0,523389,10.08,15.58,503519,33,41.1201,uuf250-046.cnf,1300
fixed,1300,250,1065,UNSAT,113518,134006,4857722,87,0,113517,8.90,13.91,106406,36,5.4048,uuf250-047.cnf,1300
fixed,1300,250,1065,UNSAT,40168,46946,1757909,30,0,40167,8.29,13.35,34005,34,1.5161,uuf250-048.cnf,1300
fixed,1300,250,1065,UNSAT,78638,92578,3586225,60,0,78637,8.52,14.00,70008,28,3.3309,uuf250-049.cnf,1300
fixed,1300,250,1065,UNSAT,103342,121253,4398054,79,0,103341,8.57,13.89,95256,31,4.8634,uuf250-05.cnf,1300
fixed,1300,250,1065,UNSAT,169102,198187,7075187,130,0,169101,9.08,14.20,157007,31,9.1351,uuf250-050.cnf,1300
fixed,1300,250,1065,UNSAT,312993,363676,13370895,240,0,312992,9.30,14.57,296412,32,20.3936,uuf250-051.cnf,1300
fixed,1300,250,1065,UNSAT,156177,181508,6526017,120,0,156176,8.90,14.01,143457,28,8.4563,uuf250-052.cnf,1300
fixed,1300,250,1065,UNSAT,325790,381694,13552454,250,0,325789,9.45,14.79,315663,38,21.3013,uuf250-053.cnf,1300
fixed,1300,250,1065,UNSAT,207898,241768,9057842,159,0,207897,9.45,14.69,193512,29,11.9814,uuf250-054.cnf,1300
fixed,1300,250,1065,UNSAT,39585,46361,1679138,30,0,39584,7.95,12.78,34000,36,1.4112,uuf250-055.cnf,1300
fixed,1300,250,1065,UNSAT,124363,145875,5321234,95,0,124362,9.15,14.36,118157,29,6.1687,uuf250-056.cnf,1300
fixed,1300,250,1065,UNSAT,183019,216117,7771942,140,0,183018,9.25,14.75,171161,30,10.1775,uuf250-057.cnf,1300
fixed,1300,250,1065,UNSAT,290416,338460,12368828,223,0,290415,9.40,14.49,277765,30,18.6421,uuf250-058.cnf,1300
fixed,1300,250,1065,UNSAT,52008,60918,2237397,39,0,52007,8.28,13.23,44656,29,2.0526,uuf250-059.cnf,1300
fixed,1300,250,1065,UNSAT,156364,183405,6647854,120,0,156363,9.06,14.62,143464,32,8.4982,uuf250-06.cnf,1300
fixed,1300,250,1065,UNSAT,86287,101163,3707544,66,0,86286,8.51,13.59,79660,26,3.9096,uuf250-060.cnf,1300
fixed,1300,250,1065,UNSAT,539760,627058,22609394,414,0,539759,10.08,15.45,515910,36,43.4465,uuf250-061.cnf,1300
fixed,1300,250,1065,UNSAT,100850,118759,4248534,77,0,100849,8.80,13.88,95258,31,4.7559,uuf250-062.cnf,1300
fixed,1300,250,1065,UNSAT,212782,249737,9105177,163,0,212781,9.03,14.46,201259,31,12.1789,uuf250-063.cnf,1300
fixed,1300,250,1065,UNSAT,195368,226831,8381782,150,0,195367,9.25,14.59,185905,34,11.3222,uuf250-064.cnf,1300
fixed,1300,250,1065,UNSAT,79322,92317,3386658,60,0,79321,8.45,13.58,70001,29,3.5499,uuf250-065.cnf,1300
fixed,1300,250,1065,UNSAT,681674,794561,28600479,524,0,681673,9.58,15.15,662223,33,60.5487,uuf250-066.cnf,1300
fixed,1300,250,1065,UNSAT,204244,239309,8835231,157,0,204243,9.30,14.64,193514,34,11.7129,uuf250-067.cnf,1300
fixed,1300,250,1065,UNSAT,35612,41530,1562962,27,0,35611,7.91,12.70,30755,28,1.2759,uuf250-068.cnf,1300
fixed,1300,250,1065,UNSAT,228446,267575,9504278,175,0,228445,9.28,14.38,217209,32,13.8521,uuf250-069.cnf,1300
fixed,1300,250,1065,UNSAT,174769,203284,7386840,134,0,174768,9.13,14.29,164009,31,10.2528,uuf250-07.cnf,1300
fixed,1300,250,1065,UNSAT,409135,475975,17353770,314,0,409134,9.67,15.25,387760,31,29.1839,uuf250-070.cnf,1300
fixed,1300,250,1065,UNSAT,415480,485676,17310035,319,0,415479,9.82,15.23,398661,33,29.8313,uuf250-071.cnf,1300
fixed,1300,250,1065,UNSAT,136978,160192,5873073,105,0,136977,8.84,14.03,130508,33,6.9325,uuf250-072.cnf,1300
fixed,1300,250,1065,UNSAT,69491,81642,3062426,53,0,69490,8.63,14.01,60954,30,2.9411,uuf250-073.cnf,1300
fixed,1300,250,1065,UNSAT,99374,116486,4203740,76,0,99373,8.76,13.57,89906,31,4.5311,uuf250-074.cnf,1300
fixed,1300,250,1065,UNSAT,191418,225442,8229668,147,0,191417,9.34,14.79,178463,29,10.8848,uuf250-075.cnf,1300
fixed,1300,250,1065,UNSAT,129469,150873,5432541,99,0,129468,8.72,13.46,118157,35,6.3002,uuf250-076.cnf,1300
fixed,1300,250,1065,UNSAT,855697,994790,35960427,657,0,855696,9.79,15.39,826667,31,82.2349,uuf250-077.cnf,1300
fixed,1300,250,1065,UNSAT,193524,225341,8299108,148,0,193523,9.19,14.34,185916,32,10.6806,uuf250-078.cnf,1300
fixed,1300,250,1065,UNSAT,175274,204298,7433611,134,0,175273,9.18,14.43,164008,32,9.9381,uuf250-079.cnf,1300
fixed,1300,250,1065,UNSAT,148518,173825,6225232,114,0,148517,8.93,14.09,136905,27,7.8783,uuf250-08.cnf,1300
fixed,1300,250,1065,UNSAT,234750,273487,9867450,180,0,234749,9.24,14.53,225407,33,14.3154,uuf250-080.cnf,1300
fixed,1300,250,1065,UNSAT,231393,270428,9655571,177,0,231392,9.23,14.29,217204,29,13.5732,uuf250-081.cnf,1300
fixed,1300,250,1065,UNSAT,190244,221623,8061512,146,0,190243,9.04,14.32,178461,28,10.7168,uuf250-082.cnf,1300
fixed,1300,250,1065,UNSAT,64054,75542,2810993,49,0,64053,8.42,13.95,56654,30,2.6591,uuf250-083.cnf,1300
fixed,1300,250,1065,UNSAT,89446,104813,3933662,68,0,89445,8.62,13.93,79659,27,3.9736,uuf250-084.cnf,1300
fixed,1300,250,1065,UNSAT,169649,197836,7039809,130,0,169648,8.97,14.11,157008,31,9.3329,uuf250-085.cnf,1300
fixed,1300,250,1065,UNSAT,117013,136558,4931168,89,0,117012,8.54,13.37,106408,28,5.5409,uuf250-086.cnf,1300
fixed,1300,250,1065,UNSAT,609836,711101,25670213,468,0,609835,9.81,15.22,593468,33,49.9236,uuf250-087.cnf,1300
fixed,1300,250,1065,UNSAT,200637,234236,8441567,154,0,200636,9.22,14.41,185910,29,11.3679,uuf250-088.cnf,1300
fixed,1300,250,1065,UNSAT,215640,251148,9261950,165,0,215639,9.32,14.74,201263,30,12.6699,uuf250-089.cnf,1300
fixed,1300,250,1065,UNSAT,845837,980048,35520527,650,0,845836,9.93,15.29,826675,31,78.3035,uuf250-09.cnf,1300
fixed,1300,250,1065,UNSAT,33211,38780,1417980,25,0,33210,7.77,12.65,27652,32,1.2044,uuf250-090.cnf,1300
fixed,1300,250,1065,UNSAT,220102,257455,9400239,169,0,220101,9.39,14.90,209163,32,12.7024,uuf250-091.cnf,1300
fixed,1300,250,1065,UNSAT,394330,460224,16380680,303,0,394329,9.72,15.03,377015,31,28.5557,uuf250-092.cnf,1300
fixed,1300,250,1065,UNSAT,156261,183728,6653814,120,0,156260,8.93,14.05,143465,28,8.0860,uuf250-093.cnf,1300
fixed,1300,250,1065,UNSAT,134377,157822,5677234,103,0,134376,8.83,14.04,124265,31,6.8158,uuf250-094.cnf,1300
fixed,1300,250,1065,UNSAT,83426,97520,3509843,64,0,83425,8.56,13.22,74757,37,3.6001,uuf250-095.cnf,1300
fixed,1300,250,1065,UNSAT,183393,212974,7825191,140,0,183392,9.13,14.33,171155,29,10.3306,uuf250-096.cnf,1300
fixed,1300,250,1065,UNSAT,78991,92659,3438742,60,0,78990,8.64,13.88,70006,38,3.4561,uuf250-097.cnf,1300
fixed,1300,250,1065,UNSAT,42715,50079,1884495,32,0,42714,8.05,13.01,37404,33,1.5902,uuf250-098.cnf,1300
fixed,1300,250,1065,UNSAT,83930,97986,3578764,64,0,83929,8.39,13.42,74754,33,3.7253,uuf250-099.cnf,1300
fixed,1400,250,1065,UNSAT,154908,181579,6801357,110,0,154907,9.20,14.48,143455,28,8.0024,uuf250-01.cnf,1400
fixed,1400,250,1065,UNSAT,140218,164134,6052709,100,0,140217,9.01,14.25,130512,29,6.9815,uuf250-010.cnf,1400
fixed,1400,250,1065,UNSAT,234454,274472,9770290,167,0,234453,9.08,14.14,225413,32,13.7237,uuf250-0100.cnf,1400
fixed,1400,250,1065,UNSAT,241631,282082,10230551,172,0,241630,9.13,14.30,225414,29,14.4383,uuf250-011.cnf,1400
fixed,1400,250,1065,UNSAT,178485,208853,7613180,127,0,178484,9.29,14.38,171159,29,9.6682,uuf250-012.cnf,1400
fixed,1400,250,1065,UNSAT,160066,186795,6658222,114,0,160065,8.88,14.06,150159,28,8.5635,uuf250-013.cnf,1400
fixed,1400,250,1065,UNSAT,188037,220310,8100767,134,0,188036,8.68,14.20,178455,31,10.2729,uuf250-014.cnf,1400
fixed,1400,250,1065,UNSAT,234317,273167,9805549,167,0,234316,9.39,14.60,225404,38,14.0893,uuf250-015.cnf,1400
fixed,1400,250,1065,UNSAT,109588,127949,4580247,78,0,109587,8.88,13.79,100761,29,5.2971,uuf250-016.cnf,1400
fixed,1400,250,1065,UNSAT,218750,254791,9036905,156,0,218749,9.08,14.19,209164,30,13.1443,uuf250-017.cnf,1400
fixed,1400,250,1065,UNSAT,185321,216031,7992455,132,0,185320,9.21,14.20,171156,29,9.8595,uuf250-018.cnf,1400
fixed,1400,250,1065,UNSAT,138686,161150,5976859,98,0,138685,8.81,14.23,130508,27,7.1000,uuf250-019.cnf,1400
fixed,1400,250,1065,UNSAT,155158,181543,6615641,110,0,155157,9.05,14.25,143453,27,8.1307,uuf250-02.cnf,1400
fixed,1400,250,1065,UNSAT,213625,250687,8980312,152,0,213624,9.17,14.32,201261,30,11.8862,uuf250-020.cnf,1400
fixed,1400,250,1065,UNSAT,313595,366616,13406560,223,0,313594,9.44,14.62,296413,31,20.4660,uuf250-021.cnf,1400
fixed,1400,250,1065,UNSAT,327929,381132,13980622,234,0,327928,9.68,14.86,315659,32,23.1760,uuf250-022.cnf,1400
fixed,1400,250,1065,UNSAT,79822,92775,3389124,56,0,79821,8.45,13.51,74752,34,3.7733,uuf250-023.cnf,1400
fixed,1400,250,1065,UNSAT,97693,114109,4170062,69,0,97692,8.41,13.48,89908,40,4.5461,uuf250-024.cnf,1400
fixed,1400,250,1065,UNSAT,162613,190465,7076323,116,0,162612,9.03,14.21,150156,29,8.9894,uuf250-025.cnf,1400
fixed,1400,250,1065,UNSAT,72562,85557,3128936,51,0,72561,8.44,13.68,65405,32,3.3436,uuf250-026.cnf,1400
fixed,1400,250,1065,UNSAT,196649,229192,8422056,140,0,196648,9.00,14.34,185911,30,11.5522,uuf250-027.cnf,1400
fixed,1400,250,1065,UNSAT,244737,286327,10333426,174,0,244736,9.35,14.61,233764,29,15.5510,uuf250-028.cnf,1400
fixed,1400,250,1065,UNSAT,103890,120983,4425121,74,0,103889,8.70,13.86,95253,28,5.0354,uuf250-029.cnf,1400
fixed,1400,250,1065,UNSAT,160947,187691,6915133,114,0,160946,8.82,14.27,150156,31,9.0936,uuf250-03.cnf,1400
fixed,1400,250,1065,UNSAT,86542,101940,3584173,61,0,86541,8.66,13.69,79654,29,3.9853,uuf250-030.cnf,1400
fixed,1400,250,1065,UNSAT,238754,280559,10472525,170,0,238753,9.49,14.71,225412,37,14.5571,uuf250-031.cnf,1400
fixed,1400,250,1065,UNSAT,133526,155385,5660914,95,0,133525,8.76,13.83,124256,29,6.9391,uuf250-032.cnf,1400
fixed,1400,250,1065,UNSAT,493952,575927,20454441,352,0,493951,9.51,14.65,479163,30,40.8814,uuf250-033.cnf,1400
fixed,1400,250,1065,UNSAT,280377,328852,11997523,200,0,280376,9.35,14.81,268664,31,18.5957,uuf250-034.cnf,1400
fixed,1400,250,1065,UNSAT,307940,359842,12834361,219,0,307939,9.58,14.74,296409,32,20.9565,uuf250-035.cnf,1400
fixed,1400,250,1065,UNSAT,87655,102778,3713182,62,0,87654,8.55,13.61,79654,28,4.1276,uuf250-036.cnf,1400
fixed,1400,250,1065,UNSAT,74205,86735,3125822,52,0,74204,8.29,13.13,65403,33,3.2482,uuf250-037.cnf,1400
fixed,1400,250,1065,UNSAT,55051,64265,2357861,39,0,55050,8.43,13.33,48505,27,2.3166,uuf250-038.cnf,1400
fixed,1400,250,1065,UNSAT,120206,140868,5130963,85,0,120205,8.67,13.68,112205,28,6.1435,uuf250-039.cnf,1400
fixed,1400,250,1065,UNSAT,171703,201780,7151159,122,0,171702,9.13,14.33,164012,29,9.7282,uuf250-04.cnf,1400
fixed,1400,250,1065,UNSAT,49358,57554,2102632,35,0,49357,8.31,13.26,44658,29,2.0119,uuf250-040.cnf,1400
fixed,1400,250,1065,UNSAT,117693,138936,5128112,84,0,117692,9.04,14.50,106406,30,5.8388,uuf250-041.cnf,1400
fixed,1400,250,1065,UNSAT,196928,228880,8371990,140,0,196927,9.24,14.42,185912,29,11.3937,uuf250-042.cnf,1400
fixed,1400,250,1065,UNSAT,207200,240579,8799210,147,0,207199,9.18,14.34,193514,30,12.2969,uuf250-043.cnf,1400
fixed,1400,250,1065,UNSAT,123289,144896,5309663,88,0,123288,8.77,14.31,112208,33,6.2440,uuf250-044.cnf,1400
fixed,1400,250,1065,UNSAT,79748,93449,3443973,56,0,79747,8.53,13.61,74754,28,3.4980,uuf250-045.cnf,1400
fixed,1400,250,1065,UNSAT,572289,671085,23942866,408,0,572288,9.93,15.53,554022,32,48.6021,uuf250-046.cnf,1400
fixed,1400,250,1065,UNSAT,108938,128503,4667869,77,0,108937,8.81,13.76,100759,36,5.3059,uuf250-047.cnf,1400
fixed,1400,250,1065,UNSAT,48932,56926,2143307,34,0,48931,8.34,13.31,44653,34,1.9840,uuf250-048.cnf,1400
fixed,1400,250,1065,UNSAT,103365,121213,4658033,73,0,103364,8.68,14.04,95256,28,4.8924,uuf250-049.cnf,1400
fixed,1400,250,1065,UNSAT,101274,119380,4289920,72,0,101273,8.50,13.73,95260,32,4.7590,uuf250-05.cnf,1400
fixed,1400,250,1065,UNSAT,163933,192337,6857283,117,0,163932,8.99,14.20,157010,28,9.0090,uuf250-050.cnf,1400
fixed,1400,250,1065,UNSAT,250860,292469,10781748,179,0,250859,9.21,14.54,242265,30,15.4507,uuf250-051.cnf,1400
fixed,1400,250,1065,UNSAT,173083,201146,7235438,123,0,173082,9.09,14.29,164014,31,9.7482,uuf250-052.cnf,1400
fixed,1400,250,1065,UNSAT,251475,294737,10583829,179,0,251474,9.23,14.42,242265,38,15.4921,uuf250-053.cnf,1400
fixed,1400,250,1065,UNSAT,198717,231195,8735172,141,0,198716,9.45,14.69,185913,28,11.4025,uuf250-054.cnf,1400
fixed,1400,250,1065,UNSAT,46013,53562,1941591,32,0,46012,7.99,12.76,40955,36,1.8523,uuf250-055.cnf,1400
fixed,1400,250,1065,UNSAT,100125,117559,4329110,71,0,100124,8.87,14.24,89905,29,4.8767,uuf250-056.cnf,1400
fixed,1400,250,1065,UNSAT,169145,199513,7190879,120,0,169144,9.12,14.57,157008,30,9.2364,uuf250-057.cnf,1400
fixed,1400,250,1065,UNSAT,363224,422683,15398906,259,0,363223,9.45,14.59,345664,30,26.0339,uuf250-058.cnf,1400
fixed,1400,250,1065,UNSAT,55128,64517,2354515,39,0,55127,8.36,13.27,48505,28,2.3886,uuf250-059.cnf,1400
fixed,1400,250,1065,UNSAT,151875,177841,6425659,108,0,151874,8.93,14.10,143461,31,8.3698,uuf250-06.cnf,1400
fixed,1400,250,1065,UNSAT,79695,93451,3437664,56,0,79694,8.43,13.58,74756,31,3.6847,uuf250-060.cnf,1400
fixed,1400,250,1065,UNSAT,651832,755383,27034884,465,0,651831,10.13,15.52,634266,36,58.4608,uuf250-061.cnf,1400
fixed,1400,250,1065,UNSAT,101170,119432,4277823,72,0,101169,8.68,13.83,95260,29,4.9386,uuf250-062.cnf,1400
fixed,1400,250,1065,UNSAT,234731,274820,10003543,167,0,234730,9.12,14.53,225411,30,14.4776,uuf250-063.cnf,1400
fixed,1400,250,1065,UNSAT,159078,185560,6900864,113,0,159077,8.96,14.45,150164,34,9.1389,uuf250-064.cnf,1400
fixed,1400,250,1065,UNSAT,80498,93583,3442253,57,0,80497,8.44,13.65,74754,29,3.8893,uuf250-065.cnf,1400
fixed,1400,250,1065,UNSAT,558937,650876,23808847,399,0,558936,9.49,15.09,541167,32,47.3006,uuf250-066.cnf,1400
fixed,1400,250,1065,UNSAT,138585,162752,6085378,98,0,138584,8.86,14.21,130504,34,7.2443,uuf250-067.cnf,1400
fixed,1400,250,1065,UNSAT,32982,38381,1436017,23,0,32981,7.83,12.70,27653,28,1.2315,uuf250-068.cnf,1400
fixed,1400,250,1065,UNSAT,215854,252002,8972518,154,0,215853,9.13,14.27,201256,31,13.3922,uuf250-069.cnf,1400
fixed,1400,250,1065,UNSAT,182974,213581,7699823,130,0,182973,9.27,14.61,171155,30,10.6783,uuf250-07.cnf,1400
fixed,1400,250,1065,UNSAT,330489,386008,14125014,235,0,330488,9.60,15.24,315665,31,23.2933,uuf250-070.cnf,1400
fixed,1400,250,1065,UNSAT,327820,384096,13740855,234,0,327819,9.61,15.17,315663,33,23.0360,uuf250-071.cnf,1400
fixed,1400,250,1065,UNSAT,174479,203735,7385220,124,0,174478,9.01,14.28,164012,33,10.2428,uuf250-072.cnf,1400
fixed,1400,250,1065,UNSAT,67549,79420,2969308,48,0,67548,8.64,13.79,60953,28,2.9343,uuf250-073.cnf,1400
fixed,1400,250,1065,UNSAT,118486,138648,4968266,84,0,118485,8.75,13.55,112205,29,5.6638,uuf250-074.cnf,1400
fixed,1400,250,1065,UNSAT,156066,183960,6693112,111,0,156065,9.18,14.74,143458,32,8.6644,uuf250-075.cnf,1400
fixed,1400,250,1065,UNSAT,122122,142241,5118571,87,0,122121,8.74,13.47,112204,35,5.9293,uuf250-076.cnf,1400
fixed,1400,250,1065,UNSAT,794769,925145,33446144,567,0,794768,9.85,15.49,764771,32,77.4478,uuf250-077.cnf,1400
fixed,1400,250,1065,UNSAT,165082,193242,7073093,117,0,165081,8.89,13.97,157006,32,8.8940,uuf250-078.cnf,1400
fixed,1400,250,1065,UNSAT,153323,179437,6517214,109,0,153322,8.96,14.23,143460,31,8.5458,uuf250-079.cnf,1400
fixed,1400,250,1065,UNSAT,132405,154713,5600931,94,0,132404,8.79,13.89,124254,28,6.8189,uuf250-08.cnf,1400
fixed,1400,250,1065,UNSAT,215539,250272,8999285,153,0,215538,9.00,14.19,201262,32,12.9731,uuf250-080.cnf,1400
fixed,1400,250,1065,UNSAT,229437,267732,9565993,163,0,229436,9.20,14.20,217211,31,14.1919,uuf250-081.cnf,1400
fixed,1400,250,1065,UNSAT,187605,218124,7966219,133,0,187604,9.07,14.36,178459,29,10.8007,uuf250-082.cnf,1400
fixed,1400,250,1065,UNSAT,62324,73078,2708776,44,0,62323,8.36,13.72,56653,27,2.6461,uuf250-083.cnf,1400
fixed,1400,250,1065,UNSAT,89207,104563,3914475,63,0,89206,8.77,14.00,79655,26,4.0883,uuf250-084.cnf,1400
fixed,1400,250,1065,UNSAT,151076,175440,6386741,107,0,151075,9.09,14.30,143456,30,8.1360,uuf250-085.cnf,1400
fixed,1400,250,1065,UNSAT,118414,138713,5013675,84,0,118413,8.39,13.28,112207,29,5.8500,uuf250-086.cnf,1400
fixed,1400,250,1065,UNSAT,1056999,1230193,43903056,754,0,1056998,9.83,15.30,1026780,32,103.4134,uuf250-087.cnf,1400
fixed,1400,250,1065,UNSAT,224194,261029,9477108,160,0,224193,9.33,14.60,209158,28,12.7387,uuf250-088.cnf,1400
fixed,1400,250,1065,UNSAT,205625,238789,8859874,146,0,205624,9.26,14.74,193511,30,11.7273,uuf250-089.cnf,1400
fixed,1400,250,1065,UNSAT,563951,653506,23872002,402,0,563950,9.92,15.20,541164,30,43.7722,uuf250-09.cnf,1400
fixed,1400,250,1065,UNSAT,32627,37864,1401112,23,0,32626,7.82,12.84,27656,32,1.1392,uuf250-090.cnf,1400
fixed,1400,250,1065,UNSAT,177771,208970,7709395,126,0,177770,9.09,14.47,164009,30,9.1696,uuf250-091.cnf,1400
fixed,1400,250,1065,UNSAT,350677,409227,14676957,250,0,350676,9.56,14.93,335516,38,23.7678,uuf250-092.cnf,1400
fixed,1400,250,1065,UNSAT,134820,159019,5824079,96,0,134819,8.53,13.78,124257,26,6.4262,uuf250-093.cnf,1400
fixed,1400,250,1065,UNSAT,134309,156460,5656808,95,0,134308,8.95,14.09,124254,29,6.6548,uuf250-094.cnf,1400
fixed,1400,250,1065,UNSAT,85090,98995,3548101,60,0,85089,8.50,13.25,79655,37,3.6776,uuf250-095.cnf,1400
fixed,1400,250,1065,UNSAT,243093,281931,10280034,173,0,243092,9.38,14.57,233755,30,14.7937,uuf250-096.cnf,1400
fixed,1400,250,1065,UNSAT,79470,92676,3490421,56,0,79469,8.48,13.72,70006,38,3.3966,uuf250-097.cnf,1400
fixed,1400,250,1065,UNSAT,43767,51112,1913368,31,0,43766,8.05,13.10,37407,33,1.6357,uuf250-098.cnf,1400
fixed,1400,250,1065,UNSAT,98695,115084,4177933,70,0,98694,8.43,13.32,89911,33,4.3932,uuf250-099.cnf,1400
fixed,1500,250,1065,UNSAT,134910,158567,5901281,89,0,134909,9.04,14.39,124257,29,6.4801,uuf250-01.cnf,1500
fixed,1500,250,1065,UNSAT,109183,127375,4760493,72,0,109182,8.57,13.92,100759,29,4.9480,uuf250-010.cnf,1500
fixed,1500,250,1065,UNSAT,247946,289838,10342825,165,0,247945,9.22,14.35,233770,29,14.4127,uuf250-0100.cnf,1500
fixed,1500,250,1065,UNSAT,214795,250936,9114004,143,0,214794,9.06,14.27,201263,29,12.0039,uuf250-011.cnf,1500
fixed,1500,250,1065,UNSAT,139227,163420,6028600,92,0,139226,8.93,13.90,130507,29,6.7558,uuf250-012.cnf,1500
fixed,1500,250,1065,UNSAT,133109,156331,5605623,88,0,133108,8.70,13.75,124256,28,6.4035,uuf250-013.cnf,1500
fixed,1500,250,1065,UNSAT,198607,233030,8505320,132,0,198606,8.82,14.32,185908,31,10.9490,uuf250-014.cnf,1500
fixed,1500,250,1065,UNSAT,175375,204109,7466184,116,0,175374,9.04,14.14,164006,38,9.3101,uuf250-015.cnf,1500
fixed,1500,250,1065,UNSAT,101902,119124,4254626,67,0,101901,8.80,13.82,95263,29,4.6373,uuf250-016.cnf,1500
fixed,1500,250,1065,UNSAT,174255,203732,7236732,116,0,174254,8.75,14.00,164014,27,9.3761,uuf250-017.cnf,1500
fixed,1500,250,1065,UNSAT,167424,195768,7207102,111,0,167423,9.11,14.18,157008,29,8.4969,uuf250-018.cnf,1500
fixed,1500,250,1065,UNSAT,158076,183443,6775043,105,0,158075,9.08,14.44,150156,29,8.3237,uuf250-019.cnf,1500
fixed,1500,250,1065,UNSAT,208739,243546,8678583,139,0,208738,9.27,14.41,193510,29,11.7839,uuf250-02.cnf,1500
fixed,1500,250,1065,UNSAT,253511,297706,10520819,168,0,253510,9.26,14.30,242263,30,14.7196,uuf250-020.cnf,1500
fixed,1500,250,1065,UNSAT,262214,306049,11344703,174,0,262213,9.18,14.44,250911,31,15.5722,uuf250-021.cnf,1500
fixed,1500,250,1065,UNSAT,343887,399394,14585380,229,0,343886,9.61,14.74,325511,32,22.6150,uuf250-022.cnf,1500
fixed,1500,250,1065,UNSAT,82091,95813,3492963,54,0,82090,8.48,13.58,74755,34,3.5637,uuf250-023.cnf,1500
fixed,1500,250,1065,UNSAT,81908,96559,3549784,54,0,81907,8.49,13.73,74757,40,3.3990,uuf250-024.cnf,1500
fixed,1500,250,1065,UNSAT,146418,170893,6330825,97,0,146417,8.91,14.07,136908,29,7.2273,uuf250-025.cnf,1500
fixed,1500,250,1065,UNSAT,71032,83350,3063237,47,0,71031,8.55,13.84,65408,27,2.9362,uuf250-026.cnf,1500
fixed,1500,250,1065,UNSAT,192295,224090,8288154,128,0,192294,9.07,14.48,178459,32,10.4520,uuf250-027.cnf,1500
fixed,1500,250,1065,UNSAT,222809,260118,9438815,148,0,222808,9.27,14.45,209160,31,12.8483,uuf250-028.cnf,1500
fixed,1500,250,1065,UNSAT,86162,100346,3704684,57,0,86161,8.50,13.78,79659,28,3.8232,uuf250-029.cnf,1500
fixed,1500,250,1065,UNSAT,162904,190100,6970090,108,0,162903,8.95,14.39,150161,31,8.6444,uuf250-03.cnf,1500
fixed,1500,250,1065,UNSAT,75050,88442,3134881,50,0,75049,8.52,13.64,70003,29,3.1720,uuf250-030.cnf,1500
fixed,1500,250,1065,UNSAT,229011,268995,10078458,152,0,229010,9.45,14.88,217215,37,12.8631,uuf250-031.cnf,1500
fixed,1500,250,1065,UNSAT,156470,181971,6553802,104,0,156469,8.85,13.80,143462,29,7.9706,uuf250-032.cnf,1500
fixed,1500,250,1065,UNSAT,408515,477451,17041390,272,0,408514,9.26,14.44,387763,35,28.9293,uuf250-033.cnf,1500
fixed,1500,250,1065,UNSAT,268305,314058,11481168,178,0,268304,9.34,14.83,250918,31,16.1226,uuf250-034.cnf,1500
fixed,1500,250,1065,UNSAT,282865,330642,11827249,188,0,282864,9.37,14.55,268659,31,17.2492,uuf250-035.cnf,1500
fixed,1500,250,1065,UNSAT,91456,107195,3865363,60,0,91455,8.74,14.07,84707,28,4.0884,uuf250-036.cnf,1500
fixed,1500,250,1065,UNSAT,71711,83639,3025469,47,0,71710,8.54,13.45,65406,33,3.0144,uuf250-037.cnf,1500
fixed,1500,250,1065,UNSAT,47157,55258,2042903,31,0,47156,8.40,13.33,40954,29,1.7774,uuf250-038.cnf,1500
fixed,1500,250,1065,UNSAT,103285,120583,4410967,68,0,103284,8.46,13.58,95258,30,4.6705,uuf250-039.cnf,1500
fixed,1500,250,1065,UNSAT,165943,194356,6899863,110,0,165942,8.87,14.10,157009,28,8.6656,uuf250-04.cnf,1500
fixed,1500,250,1065,UNSAT,39036,45351,1674621,26,0,39035,8.15,13.00,34002,29,1.3978,uuf250-040.cnf,1500
fixed,1500,250,1065,UNSAT,108694,128074,4768782,72,0,108693,9.04,14.54,100759,32,4.9684,uuf250-041.cnf,1500
fixed,1500,250,1065,UNSAT,203001,235250,8615703,135,0,203000,9.24,14.41,193506,30,11.2688,uuf250-042.cnf,1500
fixed,1500,250,1065,UNSAT,206834,241471,8771104,137,0,206833,9.13,14.32,193519,36,11.3635,uuf250-043.cnf,1500
fixed,1500,250,1065,UNSAT,141469,165472,6089747,94,0,141468,8.96,14.37,130504,33,7.0736,uuf250-044.cnf,1500
fixed,1500,250,1065,UNSAT,74882,88236,3242737,49,0,74881,8.32,13.42,70008,32,3.1199,uuf250-045.cnf,1500
fixed,1500,250,1065,UNSAT,525214,614827,22040047,349,0,525213,9.89,15.52,503516,32,39.7302,uuf250-046.cnf,1500
fixed,1500,250,1065,UNSAT,140537,165189,5969230,93,0,140536,9.07,13.98,130509,36,6.9851,uuf250-047.cnf,1500
fixed,1500,250,1065,UNSAT,42773,49816,1873676,28,0,42772,8.17,13.15,37404,34,1.6157,uuf250-048.cnf,1500
fixed,1500,250,1065,UNSAT,77073,90896,3475682,51,0,77072,8.40,13.86,70006,26,3.2107,uuf250-049.cnf,1500
fixed,1500,250,1065,UNSAT,94068,110425,4017591,62,0,94067,8.31,13.40,84705,31,4.0727,uuf250-05.cnf,1500
fixed,1500,250,1065,UNSAT,162095,189880,6770404,108,0,162094,9.03,14.28,150160,29,8.4029,uuf250-050.cnf,1500
fixed,1500,250,1065,UNSAT,241280,281433,10354266,160,0,241279,9.05,14.45,225414,30,14.1862,uuf250-051.cnf,1500
fixed,1500,250,1065,UNSAT,170541,198797,7175289,113,0,170540,9.14,14.30,157008,30,9.0782,uuf250-052.cnf,1500
fixed,1500,250,1065,UNSAT,209535,245691,8856727,139,0,209534,9.13,14.47,201262,38,11.5104,uuf250-053.cnf,1500
fixed,1500,250,1065,UNSAT,148264,172601,6567265,98,0,148263,9.13,14.40,136911,31,7.3376,uuf250-054.cnf,1500
fixed,1500,250,1065,UNSAT,45888,53572,1932402,30,0,45887,8.00,12.76,40954,36,1.7029,uuf250-055.cnf,1500
fixed,1500,250,1065,UNSAT,95539,111916,4124720,63,0,95538,8.83,14.07,89908,29,4.2743,uuf250-056.cnf,1500
fixed,1500,250,1065,UNSAT,142817,168412,6085407,95,0,142816,8.88,14.42,130509,31,7.0707,uuf250-057.cnf,1500
fixed,1500,250,1065,UNSAT,270728,315312,11578978,180,0,270727,9.39,14.70,259711,32,16.4905,uuf250-058.cnf,1500
fixed,1500,250,1065,UNSAT,60613,70690,2578081,40,0,60612,8.46,13.15,52505,28,2.4453,uuf250-059.cnf,1500
fixed,1500,250,1065,UNSAT,170664,200289,7193325,113,0,170663,9.21,14.49,157009,30,9.2498,uuf250-06.cnf,1500
fixed,1500,250,1065,UNSAT,82521,96896,3529207,54,0,82520,8.49,13.52,74760,29,3.5513,uuf250-060.cnf,1500
fixed,1500,250,1065,UNSAT,388934,452499,16450787,259,0,388933,9.81,15.33,377015,36,27.2198,uuf250-061.cnf,1500
fixed,1500,250,1065,UNSAT,94815,111864,4046267,63,0,94814,8.64,13.90,84706,29,4.2291,uuf250-062.cnf,1500
fixed,1500,250,1065,UNSAT,178379,209393,7676130,118,0,178378,8.77,14.21,171162,29,9.3582,uuf250-063.cnf,1500
fixed,1500,250,1065,UNSAT,201433,233705,8666240,134,0,201432,9.15,14.61,193506,34,11.3671,uuf250-064.cnf,1500
fixed,1500,250,1065,UNSAT,91323,106107,3874096,60,0,91322,8.71,13.79,84705,29,4.1569,uuf250-065.cnf,1500
fixed,1500,250,1065,UNSAT,522093,608411,22185905,347,0,522092,9.51,15.14,503510,32,39.7467,uuf250-066.cnf,1500
fixed,1500,250,1065,UNSAT,142992,168193,6231215,95,0,142991,8.81,14.10,130512,34,7.0649,uuf250-067.cnf,1500
fixed,1500,250,1065,UNSAT,31822,37144,1392419,21,0,31821,7.98,12.91,27654,28,1.0990,uuf250-068.cnf,1500
fixed,1500,250,1065,UNSAT,223143,260542,9272056,148,0,223142,9.17,14.33,209164,28,12.8701,uuf250-069.cnf,1500
fixed,1500,250,1065,UNSAT,225007,261285,9432986,149,0,225006,9.27,14.44,209158,30,13.3497,uuf250-07.cnf,1500
fixed,1500,250,1065,UNSAT,331738,387649,14200918,221,0,331737,9.59,15.22,315659,33,21.7039,uuf250-070.cnf,1500
fixed,1500,250,1065,UNSAT,395205,462055,16401009,263,0,395204,9.83,15.27,377015,33,27.4523,uuf250-071.cnf,1500
fixed,1500,250,1065,UNSAT,132232,154404,5632585,88,0,132231,8.78,14.05,124259,33,6.5885,uuf250-072.cnf,1500
fixed,1500,250,1065,UNSAT,65911,77882,2902376,43,0,65910,8.64,14.01,60953,30,2.7009,uuf250-073.cnf,1500
fixed,1500,250,1065,UNSAT,102965,120850,4333158,68,0,102964,8.71,13.55,95257,27,4.5696,uuf250-074.cnf,1500
fixed,1500,250,1065,UNSAT,209372,245728,8929801,139,0,209371,9.37,14.89,201262,28,11.9437,uuf250-075.cnf,1500
fixed,1500,250,1065,UNSAT,121541,141346,5068823,80,0,121540,8.52,13.15,112210,35,5.6767,uuf250-076.cnf,1500
fixed,1500,250,1065,UNSAT,628720,732238,26740210,418,0,628719,9.57,15.15,606916,31,50.6286,uuf250-077.cnf,1500
fixed,1500,250,1065,UNSAT,190912,222583,8186959,127,0,190911,9.05,14.17,178455,32,10.2579,uuf250-078.cnf,1500
fixed,1500,250,1065,UNSAT,139881,163467,5962380,93,0,139880,8.83,14.14,130509,31,7.0655,uuf250-079.cnf,1500
fixed,1500,250,1065,UNSAT,151865,177569,6391606,101,0,151864,8.95,14.12,143458,28,7.8214,uuf250-08.cnf,1500
fixed,1500,250,1065,UNSAT,223685,259907,9397270,149,0,223684,9.15,14.30,209163,32,13.0314,uuf250-080.cnf,1500
fixed,1500,250,1065,UNSAT,202380,236704,8497900,134,0,202379,8.99,14.08,193510,29,11.1778,uuf250-081.cnf,1500
fixed,1500,250,1065,UNSAT,167699,195126,7149297,111,0,167698,8.99,14.40,157012,28,8.9019,uuf250-082.cnf,1500
fixed,1500,250,1065,UNSAT,58024,68231,2539124,38,0,58023,8.13,13.51,52504,27,2.2767,uuf250-083.cnf,1500
fixed,1500,250,1065,UNSAT,78013,91436,3448620,51,0,78012,8.69,14.00,70014,29,3.3131,uuf250-084.cnf,1500
fixed,1500,250,1065,UNSAT,135178,157846,5680200,90,0,135177,8.89,14.05,124257,29,6.6522,uuf250-085.cnf,1500
fixed,1500,250,1065,UNSAT,99533,115715,4233069,66,0,99532,8.46,13.43,89906,28,4.4631,uuf250-086.cnf,1500
fixed,1500,250,1065,UNSAT,668681,779634,28163338,445,0,668680,9.73,15.34,648168,30,55.0853,uuf250-087.cnf,1500
fixed,1500,250,1065,UNSAT,180897,211481,7667785,120,0,180896,9.08,14.32,171165,28,9.5973,uuf250-088.cnf,1500
fixed,1500,250,1065,UNSAT,180406,210636,7752682,120,0,180405,9.17,14.67,171154,30,9.8914,uuf250-089.cnf,1500
fixed,1500,250,1065,UNSAT,462928,537732,19805257,308,0,462927,9.75,15.14,443758,29,33.6794,uuf250-09.cnf,1500
fixed,1500,250,1065,UNSAT,35974,41914,1530000,23,0,35973,8.08,12.97,30753,32,1.3010,uuf250-090.cnf,1500
fixed,1500,250,1065,UNSAT,152996,179973,6600899,101,0,152995,9.02,14.68,143462,30,7.6763,uuf250-091.cnf,1500
fixed,1500,250,1065,UNSAT,313293,367354,13063677,208,0,313292,9.33,14.69,296413,30,20.1687,uuf250-092.cnf,1500
fixed,1500,250,1065,UNSAT,157071,184558,6691762,104,0,157070,8.67,13.74,150162,29,7.8006,uuf250-093.cnf,1500
fixed,1500,250,1065,UNSAT,106563,124760,4550033,71,0,106562,8.87,13.97,100756,27,4.8745,uuf250-094.cnf,1500
fixed,1500,250,1065,UNSAT,63892,75047,2701367,42,0,63891,8.10,12.95,56654,37,2.5167,uuf250-095.cnf,1500
fixed,1500,250,1065,UNSAT,161618,188365,6933647,107,0,161617,8.98,14.35,150155,29,8.4818,uuf250-096.cnf,1500
fixed,1500,250,1065,UNSAT,99744,116063,4311985,66,0,99743,8.85,14.02,89903,38,4.5112,uuf250-097.cnf,1500
fixed,1500,250,1065,UNSAT,46868,54783,2045866,31,0,46867,7.93,12.82,40951,33,1.7429,uuf250-098.cnf,1500
fixed,1500,250,1065,UNSAT,91813,106892,3917010,61,0,91812,8.40,13.33,84706,33,4.0101,uuf250-099.cnf,1500
fixed,1600,250,1065,UNSAT,125953,147972,5538325,78,0,125952,8.72,13.94,118157,28,5.9474,uuf250-01.cnf,1600
fixed,1600,250,1065,UNSAT,116189,136008,5057480,72,0,116188,8.79,14.08,106407,29,5.4056,uuf250-010.cnf,1600
fixed,1600,250,1065,UNSAT,224911,262574,9398446,140,0,224910,8.94,14.02,209159,30,12.5989,uuf250-0100.cnf,1600
fixed,1600,250,1065,UNSAT,208096,244198,8791221,130,0,208095,8.74,13.97,193511,29,11.3431,uuf250-011.cnf,1600
fixed,1600,250,1065,UNSAT,144823,169394,6245640,90,0,144822,9.05,14.08,136904,36,7.1126,uuf250-012.cnf,1600
fixed,1600,250,1065,UNSAT,143921,168357,5987072,89,0,143920,8.67,13.74,136911,27,7.1387,uuf250-013.cnf,1600
fixed,1600,250,1065,UNSAT,182791,213897,7909196,114,0,182790,8.78,14.35,171157,31,9.5996,uuf250-014.cnf,1600
fixed,1600,250,1065,UNSAT,220962,257223,9323424,138,0,220961,9.24,14.47,209162,38,12.5216,uuf250-015.cnf,1600
fixed,1600,250,1065,UNSAT,100134,116701,4222830,62,0,100133,8.62,13.69,89906,29,4.5776,uuf250-016.cnf,1600
fixed,1600,250,1065,UNSAT,162315,189798,6752142,101,0,162314,8.92,14.04,150159,27,8.4306,uuf250-017.cnf,1600
fixed,1600,250,1065,UNSAT,166871,194828,7247653,104,0,166870,9.19,14.31,157007,29,8.4415,uuf250-018.cnf,1600
fixed,1600,250,1065,UNSAT,174765,202061,7495505,109,0,174764,9.04,14.49,164008,30,9.3627,uuf250-019.cnf,1600
fixed,1600,250,1065,UNSAT,150895,176224,6434181,94,0,150894,8.89,14.12,143457,28,7.6892,uuf250-02.cnf,1600
fixed,1600,250,1065,UNSAT,270394,315448,11279652,168,0,270393,9.50,14.58,259712,32,15.9806,uuf250-020.cnf,1600
fixed,1600,250,1065,UNSAT,281748,329809,12180101,176,0,281747,9.21,14.50,268660,31,16.9245,uuf250-021.cnf,1600
fixed,1600,250,1065,UNSAT,283115,329553,12149634,176,0,283114,9.57,14.76,268656,32,17.5789,uuf250-022.cnf,1600
fixed,1600,250,1065,UNSAT,100485,116270,4212732,62,0,100484,8.66,13.69,89908,34,4.6392,uuf250-023.cnf,1600
fixed,1600,250,1065,UNSAT,87771,102720,3778584,54,0,87770,8.54,13.69,79652,40,3.8130,uuf250-024.cnf,1600
fixed,1600,250,1065,UNSAT,144301,169042,6274194,90,0,144300,8.89,14.24,136909,28,7.1601,uuf250-025.cnf,1600
fixed,1600,250,1065,UNSAT,77003,90385,3309351,48,0,77002,8.60,13.96,70008,29,3.2753,uuf250-026.cnf,1600
fixed,1600,250,1065,UNSAT,245472,285554,10437787,153,0,245471,9.09,14.43,233766,28,14.6073,uuf250-027.cnf,1600
fixed,1600,250,1065,UNSAT,208518,243006,8853270,130,0,208517,9.27,14.56,193511,29,11.7341,uuf250-028.cnf,1600
fixed,1600,250,1065,UNSAT,74264,86135,3204689,46,0,74263,8.44,13.83,65408,28,3.1886,uuf250-029.cnf,1600
fixed,1600,250,1065,UNSAT,153131,177763,6636820,95,0,153130,8.80,14.12,143459,31,7.9399,uuf250-03.cnf,1600
fixed,1600,250,1065,UNSAT,91828,107915,3790517,57,0,91827,8.67,13.60,84707,29,4.0783,uuf250-030.cnf,1600
fixed,1600,250,1065,UNSAT,243193,285493,10695525,151,0,243192,9.57,14.92,233762,37,13.9514,uuf250-031.cnf,1600
fixed,1600,250,1065,UNSAT,151858,176482,6406007,94,0,151857,8.83,13.88,143458,29,7.7175,uuf250-032.cnf,1600
fixed,1600,250,1065,UNSAT,393015,459803,16408455,245,0,393014,9.36,14.61,377014,30,27.5591,uuf250-033.cnf,1600
fixed,1600,250,1065,UNSAT,307120,358360,13072709,191,0,307119,9.42,14.86,296416,32,19.5411,uuf250-034.cnf,1600
fixed,1600,250,1065,UNSAT,314917,367544,13181019,196,0,314916,9.33,14.61,296410,30,19.9913,uuf250-035.cnf,1600
fixed,1600,250,1065,UNSAT,74999,88166,3188789,46,0,74998,8.75,14.02,70006,28,3.1671,uuf250-036.cnf,1600
fixed,1600,250,1065,UNSAT,99750,116337,4156051,62,0,99749,8.70,13.52,89907,33,4.5131,uuf250-037.cnf,1600
fixed,1600,250,1065,UNSAT,50909,59837,2198777,31,0,50908,8.36,13.33,44660,27,1.9231,uuf250-038.cnf,1600
fixed,1600,250,1065,UNSAT,101249,118459,4332785,63,0,101248,8.58,13.76,95256,29,4.5954,uuf250-039.cnf,1600
fixed,1600,250,1065,UNSAT,173048,202596,7203895,108,0,173047,8.95,14.28,164008,30,9.0383,uuf250-04.cnf,1600
fixed,1600,250,1065,UNSAT,44953,52237,1907033,28,0,44952,8.27,13.06,40955,29,1.6937,uuf250-040.cnf,1600
fixed,1600,250,1065,UNSAT,116264,136638,5079742,72,0,116263,8.94,14.48,106407,30,5.4597,uuf250-041.cnf,1600
fixed,1600,250,1065,UNSAT,195578,226698,8339162,122,0,195577,9.16,14.41,185905,28,10.8223,uuf250-042.cnf,1600
fixed,1600,250,1065,UNSAT,176044,204321,7491532,109,0,176043,8.93,14.05,164013,30,9.2293,uuf250-043.cnf,1600
fixed,1600,250,1065,UNSAT,155526,182199,6646871,97,0,155525,9.12,14.41,143456,33,8.0220,uuf250-044.cnf,1600
fixed,1600,250,1065,UNSAT,72109,84646,3135085,45,0,72108,8.25,13.29,65405,27,2.9314,uuf250-045.cnf,1600
fixed,1600,250,1065,UNSAT,476877,558306,19966315,297,0,476876,9.94,15.44,455417,32,34.9271,uuf250-046.cnf,1600
fixed,1600,250,1065,UNSAT,96894,113642,4158191,60,0,96893,8.75,13.73,89906,36,4.3368,uuf250-047.cnf,1600
fixed,1600,250,1065,UNSAT,47860,55850,2070850,29,0,47859,8.31,13.25,40954,34,1.8279,uuf250-048.cnf,1600
fixed,1600,250,1065,UNSAT,97670,114837,4395461,61,0,97669,8.84,14.19,89906,27,4.2966,uuf250-049.cnf,1600
fixed,1600,250,1065,UNSAT,104475,122442,4429314,65,0,104474,8.38,13.56,95257,31,4.6769,uuf250-05.cnf,1600
fixed,1600,250,1065,UNSAT,151004,177347,6339734,94,0,151003,8.95,14.26,143456,31,7.7630,uuf250-050.cnf,1600
fixed,1600,250,1065,UNSAT,257347,299116,11026812,160,0,257346,9.24,14.41,242258,30,15.0821,uuf250-051.cnf,1600
fixed,1600,250,1065,UNSAT,151304,176664,6366185,94,0,151303,8.69,13.84,143457,29,7.7387,uuf250-052.cnf,1600
fixed,1600,250,1065,UNSAT,265696,311584,11140915,165,0,265695,9.33,14.67,250913,38,15.6295,uuf250-053.cnf,1600
fixed,1600,250,1065,UNSAT,158301,184833,6956262,98,0,158300,9.09,14.43,150158,32,8.1096,uuf250-054.cnf,1600
fixed,1600,250,1065,UNSAT,38494,44963,1633499,24,0,38493,7.86,12.68,34004,36,1.3850,uuf250-055.cnf,1600
fixed,1600,250,1065,UNSAT,95325,111990,4133926,59,0,95324,8.81,14.13,89910,29,4.2946,uuf250-056.cnf,1600
fixed,1600,250,1065,UNSAT,181240,213467,7651744,113,0,181239,9.20,14.73,171160,30,9.5944,uuf250-057.cnf,1600
fixed,1600,250,1065,UNSAT,265673,308929,11385119,165,0,265672,9.41,14.59,250909,30,15.9229,uuf250-058.cnf,1600
fixed,1600,250,1065,UNSAT,61414,71547,2597104,38,0,61413,8.20,12.94,56657,28,2.4349,uuf250-059.cnf,1600
fixed,1600,250,1065,UNSAT,145976,171179,6208844,91,0,145975,8.87,14.13,136906,29,7.3540,uuf250-06.cnf,1600
fixed,1600,250,1065,UNSAT,81567,95546,3488462,50,0,81566,8.37,13.48,74758,27,3.4719,uuf250-060.cnf,1600
fixed,1600,250,1065,UNSAT,446866,520369,18856499,279,0,446865,9.72,15.21,432269,36,32.2658,uuf250-061.cnf,1600
fixed,1600,250,1065,UNSAT,85778,101381,3653853,53,0,85777,8.68,13.92,79653,31,3.7179,uuf250-062.cnf,1600
fixed,1600,250,1065,UNSAT,178627,208998,7701340,111,0,178626,8.86,14.31,171154,30,9.3458,uuf250-063.cnf,1600
fixed,1600,250,1065,UNSAT,180995,211547,7760288,113,0,180994,9.06,14.47,171162,34,9.7767,uuf250-064.cnf,1600
fixed,1600,250,1065,UNSAT,78446,90753,3347702,49,0,78445,8.37,13.29,70003,29,3.3870,uuf250-065.cnf,1600
fixed,1600,250,1065,UNSAT,500151,583568,21347795,312,0,500150,9.41,15.11,479160,33,37.1816,uuf250-066.cnf,1600
fixed,1600,250,1065,UNSAT,126950,149310,5552011,79,0,126949,8.87,14.42,118153,34,6.1223,uuf250-067.cnf,1600
fixed,1600,250,1065,UNSAT,37359,43306,1632400,23,0,37358,7.82,12.62,34001,29,1.3250,uuf250-068.cnf,1600
fixed,1600,250,1065,UNSAT,178760,208864,7477772,111,0,178759,8.94,14.20,171162,29,9.6772,uuf250-069.cnf,1600
fixed,1600,250,1065,UNSAT,190297,221224,8006926,118,0,190296,9.19,14.35,178456,30,10.4715,uuf250-07.cnf,1600
fixed,1600,250,1065,UNSAT,313226,366453,13443784,195,0,313225,9.53,15.27,296414,30,19.9984,uuf250-070.cnf,1600
fixed,1600,250,1065,UNSAT,301960,354201,12787396,188,0,301959,9.67,15.18,287014,33,19.0926,uuf250-071.cnf,1600
fixed,1600,250,1065,UNSAT,176393,204476,7476084,110,0,176392,8.97,14.11,164008,33,9.3472,uuf250-072.cnf,1600
fixed,1600,250,1065,UNSAT,63308,74529,2816082,39,0,63307,8.47,13.77,56658,30,2.5504,uuf250-073.cnf,1600
fixed,1600,250,1065,UNSAT,94782,111063,4005006,59,0,94781,8.57,13.49,84701,26,4.0816,uuf250-074.cnf,1600
fixed,1600,250,1065,UNSAT,180729,212936,7734203,112,0,180728,9.25,14.71,171162,32,9.7273,uuf250-075.cnf,1600
fixed,1600,250,1065,UNSAT,98181,114307,4167680,61,0,98180,8.38,13.24,89903,35,4.2975,uuf250-076.cnf,1600
fixed,1600,250,1065,UNSAT,543551,632811,23028992,339,0,543550,9.78,15.37,528469,35,42.1545,uuf250-077.cnf,1600
fixed,1600,250,1065,UNSAT,202903,235951,8656168,126,0,202902,9.22,14.46,193516,32,11.0543,uuf250-078.cnf,1600
fixed,1600,250,1065,UNSAT,140408,163984,5974773,87,0,140407,8.92,14.33,130503,31,7.1797,uuf250-079.cnf,1600
fixed,1600,250,1065,UNSAT,148489,173451,6295333,92,0,148488,8.86,14.11,136909,28,7.5160,uuf250-08.cnf,1600
fixed,1600,250,1065,UNSAT,223442,260386,9389041,139,0,223441,8.86,14.09,209156,32,12.8861,uuf250-080.cnf,1600
fixed,1600,250,1065,UNSAT,230358,268078,9568872,143,0,230357,9.14,14.19,217211,31,13.3664,uuf250-081.cnf,1600
fixed,1600,250,1065,UNSAT,230378,268380,9678595,143,0,230377,9.23,14.54,217214,35,13.3694,uuf250-082.cnf,1600
fixed,1600,250,1065,UNSAT,65214,76727,2856199,40,0,65213,8.34,13.71,56651,31,2.6155,uuf250-083.cnf,1600
fixed,1600,250,1065,UNSAT,76415,89585,3381229,47,0,76414,8.46,13.84,70006,32,3.2038,uuf250-084.cnf,1600
fixed,1600,250,1065,UNSAT,120958,141217,5145154,75,0,120957,8.65,13.76,112208,31,5.6741,uuf250-085.cnf,1600
fixed,1600,250,1065,UNSAT,121460,141781,5131551,75,0,121459,8.47,13.43,112205,28,5.7437,uuf250-086.cnf,1600
fixed,1600,250,1065,UNSAT,828395,963869,34705465,517,0,828394,9.78,15.25,810967,32,73.4132,uuf250-087.cnf,1600
fixed,1600,250,1065,UNSAT,179732,209753,7610761,112,0,179731,9.13,14.42,171162,27,9.5140,uuf250-088.cnf,1600
fixed,1600,250,1065,UNSAT,138652,162415,6002866,86,0,138651,8.66,14.03,130507,30,6.8846,uuf250-089.cnf,1600
fixed,1600,250,1065,UNSAT,631425,730248,26621500,394,0,631424,9.93,15.23,606927,31,50.7874,uuf250-09.cnf,1600
fixed,1600,250,1065,UNSAT,31704,36760,1372294,19,0,31703,7.89,12.81,27652,32,1.1277,uuf250-090.cnf,1600
fixed,1600,250,1065,UNSAT,153635,180501,6614208,95,0,153634,9.04,14.60,143456,31,7.6845,uuf250-091.cnf,1600
fixed,1600,250,1065,UNSAT,317658,372251,13251299,198,0,317657,9.47,14.93,305960,30,20.6942,uuf250-092.cnf,1600
fixed,1600,250,1065,UNSAT,141425,165949,6050222,88,0,141424,8.69,13.84,130509,31,6.9356,uuf250-093.cnf,1600
fixed,1600,250,1065,UNSAT,110166,128152,4687248,68,0,110165,8.43,13.52,100756,30,5.0876,uuf250-094.cnf,1600
fixed,1600,250,1065,UNSAT,73159,85373,3081912,45,0,73158,8.03,12.77,65409,37,2.9583,uuf250-095.cnf,1600
fixed,1600,250,1065,UNSAT,171736,199541,7355881,107,0,171735,9.09,14.41,164012,29,9.3141,uuf250-096.cnf,1600
fixed,1600,250,1065,UNSAT,73901,86417,3219396,46,0,73900,8.58,13.79,65403,38,3.1056,uuf250-097.cnf,1600
fixed,1600,250,1065,UNSAT,50937,59491,2221752,31,0,50936,8.31,13.20,44651,33,1.9611,uuf250-098.cnf,1600
fixed,1600,250,1065,UNSAT,81975,95950,3482859,51,0,81974,8.44,13.49,74758,33,3.5212,uuf250-099.cnf,1600
fixed,1700,250,1065,UNSAT,146005,170713,6360915,85,0,146004,8.88,14.19,136909,28,7.1904,uuf250-01.cnf,1700
fixed,1700,250,1065,UNSAT,105592,124073,4621488,62,0,105591,8.66,14.11,95259,30,4.7231,uuf250-010.cnf,1700
fixed,1700,250,1065,UNSAT,281888,329969,11689600,165,0,281887,9.18,14.34,268665,28,16.9270,uuf250-0100.cnf,1700
fixed,1700,250,1065,UNSAT,153905,180452,6616625,90,0,153904,8.64,13.80,143456,29,7.6790,uuf250-011.cnf,1700
fixed,1700,250,1065,UNSAT,136374,159542,5885457,80,0,136373,8.96,14.01,124258,29,6.4993,uuf250-012.cnf,1700
fixed,1700,250,1065,UNSAT,135796,158548,5710446,79,0,135795,8.74,13.89,124255,27,6.6494,uuf250-013.cnf,1700
fixed,1700,250,1065,UNSAT,186563,217930,8025894,109,0,186562,8.75,14.40,178459,31,9.9345,uuf250-014.cnf,1700
fixed,1700,250,1065,UNSAT,206102,240077,8734773,121,0,206101,9.22,14.55,193515,38,11.4794,uuf250-015.cnf,1700
fixed,1700,250,1065,UNSAT,84551,99092,3558179,49,0,84550,8.60,13.62,74760,29,3.7117,uuf250-016.cnf,1700
fixed,1700,250,1065,UNSAT,169646,197809,7078698,99,0,169645,8.79,13.92,157009,29,8.9216,uuf250-017.cnf,1700
fixed,1700,250,1065,UNSAT,186438,217117,8052507,109,0,186437,9.27,14.35,178461,29,9.7732,uuf250-018.cnf,1700
fixed,1700,250,1065,UNSAT,133157,154794,5744142,78,0,133156,8.82,14.15,124252,26,6.5437,uuf250-019.cnf,1700
fixed,1700,250,1065,UNSAT,140566,164195,5967578,82,0,140565,8.81,14.05,130509,28,6.9231,uuf250-02.cnf,1700
fixed,1700,250,1065,UNSAT,290487,340423,12097349,170,0,290486,9.48,14.67,277760,31,17.7130,uuf250-020.cnf,1700
fixed,1700,250,1065,UNSAT,228869,268665,9890837,134,0,228868,9.03,14.37,217216,31,12.8412,uuf250-021.cnf,1700
fixed,1700,250,1065,UNSAT,231300,268852,9963353,135,0,231299,9.38,14.62,217212,32,13.3776,uuf250-022.cnf,1700
fixed,1700,250,1065,UNSAT,80010,92721,3382164,47,0,80009,8.66,13.81,74755,34,3.4839,uuf250-023.cnf,1700
fixed,1700,250,1065,UNSAT,79671,93791,3445221,46,0,79670,8.21,13.46,74753,40,3.2853,uuf250-024.cnf,1700
fixed,1700,250,1065,UNSAT,140526,164218,6152732,82,0,140525,8.95,14.11,130511,28,6.8276,uuf250-025.cnf,1700
fixed,1700,250,1065,UNSAT,59952,70538,2609295,35,0,59951,8.30,13.60,52504,29,2.3551,uuf250-026.cnf,1700
fixed,1700,250,1065,UNSAT,198681,231677,8540860,116,0,198680,9.06,14.47,185906,30,10.9620,uuf250-027.cnf,1700
fixed,1700,250,1065,UNSAT,206245,240997,8703689,121,0,206244,9.23,14.52,193508,29,11.7773,uuf250-028.cnf,1700
fixed,1700,250,1065,UNSAT,81073,94585,3512873,47,0,81072,8.52,13.93,74756,28,3.5422,uuf250-029.cnf,1700
fixed,1700,250,1065,UNSAT,152962,178055,6643074,89,0,152961,8.99,14.35,143453,31,7.9643,uuf250-03.cnf,1700
fixed,1700,250,1065,UNSAT,90072,106168,3730249,52,0,90071,8.61,13.49,84707,29,3.9373,uuf250-030.cnf,1700
fixed,1700,250,1065,UNSAT,205702,242466,9069246,120,0,205701,9.38,14.71,193514,37,11.1967,uuf250-031.cnf,1700
fixed,1700,250,1065,UNSAT,140540,162809,5982863,82,0,140539,8.73,13.74,130508,29,6.9322,uuf250-032.cnf,1700
fixed,1700,250,1065,UNSAT,449290,523927,18775533,264,0,449289,9.44,14.76,432267,29,33.2578,uuf250-033.cnf,1700
fixed,1700,250,1065,UNSAT,261687,305632,11214276,153,0,261686,9.23,14.74,250912,30,15.8890,uuf250-034.cnf,1700
fixed,1700,250,1065,UNSAT,275724,322208,11554227,162,0,275723,9.44,14.67,259709,30,16.4504,uuf250-035.cnf,1700
fixed,1700,250,1065,UNSAT,74003,86729,3148858,43,0,74002,8.50,13.75,65404,31,3.1110,uuf250-036.cnf,1700
fixed,1700,250,1065,UNSAT,64061,74599,2715471,37,0,64060,8.33,13.25,56653,33,2.5755,uuf250-037.cnf,1700
fixed,1700,250,1065,UNSAT,42276,49823,1829425,24,0,42275,7.82,12.82,37403,27,1.5180,uuf250-038.cnf,1700
fixed,1700,250,1065,UNSAT,96265,112213,4117094,56,0,96264,8.50,13.69,89904,32,4.3245,uuf250-039.cnf,1700
fixed,1700,250,1065,UNSAT,180334,211582,7460785,106,0,180333,9.12,14.40,171166,29,9.7153,uuf250-04.cnf,1700
fixed,1700,250,1065,UNSAT,47977,55687,2044421,28,0,47976,8.32,12.95,40954,29,1.7872,uuf250-040.cnf,1700
fixed,1700,250,1065,UNSAT,114596,135242,4998965,67,0,114595,8.94,14.50,106412,30,5.3402,uuf250-041.cnf,1700
fixed,1700,250,1065,UNSAT,169492,196585,7233397,99,0,169491,8.74,13.91,157013,31,8.8088,uuf250-042.cnf,1700
fixed,1700,250,1065,UNSAT,249305,289801,10527892,146,0,249304,9.37,14.61,233761,30,14.5678,uuf250-043.cnf,1700
fixed,1700,250,1065,UNSAT,123664,145004,5353921,72,0,123663,8.74,14.14,112210,33,5.9226,uuf250-044.cnf,1700
fixed,1700,250,1065,UNSAT,83874,98264,3601153,49,0,83873,8.35,13.51,74757,33,3.6322,uuf250-045.cnf,1700
fixed,1700,250,1065,UNSAT,450398,527656,18893985,264,0,450397,9.79,15.39,432263,37,32.1948,uuf250-046.cnf,1700
fixed,1700,250,1065,UNSAT,124025,145897,5314929,72,0,124024,9.05,14.12,112207,36,5.9439,uuf250-047.cnf,1700
fixed,1700,250,1065,UNSAT,42664,49832,1857899,25,0,42663,8.07,13.18,37406,34,1.5699,uuf250-048.cnf,1700
fixed,1700,250,1065,UNSAT,89858,105277,4054459,52,0,89857,8.65,13.95,84706,27,3.8923,uuf250-049.cnf,1700
fixed,1700,250,1065,UNSAT,99385,116369,4227710,58,0,99384,8.60,13.83,89904,31,4.4003,uuf250-05.cnf,1700
fixed,1700,250,1065,UNSAT,157777,184604,6589222,92,0,157776,8.96,14.23,150158,32,8.1906,uuf250-050.cnf,1700
fixed,1700,250,1065,UNSAT,228585,265913,9881469,134,0,228584,9.02,14.46,217207,30,12.9890,uuf250-051.cnf,1700
fixed,1700,250,1065,UNSAT,145060,169247,6084047,85,0,145059,8.94,14.15,136907,28,7.4402,uuf250-052.cnf,1700
fixed,1700,250,1065,UNSAT,266957,312197,11152942,156,0,266956,9.27,14.53,250913,38,15.8212,uuf250-053.cnf,1700
fixed,1700,250,1065,UNSAT,141860,165492,6261893,83,0,141859,8.98,14.26,130510,30,6.9912,uuf250-054.cnf,1700
fixed,1700,250,1065,UNSAT,45417,53259,1897931,26,0,45416,8.11,12.83,40954,36,1.7006,uuf250-055.cnf,1700
fixed,1700,250,1065,UNSAT,104438,121947,4492196,61,0,104437,8.81,14.01,95253,29,4.7598,uuf250-056.cnf,1700
fixed,1700,250,1065,UNSAT,135583,159240,5799575,79,0,135582,8.84,14.28,124261,30,6.5798,uuf250-057.cnf,1700
fixed,1700,250,1065,UNSAT,323358,375712,13634772,190,0,323357,9.43,14.55,305964,30,20.7456,uuf250-058.cnf,1700
fixed,1700,250,1065,UNSAT,62658,73408,2664816,36,0,62657,8.29,13.29,56653,28,2.5288,uuf250-059.cnf,1700
fixed,1700,250,1065,UNSAT,143312,167972,6097287,84,0,143311,8.92,14.38,130514,30,7.2905,uuf250-06.cnf,1700
fixed,1700,250,1065,UNSAT,78271,91989,3345280,46,0,78270,8.46,13.56,70006,28,3.3024,uuf250-060.cnf,1700
fixed,1700,250,1065,UNSAT,400742,467190,16955050,235,0,400741,9.68,15.12,387761,36,28.0394,uuf250-061.cnf,1700
fixed,1700,250,1065,UNSAT,87259,102868,3711321,51,0,87258,8.47,13.62,79655,29,3.7660,uuf250-062.cnf,1700
fixed,1700,250,1065,UNSAT,225287,263709,9577683,132,0,225286,9.11,14.57,217206,32,12.8076,uuf250-063.cnf,1700
fixed,1700,250,1065,UNSAT,166010,193295,7165754,97,0,166009,9.02,14.56,157012,34,8.7457,uuf250-064.cnf,1700
fixed,1700,250,1065,UNSAT,68235,79328,2927963,40,0,68234,8.21,13.21,60952,29,2.8052,uuf250-065.cnf,1700
fixed,1700,250,1065,UNSAT,459607,536195,19567108,270,0,459606,9.38,15.04,443763,33,32.7664,uuf250-066.cnf,1700
fixed,1700,250,1065,UNSAT,144196,168833,6306867,84,0,144195,9.01,14.42,136912,34,7.2580,uuf250-067.cnf,1700
fixed,1700,250,1065,UNSAT,34942,40515,1527325,20,0,34941,7.80,12.56,30752,28,1.2220,uuf250-068.cnf,1700
fixed,1700,250,1065,UNSAT,208936,243579,8711142,122,0,208935,9.12,14.39,193512,33,11.8649,uuf250-069.cnf,1700
fixed,1700,250,1065,UNSAT,193345,224604,8143145,113,0,193344,9.20,14.45,178461,30,10.9497,uuf250-07.cnf,1700
fixed,1700,250,1065,UNSAT,322122,375558,13754988,189,0,322121,9.46,15.08,305964,30,20.9088,uuf250-070.cnf,1700
fixed,1700,250,1065,UNSAT,341248,398413,14187361,200,0,341247,9.70,15.15,325512,33,22.3902,uuf250-071.cnf,1700
fixed,1700,250,1065,UNSAT,140151,163536,5955175,82,0,140150,8.67,13.94,130508,33,7.0502,uuf250-072.cnf,1700
fixed,1700,250,1065,UNSAT,68146,80364,2981725,40,0,68145,8.58,13.70,60961,28,2.7702,uuf250-073.cnf,1700
fixed,1700,250,1065,UNSAT,102248,119683,4301977,60,0,102247,8.66,13.55,95255,27,4.5165,uuf250-074.cnf,1700
fixed,1700,250,1065,UNSAT,205654,242027,8795912,120,0,205653,9.34,14.84,193509,31,11.5492,uuf250-075.cnf,1700
fixed,1700,250,1065,UNSAT,115485,134581,4870058,67,0,115484,8.71,13.65,106403,35,5.3539,uuf250-076.cnf,1700
fixed,1700,250,1065,UNSAT,462656,539822,19794142,272,0,462655,9.63,15.32,443760,32,33.6911,uuf250-077.cnf,1700
fixed,1700,250,1065,UNSAT,179781,209606,7724246,105,0,179780,9.12,14.31,171161,32,9.4994,uuf250-078.cnf,1700
fixed,1700,250,1065,UNSAT,137398,160335,5881951,80,0,137397,8.89,14.19,130510,31,6.9194,uuf250-079.cnf,1700
fixed,1700,250,1065,UNSAT,134189,156321,5691282,78,0,134188,8.78,14.10,124252,31,6.6281,uuf250-08.cnf,1700
fixed,1700,250,1065,UNSAT,176037,205560,7423177,103,0,176036,9.13,14.38,164011,32,9.4532,uuf250-080.cnf,1700
fixed,1700,250,1065,UNSAT,192885,225847,8121152,113,0,192884,9.03,14.23,178462,29,10.4115,uuf250-081.cnf,1700
fixed,1700,250,1065,UNSAT,143152,167065,6148195,84,0,143151,8.73,13.99,130506,27,7.1360,uuf250-082.cnf,1700
fixed,1700,250,1065,UNSAT,65784,76957,2884556,38,0,65783,8.43,13.94,60956,27,2.6927,uuf250-083.cnf,1700
fixed,1700,250,1065,UNSAT,78070,91993,3428429,45,0,78069,8.68,14.14,70007,28,3.3282,uuf250-084.cnf,1700
fixed,1700,250,1065,UNSAT,120201,140003,5082522,70,0,120200,8.54,13.68,112204,31,5.7056,uuf250-085.cnf,1700
fixed,1700,250,1065,UNSAT,106327,124031,4519833,62,0,106326,8.41,13.41,100755,30,4.8635,uuf250-086.cnf,1700
fixed,1700,250,1065,UNSAT,772354,898318,32373459,454,0,772353,9.97,15.40,749672,34,65.6744,uuf250-087.cnf,1700
fixed,1700,250,1065,UNSAT,207353,242120,8724168,121,0,207352,9.41,14.65,193510,31,11.5276,uuf250-088.cnf,1700
fixed,1700,250,1065,UNSAT,209894,243494,9001272,123,0,209893,9.29,14.66,201260,30,12.0059,uuf250-089.cnf,1700
fixed,1700,250,1065,UNSAT,453440,526205,19397540,266,0,453439,9.60,14.99,432268,30,32.1494,uuf250-09.cnf,1700
fixed,1700,250,1065,UNSAT,29652,34644,1278855,17,0,29651,7.94,13.12,24704,32,1.0206,uuf250-090.cnf,1700
fixed,1700,250,1065,UNSAT,151179,177407,6550477,88,0,151178,8.95,14.47,143457,31,7.5329,uuf250-091.cnf,1700
fixed,1700,250,1065,UNSAT,303110,353425,12691344,178,0,303109,9.28,14.62,287013,29,19.3585,uuf250-092.cnf,1700
fixed,1700,250,1065,UNSAT,157275,183763,6717908,92,0,157274,8.79,13.95,150156,30,8.0349,uuf250-093.cnf,1700
fixed,1700,250,1065,UNSAT,120267,140861,5062747,70,0,120266,8.53,13.71,112208,28,5.7433,uuf250-094.cnf,1700
fixed,1700,250,1065,UNSAT,74042,86343,3099742,43,0,74041,8.37,13.16,65403,37,3.0572,uuf250-095.cnf,1700
fixed,1700,250,1065,UNSAT,167443,194292,7138549,98,0,167442,8.95,14.22,157012,30,8.8931,uuf250-096.cnf,1700
fixed,1700,250,1065,UNSAT,86112,100953,3740877,50,0,86111,8.67,13.85,79661,38,3.7537,uuf250-097.cnf,1700
fixed,1700,250,1065,UNSAT,43788,51410,1908824,25,0,43787,8.13,13.24,37404,33,1.6252,uuf250-098.cnf,1700
fixed,1700,250,1065,UNSAT,82259,95913,3523197,48,0,82258,8.27,13.41,74754,33,3.4917,uuf250-099.cnf,1700
fixed,1800,250,1065,UNSAT,162485,190318,7080236,90,0,162484,8.98,14.24,150159,29,8.1362,uuf250-01.cnf,1800
fixed,1800,250,1065,UNSAT,115847,135749,5023610,64,0,115846,8.90,14.19,106404,30,5.4112,uuf250-010.cnf,1800
fixed,1800,250,1065,UNSAT,259412,302440,10764243,144,0,259411,9.18,14.33,242259,33,15.2720,uuf250-0100.cnf,1800
fixed,1800,250,1065,UNSAT,175085,205242,7444664,97,0,175084,8.88,14.19,164010,29,9.0778,uuf250-011.cnf,1800
fixed,1800,250,1065,UNSAT,134541,157292,5780294,74,0,134540,8.96,14.05,124255,31,6.4831,uuf250-012.cnf,1800
fixed,1800,250,1065,UNSAT,148535,173980,6207746,82,0,148534,8.75,13.94,136910,29,7.4249,uuf250-013.cnf,1800
fixed,1800,250,1065,UNSAT,204611,238879,8757423,113,0,204610,9.07,14.54,193512,35,11.2667,uuf250-014.cnf,1800
fixed,1800,250,1065,UNSAT,150777,175586,6454390,83,0,150776,9.00,14.26,143456,38,7.5182,uuf250-015.cnf,1800
fixed,1800,250,1065,UNSAT,85053,99064,3598164,47,0,85052,8.61,13.65,79658,29,3.7354,uuf250-016.cnf,1800
fixed,1800,250,1065,UNSAT,157243,184178,6559274,87,0,157242,8.82,13.95,150157,28,8.1351,uuf250-017.cnf,1800
fixed,1800,250,1065,UNSAT,168131,196047,7238135,93,0,168130,9.06,14.27,157009,29,8.4682,uuf250-018.cnf,1800
fixed,1800,250,1065,UNSAT,127679,148048,5525257,70,0,127678,8.86,14.30,118161,28,6.2850,uuf250-019.cnf,1800
fixed,1800,250,1065,UNSAT,155287,181240,6599961,86,0,155286,8.87,14.08,143459,30,7.9351,uuf250-02.cnf,1800
fixed,1800,250,1065,UNSAT,239345,280039,9972761,132,0,239344,9.24,14.34,225409,29,13.5801,uuf250-020.cnf,1800
fixed,1800,250,1065,UNSAT,260355,303843,11182694,144,0,260354,9.27,14.50,250911,31,15.2677,uuf250-021.cnf,1800
fixed,1800,250,1065,UNSAT,292955,341306,12566894,162,0,292954,9.55,14.87,277757,32,18.2785,uuf250-022.cnf,1800
fixed,1800,250,1065,UNSAT,77374,90134,3296656,42,0,77373,8.46,13.70,70005,34,3.2909,uuf250-023.cnf,1800
fixed,1800,250,1065,UNSAT,93009,109021,4017023,51,0,93008,8.30,13.59,84707,40,4.0687,uuf250-024.cnf,1800
fixed,1800,250,1065,UNSAT,154777,180165,6742545,85,0,154776,8.88,14.04,143457,28,7.8133,uuf250-025.cnf,1800
fixed,1800,250,1065,UNSAT,61219,71982,2656287,33,0,61218,8.32,13.67,56655,27,2.4111,uuf250-026.cnf,1800
fixed,1800,250,1065,UNSAT,214743,249299,9184038,119,0,214742,9.14,14.60,201261,28,12.1969,uuf250-027.cnf,1800
fixed,1800,250,1065,UNSAT,199888,233327,8514230,110,0,199887,9.29,14.61,185914,30,11.1784,uuf250-028.cnf,1800
fixed,1800,250,1065,UNSAT,81346,94384,3497950,45,0,81345,8.47,13.76,74758,28,3.6268,uuf250-029.cnf,1800
fixed,1800,250,1065,UNSAT,167568,195323,7163153,93,0,167567,8.97,14.35,157006,31,9.0097,uuf250-03.cnf,1800
fixed,1800,250,1065,UNSAT,91138,107014,3753670,50,0,91137,8.49,13.40,84705,31,3.9430,uuf250-030.cnf,1800
fixed,1800,250,1065,UNSAT,305559,358172,13353978,169,0,305558,9.63,15.07,287011,37,18.8714,uuf250-031.cnf,1800
fixed,1800,250,1065,UNSAT,134129,155672,5683374,74,0,134128,8.80,13.86,124261,29,6.4533,uuf250-032.cnf,1800
fixed,1800,250,1065,UNSAT,347050,405217,14564825,192,0,347049,9.19,14.49,335512,30,23.1259,uuf250-033.cnf,1800
fixed,1800,250,1065,UNSAT,238604,279186,10243130,132,0,238603,9.25,14.71,225409,30,13.7586,uuf250-034.cnf,1800
fixed,1800,250,1065,UNSAT,270674,315836,11342175,150,0,270673,9.36,14.67,259713,33,16.3468,uuf250-035.cnf,1800
fixed,1800,250,1065,UNSAT,66150,77576,2840148,36,0,66149,8.42,13.68,60958,29,2.7160,uuf250-036.cnf,1800
fixed,1800,250,1065,UNSAT,69888,81674,2937419,38,0,69887,8.11,13.03,65403,33,2.8554,uuf250-037.cnf,1800
fixed,1800,250,1065,UNSAT,53634,63222,2286379,29,0,53633,8.43,13.35,48505,33,2.0751,uuf250-038.cnf,1800
fixed,1800,250,1065,UNSAT,115890,135189,4926175,64,0,115889,8.64,13.59,106406,27,5.4747,uuf250-039.cnf,1800
fixed,1800,250,1065,UNSAT,154683,181292,6456909,85,0,154682,9.01,14.33,143459,35,7.7934,uuf250-04.cnf,1800
fixed,1800,250,1065,UNSAT,40974,47688,1747155,22,0,40973,8.14,12.95,37404,29,1.4916,uuf250-040.cnf,1800
fixed,1800,250,1065,UNSAT,118781,139971,5156084,65,0,118780,8.95,14.65,112212,30,5.5997,uuf250-041.cnf,1800
fixed,1800,250,1065,UNSAT,179411,208533,7632438,99,0,179410,8.94,14.14,171159,31,9.5076,uuf250-042.cnf,1800
fixed,1800,250,1065,UNSAT,168218,195479,7209208,93,0,168217,8.94,14.19,157010,30,8.7522,uuf250-043.cnf,1800
fixed,1800,250,1065,UNSAT,150145,175127,6430317,83,0,150144,8.92,14.22,143460,33,7.6698,uuf250-044.cnf,1800
fixed,1800,250,1065,UNSAT,74023,87049,3209415,41,0,74022,8.45,13.59,65403,28,3.1008,uuf250-045.cnf,1800
fixed,1800,250,1065,UNSAT,372475,436285,15752765,206,0,372474,9.76,15.48,355963,32,24.8037,uuf250-046.cnf,1800
fixed,1800,250,1065,UNSAT,99653,117081,4294528,55,0,99652,8.69,13.71,89908,36,4.4657,uuf250-047.cnf,1800
fixed,1800,250,1065,UNSAT,40494,47314,1761634,22,0,40493,8.15,13.29,34007,34,1.4852,uuf250-048.cnf,1800
fixed,1800,250,1065,UNSAT,82453,97135,3706055,45,0,82452,8.77,14.43,74760,28,3.5279,uuf250-049.cnf,1800
fixed,1800,250,1065,UNSAT,110118,129302,4671003,61,0,110117,8.44,13.61,100758,31,5.0029,uuf250-05.cnf,1800
fixed,1800,250,1065,UNSAT,145341,170524,6070722,80,0,145340,8.92,14.05,136908,29,7.3422,uuf250-050.cnf,1800
fixed,1800,250,1065,UNSAT,249129,289326,10757841,138,0,249128,9.15,14.42,233766,30,14.5360,uuf250-051.cnf,1800
fixed,1800,250,1065,UNSAT,167843,195027,7030049,93,0,167842,9.05,14.31,157008,31,8.8481,uuf250-052.cnf,1800
fixed,1800,250,1065,UNSAT,220017,258262,9286294,122,0,220016,9.22,14.60,209162,38,12.3386,uuf250-053.cnf,1800
fixed,1800,250,1065,UNSAT,161855,188857,7097846,89,0,161854,9.10,14.48,150159,29,8.3453,uuf250-054.cnf,1800
fixed,1800,250,1065,UNSAT,39059,45832,1654513,21,0,39058,7.92,12.80,34002,36,1.3828,uuf250-055.cnf,1800
fixed,1800,250,1065,UNSAT,94439,110871,4062071,52,0,94438,8.79,14.00,84704,29,4.1844,uuf250-056.cnf,1800
fixed,1800,250,1065,UNSAT,162022,190843,6881664,89,0,162021,9.03,14.61,150159,30,8.2912,uuf250-057.cnf,1800
fixed,1800,250,1065,UNSAT,288791,336916,12340111,160,0,288790,9.35,14.54,277763,30,17.8621,uuf250-058.cnf,1800
fixed,1800,250,1065,UNSAT,52912,61656,2263105,29,0,52911,8.22,13.08,48502,28,2.0574,uuf250-059.cnf,1800
fixed,1800,250,1065,UNSAT,129456,151815,5510098,71,0,129455,8.69,14.02,118160,30,6.4215,uuf250-06.cnf,1800
fixed,1800,250,1065,UNSAT,80941,94705,3487222,44,0,80940,8.41,13.58,74758,29,3.4582,uuf250-060.cnf,1800
fixed,1800,250,1065,UNSAT,374332,435525,15884030,207,0,374331,9.68,15.14,355968,39,25.1689,uuf250-061.cnf,1800
fixed,1800,250,1065,UNSAT,88386,103780,3773062,49,0,88385,8.42,13.55,79658,29,3.8318,uuf250-062.cnf,1800
fixed,1800,250,1065,UNSAT,179805,210807,7709706,99,0,179804,8.77,14.29,171160,27,9.5653,uuf250-063.cnf,1800
fixed,1800,250,1065,UNSAT,166138,193117,7128146,92,0,166137,8.94,14.43,157005,34,8.8694,uuf250-064.cnf,1800
fixed,1800,250,1065,UNSAT,87873,101605,3725730,48,0,87872,8.36,13.33,79651,29,3.8983,uuf250-065.cnf,1800
fixed,1800,250,1065,UNSAT,553487,644797,23571306,307,0,553486,9.58,15.28,528467,35,42.5346,uuf250-066.cnf,1800
fixed,1800,250,1065,UNSAT,162603,191241,7057769,90,0,162602,9.01,14.34,150160,34,8.4117,uuf250-067.cnf,1800
fixed,1800,250,1065,UNSAT,28979,33835,1271796,16,0,28978,7.63,12.57,24704,28,0.9573,uuf250-068.cnf,1800
fixed,1800,250,1065,UNSAT,168593,196707,7117425,93,0,168592,8.82,14.16,157005,30,8.9462,uuf250-069.cnf,1800
fixed,1800,250,1065,UNSAT,191082,221944,8060928,106,0,191081,9.24,14.47,178461,30,10.4889,uuf250-07.cnf,1800
fixed,1800,250,1065,UNSAT,295745,344664,12699952,164,0,295744,9.50,15.24,277766,31,18.8105,uuf250-070.cnf,1800
fixed,1800,250,1065,UNSAT,304074,355634,12718196,168,0,304073,9.60,15.13,287011,33,19.3343,uuf250-071.cnf,1800
fixed,1800,250,1065,UNSAT,142206,166033,6044757,78,0,142205,8.84,14.19,130504,33,7.0759,uuf250-072.cnf,1800
fixed,1800,250,1065,UNSAT,59328,69760,2624744,32,0,59327,8.45,13.75,52507,28,2.3393,uuf250-073.cnf,1800
fixed,1800,250,1065,UNSAT,103195,120679,4333722,57,0,103194,8.56,13.43,95262,28,4.5798,uuf250-074.cnf,1800
fixed,1800,250,1065,UNSAT,170851,200720,7348236,94,0,170850,9.18,14.73,157006,28,9.0467,uuf250-075.cnf,1800
fixed,1800,250,1065,UNSAT,106270,123389,4491414,59,0,106269,8.66,13.49,95256,35,4.8302,uuf250-076.cnf,1800
fixed,1800,250,1065,UNSAT,448120,522369,19054598,248,0,448119,9.59,15.15,432272,31,32.5081,uuf250-077.cnf,1800
fixed,1800,250,1065,UNSAT,196482,229152,8390346,109,0,196481,9.14,14.33,185912,32,10.7127,uuf250-078.cnf,1800
fixed,1800,250,1065,UNSAT,138100,161358,5916939,76,0,138099,8.91,14.30,130510,31,6.9319,uuf250-079.cnf,1800
fixed,1800,250,1065,UNSAT,116296,136088,4956703,64,0,116295,8.70,13.83,106409,28,5.4711,uuf250-08.cnf,1800
fixed,1800,250,1065,UNSAT,173680,202581,7351317,96,0,173679,8.83,14.18,164005,32,9.2319,uuf250-080.cnf,1800
fixed,1800,250,1065,UNSAT,194085,226345,8164058,107,0,194084,9.09,14.30,185906,29,10.5216,uuf250-081.cnf,1800
fixed,1800,250,1065,UNSAT,137360,160068,5920795,76,0,137359,8.80,14.17,130509,34,6.7939,uuf250-082.cnf,1800
fixed,1800,250,1065,UNSAT,62823,73411,2768614,34,0,62822,8.29,13.70,56658,27,2.5392,uuf250-083.cnf,1800
fixed,1800,250,1065,UNSAT,75369,88621,3324351,41,0,75368,8.45,13.84,70005,29,3.1561,uuf250-084.cnf,1800
fixed,1800,250,1065,UNSAT,116912,136447,4946288,64,0,116911,8.66,13.86,106405,27,5.5514,uuf250-085.cnf,1800
fixed,1800,250,1065,UNSAT,114208,133395,4835369,63,0,114207,8.52,13.47,106403,28,5.2603,uuf250-086.cnf,1800
fixed,1800,250,1065,UNSAT,534001,622029,22691303,296,0,534000,9.66,15.15,515915,32,39.5721,uuf250-087.cnf,1800
fixed,1800,250,1065,UNSAT,169504,197603,7178485,94,0,169503,9.07,14.40,157007,28,8.8797,uuf250-088.cnf,1800
fixed,1800,250,1065,UNSAT,142539,166481,6229271,79,0,142538,8.91,14.44,130509,30,7.2096,uuf250-089.cnf,1800
fixed,1800,250,1065,UNSAT,466470,542328,19843050,259,0,466469,9.64,15.04,443767,30,33.5127,uuf250-09.cnf,1800
fixed,1800,250,1065,UNSAT,31866,37193,1354132,17,0,31865,8.07,13.17,27652,32,1.1373,uuf250-090.cnf,1800
fixed,1800,250,1065,UNSAT,183914,215340,7896833,102,0,183913,9.18,14.66,171155,30,9.6782,uuf250-091.cnf,1800
fixed,1800,250,1065,UNSAT,303613,354560,12657834,168,0,303612,9.32,14.70,287017,28,19.4343,uuf250-092.cnf,1800
fixed,1800,250,1065,UNSAT,150017,175867,6405714,83,0,150016,8.69,13.80,143453,29,7.4824,uuf250-093.cnf,1800
fixed,1800,250,1065,UNSAT,132646,155241,5584243,73,0,132645,8.61,13.70,124256,29,6.5562,uuf250-094.cnf,1800
fixed,1800,250,1065,UNSAT,77272,89911,3242710,42,0,77271,8.46,13.27,70007,37,3.2266,uuf250-095.cnf,1800
fixed,1800,250,1065,UNSAT,182099,211464,7753262,101,0,182098,9.05,14.35,171161,31,10.1296,uuf250-096.cnf,1800
fixed,1800,250,1065,UNSAT,73277,85884,3200368,40,0,73276,8.48,13.76,65404,38,3.0506,uuf250-097.cnf,1800
fixed,1800,250,1065,UNSAT,44703,52414,1938708,24,0,44702,8.07,13.08,40957,33,1.6694,uuf250-098.cnf,1800
fixed,1800,250,1065,UNSAT,81364,95078,3495823,45,0,81363,8.46,13.59,74755,33,3.4542,uuf250-099.cnf,1800
fixed,1900,250,1065,UNSAT,120878,142009,5331805,63,0,120877,8.70,14.15,112213,31,5.6768,uuf250-01.cnf,1900
fixed,1900,250,1065,UNSAT,116060,135862,5046221,61,0,116059,8.79,14.12,106409,29,5.3592,uuf250-010.cnf,1900
fixed,1900,250,1065,UNSAT,199136,232541,8358929,104,0,199135,8.95,14.12,185908,29,10.6059,uuf250-0100.cnf,1900
fixed,1900,250,1065,UNSAT,200784,233878,8518435,105,0,200783,8.98,14.20,185907,32,10.8554,uuf250-011.cnf,1900
fixed,1900,250,1065,UNSAT,141856,165849,6102923,74,0,141855,8.83,13.91,130506,28,6.8338,uuf250-012.cnf,1900
fixed,1900,250,1065,UNSAT,123856,145418,5182273,65,0,123855,8.67,13.84,112212,29,5.9502,uuf250-013.cnf,1900
fixed,1900,250,1065,UNSAT,175176,205365,7539869,92,0,175175,8.77,14.29,164013,31,9.1087,uuf250-014.cnf,1900
fixed,1900,250,1065,UNSAT,159610,186175,6792617,83,0,159609,8.97,14.36,150160,38,8.1504,uuf250-015.cnf,1900
fixed,1900,250,1065,UNSAT,94585,110324,3978450,49,0,94584,8.56,13.51,84705,29,4.2011,uuf250-016.cnf,1900
fixed,1900,250,1065,UNSAT,155177,181674,6485960,81,0,155176,8.77,14.18,143455,32,8.0232,uuf250-017.cnf,1900
fixed,1900,250,1065,UNSAT,175769,205254,7597946,92,0,175768,9.04,14.07,164006,29,8.9320,uuf250-018.cnf,1900
fixed,1900,250,1065,UNSAT,130583,151617,5638548,68,0,130582,8.83,14.26,124254,28,6.4774,uuf250-019.cnf,1900
fixed,1900,250,1065,UNSAT,159701,186709,6750966,84,0,159700,8.87,14.12,150160,29,8.1897,uuf250-02.cnf,1900
fixed,1900,250,1065,UNSAT,230949,270494,9636371,121,0,230948,9.34,14.55,217214,30,13.0669,uuf250-020.cnf,1900
fixed,1900,250,1065,UNSAT,264908,309752,11414713,139,0,264907,9.07,14.41,250909,33,15.7667,uuf250-021.cnf,1900
fixed,1900,250,1065,UNSAT,283675,330047,12152370,149,0,283674,9.43,14.67,268658,32,17.4581,uuf250-022.cnf,1900
fixed,1900,250,1065,UNSAT,76843,89439,3275840,40,0,76842,8.55,13.66,70009,34,3.2664,uuf250-023.cnf,1900
fixed,1900,250,1065,UNSAT,81118,95018,3484113,42,0,81117,8.42,13.56,74756,40,3.3769,uuf250-024.cnf,1900
fixed,1900,250,1065,UNSAT,126883,148372,5555814,66,0,126882,8.73,13.95,118156,28,6.0203,uuf250-025.cnf,1900
fixed,1900,250,1065,UNSAT,69323,81416,2993768,36,0,69322,8.51,13.71,60955,30,2.8802,uuf250-026.cnf,1900
fixed,1900,250,1065,UNSAT,229100,266420,9761865,120,0,229099,9.15,14.58,217212,34,13.4280,uuf250-027.cnf,1900
fixed,1900,250,1065,UNSAT,177171,207438,7537143,93,0,177170,8.91,14.29,164011,29,9.5542,uuf250-028.cnf,1900
fixed,1900,250,1065,UNSAT,78315,91444,3348593,41,0,78314,8.40,13.66,70006,28,3.3876,uuf250-029.cnf,1900
fixed,1900,250,1065,UNSAT,147043,171251,6345725,77,0,147042,8.75,14.11,136908,31,7.4240,uuf250-03.cnf,1900
fixed,1900,250,1065,UNSAT,83456,98299,3446061,43,0,83455,8.53,13.59,74752,29,3.6101,uuf250-030.cnf,1900
fixed,1900,250,1065,UNSAT,234355,274931,10241709,123,0,234354,9.44,14.83,225409,37,13.3344,uuf250-031.cnf,1900
fixed,1900,250,1065,UNSAT,124077,144377,5247594,65,0,124076,8.82,13.94,112206,29,5.9348,uuf250-032.cnf,1900
fixed,1900,250,1065,UNSAT,392668,457693,16493368,206,0,392667,9.17,14.35,377014,30,27.5816,uuf250-033.cnf,1900
fixed,1900,250,1065,UNSAT,260775,305454,11154186,137,0,260774,9.30,14.86,250909,30,15.5304,uuf250-034.cnf,1900
fixed,1900,250,1065,UNSAT,263493,307776,11054570,138,0,263492,9.23,14.56,250910,30,15.7457,uuf250-035.cnf,1900
fixed,1900,250,1065,UNSAT,72238,84578,3079473,38,0,72237,8.29,13.51,65408,28,2.9781,uuf250-036.cnf,1900
fixed,1900,250,1065,UNSAT,69838,81543,2931412,36,0,69837,8.36,13.20,60952,33,2.8927,uuf250-037.cnf,1900
fixed,1900,250,1065,UNSAT,39030,45751,1685107,20,0,39029,7.96,13.00,34002,27,1.3734,uuf250-038.cnf,1900
fixed,1900,250,1065,UNSAT,101440,118569,4306816,53,0,101439,8.49,13.61,95254,26,4.5969,uuf250-039.cnf,1900
fixed,1900,250,1065,UNSAT,143282,167908,6019785,75,0,143281,8.86,14.21,130504,28,7.1639,uuf250-04.cnf,1900
fixed,1900,250,1065,UNSAT,49151,57227,2085253,25,0,49150,8.30,13.07,44653,29,1.8545,uuf250-040.cnf,1900
fixed,1900,250,1065,UNSAT,99687,117552,4387307,52,0,99686,8.76,14.35,89900,30,4.5017,uuf250-041.cnf,1900
fixed,1900,250,1065,UNSAT,146923,170741,6267356,77,0,146922,8.92,14.13,136911,33,7.3514,uuf250-042.cnf,1900
fixed,1900,250,1065,UNSAT,186287,216258,7922482,97,0,186286,9.18,14.41,178459,30,9.9777,uuf250-043.cnf,1900
fixed,1900,250,1065,UNSAT,108258,127017,4702477,56,0,108257,8.45,13.80,100755,33,4.8993,uuf250-044.cnf,1900
fixed,1900,250,1065,UNSAT,78258,91813,3386581,41,0,78257,8.28,13.42,70006,28,3.2604,uuf250-045.cnf,1900
fixed,1900,250,1065,UNSAT,405387,474419,17068594,213,0,405386,9.76,15.39,387764,32,27.9136,uuf250-046.cnf,1900
fixed,1900,250,1065,UNSAT,122270,143437,5168713,64,0,122269,8.82,13.78,112216,36,5.7505,uuf250-047.cnf,1900
fixed,1900,250,1065,UNSAT,45676,53181,1977216,24,0,45675,8.21,13.14,40955,34,1.7271,uuf250-048.cnf,1900
fixed,1900,250,1065,UNSAT,93103,109646,4199898,48,0,93102,8.88,14.32,84706,27,4.1183,uuf250-049.cnf,1900
fixed,1900,250,1065,UNSAT,91013,106948,3853654,47,0,91012,8.39,13.73,84705,33,3.9397,uuf250-05.cnf,1900
fixed,1900,250,1065,UNSAT,189812,221534,7919117,99,0,189811,9.14,14.30,178461,33,10.3703,uuf250-050.cnf,1900
fixed,1900,250,1065,UNSAT,221029,256974,9542522,116,0,221028,9.14,14.50,209160,30,12.5487,uuf250-051.cnf,1900
fixed,1900,250,1065,UNSAT,161942,188615,6823194,85,0,161941,8.98,14.26,150156,29,8.5034,uuf250-052.cnf,1900
fixed,1900,250,1065,UNSAT,211215,247362,8944005,111,0,211214,9.17,14.70,201256,38,11.7543,uuf250-053.cnf,1900
fixed,1900,250,1065,UNSAT,164281,191163,7211529,86,0,164280,9.11,14.45,157004,29,8.4987,uuf250-054.cnf,1900
fixed,1900,250,1065,UNSAT,53963,62485,2245221,28,0,53962,8.01,12.73,48505,36,2.1285,uuf250-055.cnf,1900
fixed,1900,250,1065,UNSAT,90128,105638,3903763,47,0,90127,8.71,13.99,84703,29,4.0200,uuf250-056.cnf,1900
fixed,1900,250,1065,UNSAT,133568,157318,5704623,70,0,133567,8.83,14.44,124255,30,6.4644,uuf250-057.cnf,1900
fixed,1900,250,1065,UNSAT,276357,322166,11780767,145,0,276356,9.43,14.77,259711,30,16.7615,uuf250-058.cnf,1900
fixed,1900,250,1065,UNSAT,55917,65449,2387592,29,0,55916,8.34,13.33,48506,28,2.2032,uuf250-059.cnf,1900
fixed,1900,250,1065,UNSAT,136917,160842,5824370,72,0,136916,8.82,14.23,130509,29,6.8121,uuf250-06.cnf,1900
fixed,1900,250,1065,UNSAT,70434,82762,3055203,37,0,70433,8.31,13.41,65406,27,2.9095,uuf250-060.cnf,1900
fixed,1900,250,1065,UNSAT,372747,433395,15845416,196,0,372746,9.72,15.24,355959,36,25.2485,uuf250-061.cnf,1900
fixed,1900,250,1065,UNSAT,93831,110374,3995969,49,0,93830,8.58,13.71,84708,29,4.1174,uuf250-062.cnf,1900
fixed,1900,250,1065,UNSAT,202470,237168,8695218,106,0,202469,8.84,14.31,193513,32,10.9683,uuf250-063.cnf,1900
fixed,1900,250,1065,UNSAT,157525,183274,6801169,82,0,157524,8.99,14.49,150156,34,8.2065,uuf250-064.cnf,1900
fixed,1900,250,1065,UNSAT,76354,88858,3264168,40,0,76353,8.48,13.63,70005,30,3.3251,uuf250-065.cnf,1900
fixed,1900,250,1065,UNSAT,470236,548577,20094097,247,0,470235,9.38,15.04,455416,33,34.4395,uuf250-066.cnf,1900
fixed,1900,250,1065,UNSAT,126684,148517,5531859,66,0,126683,8.80,14.09,118155,34,6.0867,uuf250-067.cnf,1900
fixed,1900,250,1065,UNSAT,29392,34156,1297430,15,0,29391,7.70,12.69,24703,28,0.9955,uuf250-068.cnf,1900
fixed,1900,250,1065,UNSAT,188524,220068,7857160,99,0,188523,8.94,14.18,178456,30,10.3663,uuf250-069.cnf,1900
fixed,1900,250,1065,UNSAT,143272,166629,6069433,75,0,143271,8.93,14.04,130507,30,7.1389,uuf250-07.cnf,1900
fixed,1900,250,1065,UNSAT,293722,342670,12568420,154,0,293721,9.46,15.10,277763,30,18.3772,uuf250-070.cnf,1900
fixed,1900,250,1065,UNSAT,316852,370919,13289710,166,0,316851,9.49,15.02,305959,33,20.1093,uuf250-071.cnf,1900
fixed,1900,250,1065,UNSAT,166677,194296,7031627,87,0,166676,8.78,14.05,157009,33,8.7504,uuf250-072.cnf,1900
fixed,1900,250,1065,UNSAT,69336,81826,3050473,36,0,69335,8.83,14.19,60952,30,2.8396,uuf250-073.cnf,1900
fixed,1900,250,1065,UNSAT,93319,109316,3941423,49,0,93318,8.50,13.35,84702,31,3.9918,uuf250-074.cnf,1900
fixed,1900,250,1065,UNSAT,187170,219632,8015804,98,0,187169,9.31,14.83,178459,30,10.2879,uuf250-075.cnf,1900
fixed,1900,250,1065,UNSAT,89930,104894,3826214,47,0,89929,8.47,13.33,84710,35,3.9076,uuf250-076.cnf,1900
fixed,1900,250,1065,UNSAT,441117,514934,18795702,232,0,441116,9.69,15.39,420915,39,31.6302,uuf250-077.cnf,1900
fixed,1900,250,1065,UNSAT,147378,172236,6344655,77,0,147377,8.98,14.15,136910,32,7.3644,uuf250-078.cnf,1900
fixed,1900,250,1065,UNSAT,160222,186827,6788076,84,0,160221,8.94,14.25,150160,31,8.4377,uuf250-079.cnf,1900
fixed,1900,250,1065,UNSAT,125546,146830,5349999,66,0,125545,8.76,13.98,118158,27,6.1326,uuf250-08.cnf,1900
fixed,1900,250,1065,UNSAT,172315,200607,7307307,90,0,172314,8.83,14.03,164006,32,9.1558,uuf250-080.cnf,1900
fixed,1900,250,1065,UNSAT,205587,240554,8627763,108,0,205586,8.99,14.25,193510,29,11.3626,uuf250-081.cnf,1900
fixed,1900,250,1065,UNSAT,146231,170494,6233428,76,0,146230,8.84,14.22,136908,29,7.2784,uuf250-082.cnf,1900
fixed,1900,250,1065,UNSAT,62000,72957,2725458,32,0,61999,8.35,13.81,56656,27,2.5011,uuf250-083.cnf,1900
fixed,1900,250,1065,UNSAT,87591,102248,3838612,46,0,87590,8.81,14.08,79654,27,3.8376,uuf250-084.cnf,1900
fixed,1900,250,1065,UNSAT,139208,161959,5862456,73,0,139207,8.98,14.16,130509,33,6.9446,uuf250-085.cnf,1900
fixed,1900,250,1065,UNSAT,116722,136048,4951591,61,0,116721,8.57,13.54,106406,28,5.4533,uuf250-086.cnf,1900
fixed,1900,250,1065,UNSAT,384250,447207,16417454,202,0,384249,9.50,14.91,366410,30,25.3615,uuf250-087.cnf,1900
fixed,1900,250,1065,UNSAT,143132,167647,6097988,75,0,143131,8.97,14.29,130505,29,7.1088,uuf250-088.cnf,1900
fixed,1900,250,1065,UNSAT,164798,192560,7108222,86,0,164797,9.05,14.58,157012,30,8.7330,uuf250-089.cnf,1900
fixed,1900,250,1065,UNSAT,446521,518300,19138314,234,0,446520,9.73,15.13,432258,30,31.4892,uuf250-09.cnf,1900
fixed,1900,250,1065,UNSAT,33103,38461,1401628,17,0,33102,7.76,12.60,27651,32,1.1423,uuf250-090.cnf,1900
fixed,1900,250,1065,UNSAT,168888,197953,7288778,88,0,168887,8.95,14.57,157005,30,8.6598,uuf250-091.cnf,1900
fixed,1900,250,1065,UNSAT,280016,327287,11759406,147,0,280015,9.30,14.75,268658,34,17.5066,uuf250-092.cnf,1900
fixed,1900,250,1065,UNSAT,140090,164446,5968503,73,0,140089,8.55,13.80,130508,29,6.8000,uuf250-093.cnf,1900
fixed,1900,250,1065,UNSAT,110794,129381,4711338,58,0,110793,8.68,13.86,100755,31,5.1949,uuf250-094.cnf,1900
fixed,1900,250,1065,UNSAT,66156,77080,2780220,34,0,66155,8.03,12.89,60950,37,2.6425,uuf250-095.cnf,1900
fixed,1900,250,1065,UNSAT,169993,197057,7256606,89,0,169992,8.97,14.21,157006,28,9.0164,uuf250-096.cnf,1900
fixed,1900,250,1065,UNSAT,95646,111664,4098860,50,0,95645,8.69,13.91,89905,38,4.2801,uuf250-097.cnf,1900
fixed,1900,250,1065,UNSAT,48612,56885,2118113,25,0,48611,8.03,13.13,44657,33,1.8410,uuf250-098.cnf,1900
fixed,1900,250,1065,UNSAT,69820,82016,2982849,36,0,69819,8.16,13.28,60953,33,2.7880,uuf250-099.cnf,1900
fixed,2000,250,1065,UNSAT,125071,146990,5495644,62,0,125070,8.71,14.11,118157,27,5.9115,uuf250-01.cnf,2000
fixed,2000,250,1065,UNSAT,130288,152470,5633854,65,0,130287,8.87,14.14,118159,28,6.2292,uuf250-010.cnf,2000
fixed,2000,250,1065,UNSAT,234989,274377,9806534,117,0,234988,9.18,14.34,225412,32,13.3701,uuf250-0100.cnf,2000
fixed,2000,250,1065,UNSAT,198626,231945,8435333,99,0,198625,9.02,14.27,185906,29,10.7566,uuf250-011.cnf,2000
fixed,2000,250,1065,UNSAT,113133,132790,4907312,56,0,113132,8.68,13.85,106405,30,5.0880,uuf250-012.cnf,2000
fixed,2000,250,1065,UNSAT,128228,149804,5365159,64,0,128227,8.56,13.75,118157,29,6.1453,uuf250-013.cnf,2000
fixed,2000,250,1065,UNSAT,188581,220779,8034817,94,0,188580,8.82,14.42,178458,31,10.3105,uuf250-014.cnf,2000
fixed,2000,250,1065,UNSAT,173951,203231,7357843,86,0,173950,9.01,14.29,164010,38,9.0619,uuf250-015.cnf,2000
fixed,2000,250,1065,UNSAT,88327,103416,3723312,44,0,88326,8.51,13.61,79659,29,3.8642,uuf250-016.cnf,2000
fixed,2000,250,1065,UNSAT,197532,231249,8159213,98,0,197531,9.05,14.27,185909,29,11.0814,uuf250-017.cnf,2000
fixed,2000,250,1065,UNSAT,173505,202415,7482370,86,0,173504,9.22,14.27,164007,30,8.7389,uuf250-018.cnf,2000
fixed,2000,250,1065,UNSAT,147103,170281,6364462,73,0,147102,8.90,14.20,136911,28,7.4697,uuf250-019.cnf,2000
fixed,2000,250,1065,UNSAT,138188,161453,5868827,69,0,138187,8.87,14.15,130503,30,6.8443,uuf250-02.cnf,2000
fixed,2000,250,1065,UNSAT,206536,241968,8668034,103,0,206535,9.10,14.31,193512,33,11.1945,uuf250-020.cnf,2000
fixed,2000,250,1065,UNSAT,223858,261910,9750232,111,0,223857,9.00,14.31,209159,31,12.5668,uuf250-021.cnf,2000
fixed,2000,250,1065,UNSAT,260070,302497,11164868,129,0,260069,9.51,14.78,250909,32,15.3893,uuf250-022.cnf,2000
fixed,2000,250,1065,UNSAT,85160,99206,3586127,42,0,85159,8.54,13.64,79659,34,3.7213,uuf250-023.cnf,2000
fixed,2000,250,1065,UNSAT,78576,92012,3399290,39,0,78575,8.14,13.21,70004,40,3.2327,uuf250-024.cnf,2000
fixed,2000,250,1065,UNSAT,138624,161810,6055288,69,0,138623,8.89,14.10,130508,28,6.7941,uuf250-025.cnf,2000
fixed,2000,250,1065,UNSAT,63550,74717,2738866,31,0,63549,8.21,13.54,56657,28,2.5492,uuf250-026.cnf,2000
fixed,2000,250,1065,UNSAT,187003,217740,8008677,93,0,187002,9.06,14.56,178459,29,10.2245,uuf250-027.cnf,2000
fixed,2000,250,1065,UNSAT,171719,200298,7348469,85,0,171718,9.01,14.32,164007,29,9.2342,uuf250-028.cnf,2000
fixed,2000,250,1065,UNSAT,78923,91552,3416907,39,0,78922,8.36,13.85,70003,28,3.4213,uuf250-029.cnf,2000
fixed,2000,250,1065,UNSAT,123878,144410,5366674,61,0,123877,8.57,13.88,112213,31,6.0049,uuf250-03.cnf,2000
fixed,2000,250,1065,UNSAT,83399,98188,3452064,41,0,83398,8.70,13.54,74756,29,3.5669,uuf250-030.cnf,2000
fixed,2000,250,1065,UNSAT,208652,244904,9135236,104,0,208651,9.38,14.86,193511,37,11.3061,uuf250-031.cnf,2000
fixed,2000,250,1065,UNSAT,117232,136522,4954842,58,0,117231,8.63,13.84,106408,29,5.5165,uuf250-032.cnf,2000
fixed,2000,250,1065,UNSAT,290603,338510,12278768,145,0,290602,9.11,14.37,277763,33,18.4819,uuf250-033.cnf,2000
fixed,2000,250,1065,UNSAT,275257,322356,11768786,137,0,275256,9.26,14.81,259716,33,16.6147,uuf250-034.cnf,2000
fixed,2000,250,1065,UNSAT,295579,345441,12324634,147,0,295578,9.47,14.70,277761,30,18.3532,uuf250-035.cnf,2000
fixed,2000,250,1065,UNSAT,69274,80948,2965732,34,0,69273,8.34,13.66,60957,27,2.8499,uuf250-036.cnf,2000
fixed,2000,250,1065,UNSAT,88881,103341,3723753,44,0,88880,8.29,13.12,79656,33,3.8829,uuf250-037.cnf,2000
fixed,2000,250,1065,UNSAT,46003,53784,1992690,22,0,46002,8.04,12.95,40952,27,1.7051,uuf250-038.cnf,2000
fixed,2000,250,1065,UNSAT,104604,122432,4462447,52,0,104603,8.51,13.66,95253,26,4.7298,uuf250-039.cnf,2000
fixed,2000,250,1065,UNSAT,181793,211531,7533348,90,0,181792,9.04,14.27,171164,29,9.8299,uuf250-04.cnf,2000
fixed,2000,250,1065,UNSAT,46599,54051,1977894,23,0,46598,8.11,12.83,40955,29,1.7514,uuf250-040.cnf,2000
fixed,2000,250,1065,UNSAT,100927,118823,4423967,50,0,100926,8.72,14.35,95263,30,4.5386,uuf250-041.cnf,2000
fixed,2000,250,1065,UNSAT,160630,187309,6856171,80,0,160629,8.74,13.95,150159,28,8.0842,uuf250-042.cnf,2000
fixed,2000,250,1065,UNSAT,164779,191848,7062167,82,0,164778,8.86,14.12,157013,32,8.5963,uuf250-043.cnf,2000
fixed,2000,250,1065,UNSAT,129442,151045,5579814,64,0,129441,8.77,14.19,118156,33,6.3175,uuf250-044.cnf,2000
fixed,2000,250,1065,UNSAT,66868,78740,2911788,33,0,66867,8.29,13.64,60955,27,2.7171,uuf250-045.cnf,2000
fixed,2000,250,1065,UNSAT,384270,450284,16197738,192,0,384269,9.72,15.40,366420,31,26.0622,uuf250-046.cnf,2000
fixed,2000,250,1065,UNSAT,99389,116831,4248299,49,0,99388,8.73,13.76,89907,36,4.3989,uuf250-047.cnf,2000
fixed,2000,250,1065,UNSAT,40534,47458,1768799,20,0,40533,7.89,12.85,34002,34,1.4620,uuf250-048.cnf,2000
fixed,2000,250,1065,UNSAT,93286,109573,4198117,46,0,93285,8.64,14.10,84710,29,4.0663,uuf250-049.cnf,2000
fixed,2000,250,1065,UNSAT,107889,127022,4551407,53,0,107888,8.63,13.88,100756,31,4.8966,uuf250-05.cnf,2000
fixed,2000,250,1065,UNSAT,117165,137661,4939463,58,0,117164,8.58,13.86,106408,33,5.5083,uuf250-050.cnf,2000
fixed,2000,250,1065,UNSAT,205613,239939,8895481,102,0,205612,9.09,14.41,193509,30,11.4122,uuf250-051.cnf,2000
fixed,2000,250,1065,UNSAT,133914,155922,5645804,66,0,133913,8.82,13.97,124258,27,6.6515,uuf250-052.cnf,2000
fixed,2000,250,1065,UNSAT,202854,236949,8604541,101,0,202853,9.04,14.37,193511,38,10.9862,uuf250-053.cnf,2000
fixed,2000,250,1065,UNSAT,140651,163888,6201120,70,0,140650,8.98,14.36,130506,29,6.9595,uuf250-054.cnf,2000
fixed,2000,250,1065,UNSAT,41582,48656,1756740,20,0,41581,7.74,12.38,37407,36,1.4793,uuf250-055.cnf,2000
fixed,2000,250,1065,UNSAT,91810,107609,3962545,45,0,91809,8.58,13.91,84709,29,3.9720,uuf250-056.cnf,2000
fixed,2000,250,1065,UNSAT,150223,176643,6349199,75,0,150222,8.94,14.42,143456,31,7.5661,uuf250-057.cnf,2000
fixed,2000,250,1065,UNSAT,212028,247373,9080037,105,0,212027,9.09,14.37,201259,30,11.8195,uuf250-058.cnf,2000
fixed,2000,250,1065,UNSAT,51480,60140,2207957,25,0,51479,8.04,12.93,44656,28,1.9743,uuf250-059.cnf,2000
fixed,2000,250,1065,UNSAT,124098,145469,5288786,62,0,124097,8.55,13.82,112215,29,5.9962,uuf250-06.cnf,2000
fixed,2000,250,1065,UNSAT,82866,97145,3546943,41,0,82865,8.48,13.54,74758,26,3.5672,uuf250-060.cnf,2000
fixed,2000,250,1065,UNSAT,385877,448160,16413324,192,0,385876,9.73,15.26,366419,36,26.4635,uuf250-061.cnf,2000
fixed,2000,250,1065,UNSAT,90384,106107,3834789,45,0,90383,8.71,13.76,84707,29,3.9627,uuf250-062.cnf,2000
fixed,2000,250,1065,UNSAT,206296,241787,8837209,103,0,206295,8.93,14.42,193509,36,11.3868,uuf250-063.cnf,2000
fixed,2000,250,1065,UNSAT,206449,239482,8834526,103,0,206448,9.21,14.63,193511,34,11.6588,uuf250-064.cnf,2000
fixed,2000,250,1065,UNSAT,71863,83306,3104881,35,0,71862,8.37,13.47,65407,29,3.0484,uuf250-065.cnf,2000
fixed,2000,250,1065,UNSAT,431990,503644,18466013,215,0,431989,9.33,14.97,409716,31,30.5507,uuf250-066.cnf,2000
fixed,2000,250,1065,UNSAT,135827,159326,5955229,67,0,135826,9.02,14.40,124255,34,6.6445,uuf250-067.cnf,2000
fixed,2000,250,1065,UNSAT,33205,38794,1443835,16,0,33204,7.70,12.63,27652,28,1.1318,uuf250-068.cnf,2000
fixed,2000,250,1065,UNSAT,207894,242857,8713348,103,0,207893,8.94,14.20,193512,31,11.6399,uuf250-069.cnf,2000
fixed,2000,250,1065,UNSAT,153928,179016,6542355,76,0,153927,8.81,13.95,143454,30,7.7868,uuf250-07.cnf,2000
fixed,2000,250,1065,UNSAT,334656,390153,14341586,167,0,334655,9.54,15.35,315661,29,22.3420,uuf250-070.cnf,2000
fixed,2000,250,1065,UNSAT,261574,306759,10954568,130,0,261573,9.37,15.02,250913,33,15.7336,uuf250-071.cnf,2000
fixed,2000,250,1065,UNSAT,149863,174987,6368220,74,0,149862,8.89,14.25,136903,33,7.8062,uuf250-072.cnf,2000
fixed,2000,250,1065,UNSAT,64545,76014,2861787,32,0,64544,8.32,13.56,56653,28,2.5789,uuf250-073.cnf,2000
fixed,2000,250,1065,UNSAT,89416,105147,3761323,44,0,89415,8.43,13.35,79654,29,3.7771,uuf250-074.cnf,2000
fixed,2000,250,1065,UNSAT,184140,215703,7934892,92,0,184139,9.27,14.90,171156,30,10.0295,uuf250-075.cnf,2000
fixed,2000,250,1065,UNSAT,100058,115911,4260070,50,0,100057,8.52,13.41,89905,35,4.5066,uuf250-076.cnf,2000
fixed,2000,250,1065,UNSAT,454874,531165,19471643,227,0,454873,9.54,15.11,432266,30,32.6327,uuf250-077.cnf,2000
fixed,2000,250,1065,UNSAT,185490,216746,7964143,92,0,185489,8.98,14.21,171160,32,9.9432,uuf250-078.cnf,2000
fixed,2000,250,1065,UNSAT,135516,157994,5743600,67,0,135515,8.83,14.03,124259,31,6.7820,uuf250-079.cnf,2000
fixed,2000,250,1065,UNSAT,133839,156055,5672119,66,0,133838,8.75,13.93,124260,27,6.5303,uuf250-08.cnf,2000
fixed,2000,250,1065,UNSAT,192684,224404,8091442,96,0,192683,8.96,14.35,178466,32,10.5601,uuf250-080.cnf,2000
fixed,2000,250,1065,UNSAT,184939,215524,7821838,92,0,184938,8.90,14.02,171163,29,9.9070,uuf250-081.cnf,2000
fixed,2000,250,1065,UNSAT,147072,171233,6292040,73,0,147071,8.86,14.17,136907,27,7.3381,uuf250-082.cnf,2000
fixed,2000,250,1065,UNSAT,68295,80373,3003055,34,0,68294,8.55,14.15,60956,27,2.8259,uuf250-083.cnf,2000
fixed,2000,250,1065,UNSAT,78994,92250,3458563,39,0,78993,8.53,14.03,70005,26,3.3200,uuf250-084.cnf,2000
fixed,2000,250,1065,UNSAT,134404,156844,5669506,67,0,134403,8.78,14.01,124257,31,6.5770,uuf250-085.cnf,2000
fixed,2000,250,1065,UNSAT,128317,149204,5416434,64,0,128316,8.58,13.64,118156,28,6.1463,uuf250-086.cnf,2000
fixed,2000,250,1065,UNSAT,483951,563339,20412951,241,0,483950,9.92,15.43,467219,31,35.3088,uuf250-087.cnf,2000
fixed,2000,250,1065,UNSAT,205597,239891,8662948,102,0,205596,9.19,14.59,193509,28,11.4746,uuf250-088.cnf,2000
fixed,2000,250,1065,UNSAT,172730,200671,7460666,86,0,172729,9.17,14.60,164013,30,9.2546,uuf250-089.cnf,2000
fixed,2000,250,1065,UNSAT,418903,485511,18061334,209,0,418902,9.70,15.08,398666,30,29.0024,uuf250-09.cnf,2000
fixed,2000,250,1065,UNSAT,32712,38343,1394719,16,0,32711,7.89,13.10,27657,32,1.1364,uuf250-090.cnf,2000
fixed,2000,250,1065,UNSAT,135696,159639,5887660,67,0,135695,8.82,14.24,124257,30,6.5308,uuf250-091.cnf,2000
fixed,2000,250,1065,UNSAT,311850,364493,13006389,155,0,311849,9.45,14.86,296409,29,20.0211,uuf250-092.cnf,2000
fixed,2000,250,1065,UNSAT,128592,150620,5540482,64,0,128591,8.49,13.72,118156,28,6.0855,uuf250-093.cnf,2000
fixed,2000,250,1065,UNSAT,116617,136387,4924873,58,0,116616,8.60,13.74,106412,28,5.5147,uuf250-094.cnf,2000
fixed,2000,250,1065,UNSAT,67662,78924,2854537,33,0,67661,8.38,13.27,60954,37,2.7336,uuf250-095.cnf,2000
fixed,2000,250,1065,UNSAT,151476,176203,6526202,75,0,151475,8.75,14.21,143460,28,7.8013,uuf250-096.cnf,2000
fixed,2000,250,1065,UNSAT,76949,89759,3348872,38,0,76948,8.42,13.62,70005,38,3.2340,uuf250-097.cnf,2000
fixed,2000,250,1065,UNSAT,41183,48076,1805723,20,0,41182,7.95,12.88,37404,33,1.4916,uuf250-098.cnf,2000
fixed,2000,250,1065,UNSAT,88228,102856,3766345,44,0,88227,8.46,13.53,79655,33,3.8456,uuf250-099.cnf,2000
