policy,unit,vars,clauses,result,conflicts,decisions,propagations,restarts,blocked,learnt,avg_lbd,avg_len,deleted,max_level,seconds,_cnf,_param_value
luby,10,250,1065,UNSAT,214343,296676,9344297,4092,0,214342,9.67,14.36,201257,31,21.1399,uuf250-01.cnf,10
luby,10,250,1065,UNSAT,166142,227642,7130442,3069,0,166141,9.35,14.03,157010,30,14.7936,uuf250-010.cnf,10
luby,10,250,1065,UNSAT,293843,402352,12199367,5116,0,293842,9.54,14.09,277761,30,31.4964,uuf250-0100.cnf,10
luby,10,250,1065,UNSAT,245297,334692,10407442,4094,0,245296,9.51,14.21,233763,31,24.9616,uuf250-011.cnf,10
luby,10,250,1065,UNSAT,205081,284267,8746392,3976,0,205080,9.61,14.02,193506,31,19.4879,uuf250-012.cnf,10
luby,10,250,1065,UNSAT,214821,294613,8894262,4092,0,214820,9.35,13.79,201259,30,20.8772,uuf250-013.cnf,10
luby,10,250,1065,UNSAT,237832,321720,10170976,4094,0,237831,9.28,14.22,225411,35,24.6380,uuf250-014.cnf,10
luby,10,250,1065,UNSAT,253215,346228,10668093,4221,0,253214,9.74,14.46,242256,38,27.1074,uuf250-015.cnf,10
luby,10,250,1065,UNSAT,163370,223702,6776707,3069,0,163369,9.43,13.79,150165,29,15.1307,uuf250-016.cnf,10
luby,10,250,1065,UNSAT,232995,319049,9691977,4094,0,232994,9.42,14.11,217210,30,24.0337,uuf250-017.cnf,10
luby,10,250,1065,UNSAT,232527,318113,9955138,4094,0,232526,9.55,14.08,217211,30,22.8348,uuf250-018.cnf,10
luby,10,250,1065,UNSAT,214666,294481,9182971,4092,0,214665,9.54,14.40,201261,29,21.8902,uuf250-019.cnf,10
luby,10,250,1065,UNSAT,220882,306059,9311650,4093,0,220881,9.69,14.30,209162,34,22.2519,uuf250-02.cnf,10
luby,10,250,1065,UNSAT,323644,445976,13520072,5628,0,323643,9.88,14.53,305963,33,36.2376,uuf250-020.cnf,10
luby,10,250,1065,UNSAT,303682,413659,13114621,5211,0,303681,9.54,14.38,287007,31,32.9280,uuf250-021.cnf,10
luby,10,250,1065,UNSAT,321188,441969,13761048,5627,0,321187,9.88,14.59,305968,32,36.9089,uuf250-022.cnf,10
luby,10,250,1065,UNSAT,120190,165169,5040855,2232,0,120189,9.33,13.83,112208,34,10.2747,uuf250-023.cnf,10
luby,10,250,1065,UNSAT,109560,149676,4746496,2046,0,109559,9.01,13.67,100755,40,8.6456,uuf250-024.cnf,10
luby,10,250,1065,UNSAT,193618,268195,8436077,3707,0,193617,9.47,14.19,185911,31,18.6699,uuf250-025.cnf,10
luby,10,250,1065,UNSAT,85820,119692,3708630,1788,0,85819,9.12,13.64,79657,28,6.4474,uuf250-026.cnf,10
luby,10,250,1065,UNSAT,296766,405122,12634833,5117,0,296765,9.68,14.45,287014,31,33.8754,uuf250-027.cnf,10
luby,10,250,1065,UNSAT,272991,374358,11524165,4634,0,272990,9.82,14.53,259711,34,30.1586,uuf250-028.cnf,10
luby,10,250,1065,UNSAT,124040,169167,5345617,2301,0,124039,9.15,13.81,112206,30,10.7462,uuf250-029.cnf,10
luby,10,250,1065,UNSAT,223971,306028,9504900,4093,0,223970,9.52,14.25,209157,35,23.1857,uuf250-03.cnf,10
luby,10,250,1065,UNSAT,112759,156823,4677025,2046,0,112758,9.32,13.76,106406,29,9.1630,uuf250-030.cnf,10
luby,10,250,1065,UNSAT,261992,358035,11522757,4441,0,261991,9.71,14.50,250909,37,26.7007,uuf250-031.cnf,10
luby,10,250,1065,UNSAT,223088,305201,9310123,4093,0,223087,9.57,14.09,209162,30,22.9761,uuf250-032.cnf,10
luby,10,250,1065,UNSAT,409500,562580,17155442,7163,0,409499,9.77,14.49,387768,33,54.5615,uuf250-033.cnf,10
luby,10,250,1065,UNSAT,296688,409201,12702813,5117,0,296687,9.80,14.84,287012,32,35.2029,uuf250-034.cnf,10
luby,10,250,1065,UNSAT,327258,450090,13680449,5727,0,327257,9.69,14.39,315666,31,38.7465,uuf250-035.cnf,10
luby,10,250,1065,UNSAT,116308,159521,4923712,2117,0,116307,9.25,13.90,106402,30,9.8877,uuf250-036.cnf,10
luby,10,250,1065,UNSAT,105177,143940,4393820,2046,0,105176,9.07,13.41,95254,33,8.3899,uuf250-037.cnf,10
luby,10,250,1065,UNSAT,60191,83430,2609097,1274,0,60190,8.81,13.09,52505,28,4.0757,uuf250-038.cnf,10
luby,10,250,1065,UNSAT,160741,220657,6835290,3068,0,160740,9.31,13.89,150156,30,14.8217,uuf250-039.cnf,10
luby,10,250,1065,UNSAT,208303,288403,8739461,4087,0,208302,9.35,14.02,193512,33,20.3404,uuf250-04.cnf,10
luby,10,250,1065,UNSAT,70616,97662,2974211,1529,0,70615,9.00,13.08,65405,30,5.0715,uuf250-040.cnf,10
luby,10,250,1065,UNSAT,142836,197662,6291774,2709,0,142835,9.43,14.36,130508,33,12.3746,uuf250-041.cnf,10
luby,10,250,1065,UNSAT,246006,331442,10495230,4094,0,246005,9.26,13.85,233761,29,25.3327,uuf250-042.cnf,10
luby,10,250,1065,UNSAT,238073,325394,10073097,4094,0,238072,9.60,14.22,225408,31,24.5718,uuf250-043.cnf,10
luby,10,250,1065,UNSAT,224806,309105,9563755,4093,0,224805,9.45,14.16,209161,36,23.0920,uuf250-044.cnf,10
luby,10,250,1065,UNSAT,126420,173567,5423073,2364,0,126419,9.28,13.74,118160,29,10.6933,uuf250-045.cnf,10
luby,10,250,1065,UNSAT,474915,656446,19961628,8188,0,474914,10.19,15.21,455414,34,61.8924,uuf250-046.cnf,10
luby,10,250,1065,UNSAT,141927,196456,6069488,2684,0,141926,9.42,13.78,130508,36,8.4299,uuf250-047.cnf,10
luby,10,250,1065,UNSAT,63996,88125,2782437,1339,0,63995,8.91,13.25,56655,34,2.6660,uuf250-048.cnf,10
luby,10,250,1065,UNSAT,135633,188155,6120536,2557,0,135632,9.55,14.40,124264,31,6.6350,uuf250-049.cnf,10
luby,10,250,1065,UNSAT,136381,187861,5754586,2557,0,136380,9.02,13.70,124262,31,6.8215,uuf250-05.cnf,10
luby,10,250,1065,UNSAT,230955,316526,9565304,4094,0,230954,9.44,14.00,217212,32,13.6880,uuf250-050.cnf,10
luby,10,250,1065,UNSAT,334774,457288,14362784,5883,0,334773,9.74,14.48,315664,31,21.8078,uuf250-051.cnf,10
luby,10,250,1065,UNSAT,189843,260807,7986903,3587,0,189842,9.61,14.21,178456,31,10.5280,uuf250-052.cnf,10
luby,10,250,1065,UNSAT,292555,402196,12284874,5115,0,292554,9.65,14.52,277766,38,17.9238,uuf250-053.cnf,10
luby,10,250,1065,UNSAT,223090,307918,9749220,4093,0,223089,9.79,14.54,209164,30,12.8718,uuf250-054.cnf,10
luby,10,250,1065,UNSAT,58993,81224,2478596,1238,0,58992,8.67,12.91,52502,36,2.4004,uuf250-055.cnf,10
luby,10,250,1065,UNSAT,134012,186043,5791974,2556,0,134011,9.31,13.96,124256,31,6.5922,uuf250-056.cnf,10
luby,10,250,1065,UNSAT,255447,349189,10636871,4284,0,255446,9.60,14.50,242259,30,15.4446,uuf250-057.cnf,10
luby,10,250,1065,UNSAT,371178,508702,15727460,6391,0,371177,9.94,14.65,355964,31,25.5015,uuf250-058.cnf,10
luby,10,250,1065,UNSAT,89444,124192,3780546,1913,0,89443,8.94,13.19,79658,27,4.0565,uuf250-059.cnf,10
luby,10,250,1065,UNSAT,158074,218598,6708737,3067,0,158073,9.10,13.78,150159,32,8.4391,uuf250-06.cnf,10
luby,10,250,1065,UNSAT,121079,165594,5189294,2250,0,121078,9.03,13.63,112208,30,5.9033,uuf250-060.cnf,10
luby,10,250,1065,UNSAT,428331,590935,18141364,7511,0,428330,10.12,15.00,409710,36,30.9587,uuf250-061.cnf,10
luby,10,250,1065,UNSAT,126520,173791,5382662,2364,0,126519,9.14,13.68,118159,29,6.1871,uuf250-062.cnf,10
luby,10,250,1065,UNSAT,259541,352452,11148831,4360,0,259540,9.45,14.41,242258,32,15.6494,uuf250-063.cnf,10
luby,10,250,1065,UNSAT,242330,328823,10346135,4094,0,242329,9.55,14.49,233762,34,14.8055,uuf250-064.cnf,10
luby,10,250,1065,UNSAT,112468,152443,4786528,2046,0,112467,9.10,13.59,106411,29,5.5193,uuf250-065.cnf,10
luby,10,250,1065,UNSAT,483183,660123,20624315,8189,0,483182,9.66,14.71,467219,32,36.7368,uuf250-066.cnf,10
luby,10,250,1065,UNSAT,207952,288603,9083407,4071,0,207951,9.58,14.48,193514,34,11.8078,uuf250-067.cnf,10
luby,10,250,1065,UNSAT,47759,65655,2101089,1022,0,47758,8.50,12.68,40952,26,1.8400,uuf250-068.cnf,10
luby,10,250,1065,UNSAT,248624,339774,10366486,4094,0,248623,9.62,14.26,233763,33,15.0223,uuf250-069.cnf,10
luby,10,250,1065,UNSAT,224913,311191,9439179,4093,0,224912,9.65,14.27,209158,32,13.3573,uuf250-07.cnf,10
luby,10,250,1065,UNSAT,347468,477340,15098379,6139,0,347467,9.87,14.94,335511,36,23.2237,uuf250-070.cnf,10
luby,10,250,1065,UNSAT,332812,463014,14079768,5881,0,332811,9.94,14.96,315659,33,22.1454,uuf250-071.cnf,10
luby,10,250,1065,UNSAT,234883,320262,9844663,4094,0,234882,9.61,14.32,225413,33,14.2257,uuf250-072.cnf,10
luby,10,250,1065,UNSAT,103712,144150,4548321,2045,0,103711,9.36,14.01,95259,30,4.7220,uuf250-073.cnf,10
luby,10,250,1065,UNSAT,137129,188903,5755305,2557,0,137128,9.25,13.60,130512,32,6.7305,uuf250-074.cnf,10
luby,10,250,1065,UNSAT,211023,295010,9053133,4091,0,211022,9.67,14.60,201259,35,11.9867,uuf250-075.cnf,10
luby,10,250,1065,UNSAT,140429,192327,5874202,2651,0,140428,9.26,13.60,130508,35,7.0989,uuf250-076.cnf,10
luby,10,250,1065,UNSAT,475662,657840,20492658,8188,0,475661,10.07,15.16,455413,33,35.7521,uuf250-077.cnf,10
luby,10,250,1065,UNSAT,269581,368066,11421582,4604,0,269580,9.70,14.23,259708,33,16.4962,uuf250-078.cnf,10
luby,10,250,1065,UNSAT,200052,277038,8472012,3835,0,200051,9.54,14.29,185907,31,11.6822,uuf250-079.cnf,10
luby,10,250,1065,UNSAT,223984,308438,9379774,4093,0,223983,9.56,14.21,209155,31,13.2234,uuf250-08.cnf,10
luby,10,250,1065,UNSAT,247668,335918,10406853,4094,0,247667,9.49,14.23,233755,31,15.1892,uuf250-080.cnf,10
luby,10,250,1065,UNSAT,276103,376322,11467402,4730,0,276102,9.42,13.94,259715,36,17.0490,uuf250-081.cnf,10
luby,10,250,1065,UNSAT,238210,326399,10050747,4094,0,238209,9.78,14.43,225410,32,14.2469,uuf250-082.cnf,10
luby,10,250,1065,UNSAT,84288,117351,3725467,1787,0,84287,8.95,13.93,74757,30,3.6964,uuf250-083.cnf,10
luby,10,250,1065,UNSAT,103694,143721,4590565,2045,0,103693,9.21,14.08,95257,30,4.7580,uuf250-084.cnf,10
luby,10,250,1065,UNSAT,178866,245634,7506773,3394,0,178865,9.34,13.85,171162,33,9.7247,uuf250-085.cnf,10
luby,10,250,1065,UNSAT,147172,199581,6247613,2812,0,147171,8.81,13.13,136911,29,7.3489,uuf250-086.cnf,10
luby,10,250,1065,UNSAT,529884,715654,22383781,8190,0,529883,9.94,14.83,515916,32,40.7406,uuf250-087.cnf,10
luby,10,250,1065,UNSAT,275549,376543,11527088,4721,0,275548,9.80,14.47,259715,32,17.1547,uuf250-088.cnf,10
luby,10,250,1065,UNSAT,235845,323391,10143480,4094,0,235844,9.72,14.64,225411,31,14.1902,uuf250-089.cnf,10
luby,10,250,1065,UNSAT,494643,674267,21108443,8189,0,494642,9.97,14.83,479170,33,36.8264,uuf250-09.cnf,10
luby,10,250,1065,UNSAT,39185,54526,1686788,923,0,39184,8.49,12.88,34004,30,1.4716,uuf250-090.cnf,10
luby,10,250,1065,UNSAT,205239,285829,8909893,3990,0,205238,9.62,14.69,193505,32,11.4260,uuf250-091.cnf,10
luby,10,250,1065,UNSAT,357426,491755,14885881,6141,0,357425,9.93,14.74,345668,32,24.7103,uuf250-092.cnf,10
luby,10,250,1065,UNSAT,173942,240991,7423922,3307,0,173941,9.22,13.81,164009,30,9.2548,uuf250-093.cnf,10
luby,10,250,1065,UNSAT,142990,196650,6046642,2714,0,142989,9.16,13.72,130506,30,7.2795,uuf250-094.cnf,10
luby,10,250,1065,UNSAT,112344,153760,4700705,2046,0,112343,9.08,13.41,106410,37,5.3607,uuf250-095.cnf,10
luby,10,250,1065,UNSAT,241442,329930,10236693,4094,0,241441,9.67,14.46,225407,33,14.8138,uuf250-096.cnf,10
luby,10,250,1065,UNSAT,125222,171343,5389685,2328,0,125221,9.27,13.92,118157,38,6.1834,uuf250-097.cnf,10
luby,10,250,1065,UNSAT,72361,100409,3137255,1532,0,72360,8.91,13.27,65403,33,3.0713,uuf250-098.cnf,10
luby,10,250,1065,UNSAT,105253,144681,4461414,2046,0,105252,8.94,13.42,95253,33,4.8849,uuf250-099.cnf,10
luby,64,250,1065,UNSAT,150399,181588,6587275,531,0,150398,9.14,14.07,143458,30,7.4921,uuf250-01.cnf,64
luby,64,250,1065,UNSAT,148117,177411,6328714,514,0,148116,9.03,14.13,136904,28,7.3912,uuf250-010.cnf,64
luby,64,250,1065,UNSAT,224814,271744,9346533,828,0,224813,9.21,14.12,209161,30,12.6319,uuf250-0100.cnf,64
luby,64,250,1065,UNSAT,239675,288384,10117606,892,0,239674,9.31,14.30,225415,31,14.0717,uuf250-011.cnf,64
luby,64,250,1065,UNSAT,171694,206761,7345374,636,0,171693,9.20,14.03,164009,32,8.9260,uuf250-012.cnf,64
luby,64,250,1065,UNSAT,175906,211051,7307271,637,0,175905,9.04,13.89,164008,30,9.3467,uuf250-013.cnf,64
luby,64,250,1065,UNSAT,201512,242070,8654236,764,0,201511,8.81,13.97,193512,31,10.9682,uuf250-014.cnf,64
luby,64,250,1065,UNSAT,209421,251240,8793954,765,0,209420,9.41,14.40,201257,38,11.9474,uuf250-015.cnf,64
luby,64,250,1065,UNSAT,106962,128828,4474934,446,0,106961,8.92,13.61,100758,30,5.0013,uuf250-016.cnf,64
luby,64,250,1065,UNSAT,169142,204476,7006495,634,0,169141,9.02,14.06,157005,33,9.0831,uuf250-017.cnf,64
luby,64,250,1065,UNSAT,210965,253596,9069758,765,0,210964,9.41,14.35,201259,30,11.5224,uuf250-018.cnf,64
luby,64,250,1065,UNSAT,161745,192789,6891196,587,0,161744,9.24,14.39,150158,29,8.6118,uuf250-019.cnf,64
luby,64,250,1065,UNSAT,186046,224071,7848823,699,0,186045,9.30,14.27,178460,30,10.1405,uuf250-02.cnf,64
luby,64,250,1065,UNSAT,252686,305092,10516771,955,0,252685,9.44,14.31,242258,32,14.8771,uuf250-020.cnf,64
luby,64,250,1065,UNSAT,324563,389456,13865248,1022,0,324562,9.39,14.48,305965,33,20.6514,uuf250-021.cnf,64
luby,64,250,1065,UNSAT,268050,322509,11454930,1019,0,268049,9.70,14.77,250910,32,16.6029,uuf250-022.cnf,64
luby,64,250,1065,UNSAT,117397,140967,4911530,507,0,117396,9.14,13.83,106403,34,5.6806,uuf250-023.cnf,64
luby,64,250,1065,UNSAT,97675,117461,4214518,408,0,97674,8.51,13.36,89908,40,4.2459,uuf250-024.cnf,64
luby,64,250,1065,UNSAT,184250,222340,7973121,689,0,184249,9.32,14.26,171158,30,9.9898,uuf250-025.cnf,64
luby,64,250,1065,UNSAT,100877,121397,4335296,425,0,100876,8.97,13.91,95254,30,4.6955,uuf250-026.cnf,64
luby,64,250,1065,UNSAT,214019,256972,9119444,771,0,214018,9.28,14.38,201261,31,12.1815,uuf250-027.cnf,64
luby,64,250,1065,UNSAT,219508,264419,9229156,804,0,219507,9.37,14.43,209162,31,12.9264,uuf250-028.cnf,64
luby,64,250,1065,UNSAT,107345,128907,4571978,451,0,107344,9.03,13.95,100756,31,5.1366,uuf250-029.cnf,64
luby,64,250,1065,UNSAT,174364,209123,7453770,637,0,174363,9.25,14.43,164009,31,9.4531,uuf250-03.cnf,64
luby,64,250,1065,UNSAT,109249,132695,4535770,464,0,109248,8.96,13.58,100759,32,5.0401,uuf250-030.cnf,64
luby,64,250,1065,UNSAT,260550,315630,11394234,993,0,260549,9.53,14.56,250917,37,15.1520,uuf250-031.cnf,64
luby,64,250,1065,UNSAT,180289,215324,7558305,667,0,180288,9.08,13.92,171159,29,9.9747,uuf250-032.cnf,64
luby,64,250,1065,UNSAT,327850,394132,13658546,1022,0,327849,9.46,14.46,315660,31,21.6173,uuf250-033.cnf,64
luby,64,250,1065,UNSAT,282650,340552,12065852,1021,0,282649,9.60,14.72,268656,30,17.5844,uuf250-034.cnf,64
luby,64,250,1065,UNSAT,297511,358721,12490817,1022,0,297510,9.43,14.52,287013,34,18.7491,uuf250-035.cnf,64
luby,64,250,1065,UNSAT,93558,112926,3978740,381,0,93557,8.91,13.94,84710,29,4.2304,uuf250-036.cnf,64
luby,64,250,1065,UNSAT,89955,107886,3769749,380,0,89954,8.75,13.37,84711,33,4.0077,uuf250-037.cnf,64
luby,64,250,1065,UNSAT,59861,72272,2584038,254,0,59860,8.79,13.46,52500,28,2.3798,uuf250-038.cnf,64
luby,64,250,1065,UNSAT,145440,174212,6130178,510,0,145439,9.01,13.80,136910,28,7.3825,uuf250-039.cnf,64
luby,64,250,1065,UNSAT,152421,183675,6393548,541,0,152420,9.14,14.13,143457,29,7.8500,uuf250-04.cnf,64
luby,64,250,1065,UNSAT,62917,75132,2623716,254,0,62916,8.70,13.20,56657,29,2.5950,uuf250-040.cnf,64
luby,64,250,1065,UNSAT,145232,174818,6322621,510,0,145231,9.31,14.48,136904,32,7.2291,uuf250-041.cnf,64
luby,64,250,1065,UNSAT,180564,215254,7699451,667,0,180563,8.98,13.93,171166,29,9.7207,uuf250-042.cnf,64
luby,64,250,1065,UNSAT,232783,279397,9830528,874,0,232782,9.33,14.32,217208,30,13.3529,uuf250-043.cnf,64
luby,64,250,1065,UNSAT,150541,181256,6466947,532,0,150540,9.19,14.33,143459,34,7.7117,uuf250-044.cnf,64
luby,64,250,1065,UNSAT,103374,125171,4452046,442,0,103373,8.89,13.66,95254,29,4.7871,uuf250-045.cnf,64
luby,64,250,1065,UNSAT,349418,422132,14731584,1145,0,349417,9.79,15.12,335510,34,23.2220,uuf250-046.cnf,64
luby,64,250,1065,UNSAT,133328,160833,5676006,510,0,133327,9.16,13.99,124258,36,6.5412,uuf250-047.cnf,64
luby,64,250,1065,UNSAT,61534,73698,2665882,254,0,61533,8.63,13.22,56652,34,2.5303,uuf250-048.cnf,64
luby,64,250,1065,UNSAT,112588,136640,5071644,482,0,112587,9.26,14.42,106409,30,5.2542,uuf250-049.cnf,64
luby,64,250,1065,UNSAT,127320,153549,5365356,509,0,127319,8.94,13.94,118157,31,6.1407,uuf250-05.cnf,64
luby,64,250,1065,UNSAT,167117,201708,6963209,619,0,167116,9.14,14.08,157007,31,8.9081,uuf250-050.cnf,64
luby,64,250,1065,UNSAT,288677,346012,12351737,1021,0,288676,9.51,14.70,277763,31,17.9795,uuf250-051.cnf,64
luby,64,250,1065,UNSAT,183493,219634,7660331,683,0,183492,9.01,13.87,171164,29,10.1282,uuf250-052.cnf,64
luby,64,250,1065,UNSAT,258163,312003,10821636,984,0,258162,9.51,14.62,242257,38,15.4019,uuf250-053.cnf,64
luby,64,250,1065,UNSAT,171076,204645,7512020,636,0,171075,9.29,14.26,164009,29,8.9578,uuf250-054.cnf,64
luby,64,250,1065,UNSAT,51345,62217,2148408,251,0,51344,8.12,12.61,44653,36,1.9448,uuf250-055.cnf,64
luby,64,250,1065,UNSAT,127005,153979,5452269,509,0,127004,9.26,14.24,118160,31,6.1340,uuf250-056.cnf,64
luby,64,250,1065,UNSAT,165216,200300,6989676,604,0,165215,9.12,14.30,157010,33,8.5459,uuf250-057.cnf,64
luby,64,250,1065,UNSAT,291146,349112,12351817,1021,0,291145,9.54,14.50,277759,31,18.0442,uuf250-058.cnf,64
luby,64,250,1065,UNSAT,86437,103315,3626274,375,0,86436,8.88,13.38,79660,29,3.8852,uuf250-059.cnf,64
luby,64,250,1065,UNSAT,150224,181829,6385978,530,0,150223,9.04,14.17,143464,28,7.6822,uuf250-06.cnf,64
luby,64,250,1065,UNSAT,102788,124407,4385863,438,0,102787,8.79,13.68,95257,31,4.7474,uuf250-060.cnf,64
luby,64,250,1065,UNSAT,321103,384599,13647871,1022,0,321102,9.77,15.00,305960,36,20.8400,uuf250-061.cnf,64
luby,64,250,1065,UNSAT,120916,146714,5084714,508,0,120915,8.93,13.66,112204,31,5.7667,uuf250-062.cnf,64
luby,64,250,1065,UNSAT,184714,223138,7943553,693,0,184713,8.99,14.11,171159,31,9.7842,uuf250-063.cnf,64
luby,64,250,1065,UNSAT,240755,288035,10216620,892,0,240754,9.32,14.41,225407,34,14.2668,uuf250-064.cnf,64
luby,64,250,1065,UNSAT,104431,124975,4416940,443,0,104430,8.96,13.71,95257,29,4.9651,uuf250-065.cnf,64
luby,64,250,1065,UNSAT,415314,499021,17695781,1401,0,415313,9.39,14.88,398667,32,29.2711,uuf250-066.cnf,64
luby,64,250,1065,UNSAT,184699,222921,8008838,692,0,184698,9.36,14.43,171162,34,10.0051,uuf250-067.cnf,64
luby,64,250,1065,UNSAT,38033,45799,1660229,187,0,38032,8.21,12.75,34004,28,1.3832,uuf250-068.cnf,64
luby,64,250,1065,UNSAT,225668,271244,9372386,828,0,225667,9.20,14.09,217208,30,13.2576,uuf250-069.cnf,64
luby,64,250,1065,UNSAT,157400,188996,6643396,572,0,157399,9.10,14.14,150163,32,8.2665,uuf250-07.cnf,64
luby,64,250,1065,UNSAT,297314,356946,12768016,1022,0,297313,9.44,14.87,287011,31,18.6709,uuf250-070.cnf,64
luby,64,250,1065,UNSAT,267881,324052,11307643,1019,0,267880,9.71,14.94,250919,33,16.5619,uuf250-071.cnf,64
luby,64,250,1065,UNSAT,176322,211663,7429370,637,0,176321,9.04,14.01,164009,33,9.5140,uuf250-072.cnf,64
luby,64,250,1065,UNSAT,71615,86883,3185218,292,0,71614,8.77,13.76,65406,36,2.9296,uuf250-073.cnf,64
luby,64,250,1065,UNSAT,130002,157411,5432492,509,0,130001,8.94,13.54,118160,30,6.1815,uuf250-074.cnf,64
luby,64,250,1065,UNSAT,194877,236211,8350304,738,0,194876,9.53,14.76,185907,32,10.8137,uuf250-075.cnf,64
luby,64,250,1065,UNSAT,127524,153510,5386357,509,0,127523,8.91,13.58,118159,35,6.1659,uuf250-076.cnf,64
luby,64,250,1065,UNSAT,448255,539930,19083718,1531,0,448254,9.70,15.10,432263,35,32.4583,uuf250-077.cnf,64
luby,64,250,1065,UNSAT,216597,260171,9185039,790,0,216596,9.37,14.28,201265,32,12.3808,uuf250-078.cnf,64
luby,64,250,1065,UNSAT,159567,191370,6798773,573,0,159566,9.28,14.39,150157,31,8.5442,uuf250-079.cnf,64
luby,64,250,1065,UNSAT,186716,223750,7802951,699,0,186715,9.33,14.27,178458,28,10.2592,uuf250-08.cnf,64
luby,64,250,1065,UNSAT,207184,247916,8721273,765,0,207183,9.26,14.31,193507,32,11.7535,uuf250-080.cnf,64
luby,64,250,1065,UNSAT,210662,253711,8807727,765,0,210661,9.11,14.10,201265,30,11.8659,uuf250-081.cnf,64
luby,64,250,1065,UNSAT,178482,214503,7593322,652,0,178481,9.08,14.03,171158,31,9.5118,uuf250-082.cnf,64
luby,64,250,1065,UNSAT,72857,88178,3211849,300,0,72856,8.53,13.73,65404,29,3.0785,uuf250-083.cnf,64
luby,64,250,1065,UNSAT,98720,119605,4318606,412,0,98719,9.01,13.95,89907,30,4.4121,uuf250-084.cnf,64
luby,64,250,1065,UNSAT,176025,210712,7352319,637,0,176024,9.25,14.09,164011,29,9.3791,uuf250-085.cnf,64
luby,64,250,1065,UNSAT,139246,166751,5834294,510,0,139245,8.79,13.47,130505,28,6.8131,uuf250-086.cnf,64
luby,64,250,1065,UNSAT,511024,613444,21532076,1698,0,511023,9.90,15.13,491263,32,38.0401,uuf250-087.cnf,64
luby,64,250,1065,UNSAT,223143,269102,9359241,827,0,223142,9.48,14.49,209157,31,12.8000,uuf250-088.cnf,64
luby,64,250,1065,UNSAT,212930,255200,9133442,765,0,212929,9.21,14.34,201263,32,11.9504,uuf250-089.cnf,64
luby,64,250,1065,UNSAT,345792,412949,14808670,1116,0,345791,9.66,14.75,335512,31,22.5422,uuf250-09.cnf,64
luby,64,250,1065,UNSAT,41338,49506,1772241,192,0,41337,8.06,12.71,37403,32,1.5606,uuf250-090.cnf,64
luby,64,250,1065,UNSAT,188996,228363,8119638,702,0,188995,9.37,14.68,178455,30,10.1726,uuf250-091.cnf,64
luby,64,250,1065,UNSAT,274304,331229,11455878,1020,0,274303,9.48,14.62,259717,32,17.1033,uuf250-092.cnf,64
luby,64,250,1065,UNSAT,173806,209568,7373130,637,0,173805,8.89,13.85,164013,29,9.1831,uuf250-093.cnf,64
luby,64,250,1065,UNSAT,125924,152185,5304549,509,0,125923,8.93,13.79,118155,32,6.2034,uuf250-094.cnf,64
luby,64,250,1065,UNSAT,98930,119330,4139676,412,0,98929,8.83,13.35,89905,37,4.4341,uuf250-095.cnf,64
luby,64,250,1065,UNSAT,188639,226300,8034519,700,0,188638,9.17,14.33,178462,32,10.5081,uuf250-096.cnf,64
luby,64,250,1065,UNSAT,83997,101676,3643628,355,0,83996,8.56,13.49,74754,38,3.5972,uuf250-097.cnf,64
luby,64,250,1065,UNSAT,56553,68564,2466772,253,0,56552,8.57,13.12,52503,33,2.2286,uuf250-098.cnf,64
luby,64,250,1065,UNSAT,97850,118018,4135154,409,0,97849,8.82,13.63,89904,33,4.4804,uuf250-099.cnf,64
luby,119,250,1065,UNSAT,156524,187011,6812451,360,0,156523,9.05,14.15,143457,28,7.8397,uuf250-01.cnf,119
luby,119,250,1065,UNSAT,131507,156525,5688553,285,0,131506,8.87,14.04,124259,29,6.2324,uuf250-010.cnf,119
luby,119,250,1065,UNSAT,263413,311616,10896245,510,0,263412,9.20,14.13,250913,29,15.6825,uuf250-0100.cnf,119
luby,119,250,1065,UNSAT,226941,269237,9576901,508,0,226940,9.17,14.19,217207,29,12.9358,uuf250-011.cnf,119
luby,119,250,1065,UNSAT,159532,189061,6850090,370,0,159531,9.12,13.99,150160,28,8.0283,uuf250-012.cnf,119
luby,119,250,1065,UNSAT,135758,161556,5672917,303,0,135757,8.94,13.90,124257,28,6.7057,uuf250-013.cnf,119
luby,119,250,1065,UNSAT,219712,260211,9457513,507,0,219711,9.06,14.43,209160,31,12.6634,uuf250-014.cnf,119
luby,119,250,1065,UNSAT,206378,243863,8698935,475,0,206377,9.34,14.45,193510,38,11.5445,uuf250-015.cnf,119
luby,119,250,1065,UNSAT,105757,125608,4431675,253,0,105756,8.76,13.57,95256,29,4.8553,uuf250-016.cnf,119
luby,119,250,1065,UNSAT,174949,207443,7280106,381,0,174948,8.90,13.81,164010,29,9.5182,uuf250-017.cnf,119
luby,119,250,1065,UNSAT,178674,211998,7724115,396,0,178673,9.37,14.30,171155,32,9.3260,uuf250-018.cnf,119
luby,119,250,1065,UNSAT,157587,184867,6773435,363,0,157586,8.98,14.11,150155,31,8.2615,uuf250-019.cnf,119
luby,119,250,1065,UNSAT,157810,187722,6684630,363,0,157809,9.00,14.01,150156,33,8.1129,uuf250-02.cnf,119
luby,119,250,1065,UNSAT,229528,273434,9651844,509,0,229527,9.38,14.43,217214,34,12.8934,uuf250-020.cnf,119
luby,119,250,1065,UNSAT,261000,310235,11218198,510,0,260999,9.23,14.40,250915,33,15.3430,uuf250-021.cnf,119
luby,119,250,1065,UNSAT,312195,367862,13305275,626,0,312194,9.63,14.76,296415,32,20.0505,uuf250-022.cnf,119
luby,119,250,1065,UNSAT,104513,123277,4400268,253,0,104512,9.14,14.02,95253,34,4.9191,uuf250-023.cnf,119
luby,119,250,1065,UNSAT,98166,117262,4236552,252,0,98165,8.51,13.41,89905,40,4.3075,uuf250-024.cnf,119
luby,119,250,1065,UNSAT,151376,179379,6572278,346,0,151375,8.97,14.17,143463,32,7.6962,uuf250-025.cnf,119
luby,119,250,1065,UNSAT,76244,90790,3283557,189,0,76243,8.67,13.70,70009,33,3.2404,uuf250-026.cnf,119
luby,119,250,1065,UNSAT,234922,275991,9964881,509,0,234921,9.27,14.52,225409,29,13.8643,uuf250-027.cnf,119
luby,119,250,1065,UNSAT,161551,192543,6893501,378,0,161550,9.16,14.38,150163,29,8.5837,uuf250-028.cnf,119
luby,119,250,1065,UNSAT,101584,119867,4326388,253,0,101583,8.92,14.02,95260,31,4.7772,uuf250-029.cnf,119
luby,119,250,1065,UNSAT,206027,242871,8818753,475,0,206026,9.31,14.47,193506,36,11.8060,uuf250-03.cnf,119
luby,119,250,1065,UNSAT,84672,101380,3524181,220,0,84671,8.74,13.56,79660,29,3.6641,uuf250-030.cnf,119
luby,119,250,1065,UNSAT,213345,254429,9376792,499,0,213344,9.37,14.54,201265,37,11.6584,uuf250-031.cnf,119
luby,119,250,1065,UNSAT,171604,202372,7158418,381,0,171603,9.16,14.08,164003,33,9.1538,uuf250-032.cnf,119
luby,119,250,1065,UNSAT,257721,305976,10916330,510,0,257720,9.24,14.37,242258,32,15.6378,uuf250-033.cnf,119
luby,119,250,1065,UNSAT,255862,303679,10912614,510,0,255861,9.38,14.72,242266,32,15.2803,uuf250-034.cnf,119
luby,119,250,1065,UNSAT,252206,299265,10588848,510,0,252205,9.30,14.34,242258,30,14.7903,uuf250-035.cnf,119
luby,119,250,1065,UNSAT,85831,102675,3636643,220,0,85830,8.60,13.42,79658,27,3.6897,uuf250-036.cnf,119
luby,119,250,1065,UNSAT,93940,111443,3911734,251,0,93939,8.80,13.46,84705,33,4.2115,uuf250-037.cnf,119
luby,119,250,1065,UNSAT,69450,82508,2958273,186,0,69449,8.62,13.31,60958,29,2.8772,uuf250-038.cnf,119
luby,119,250,1065,UNSAT,115180,136140,4922674,254,0,115179,8.69,13.71,106405,29,5.4366,uuf250-039.cnf,119
luby,119,250,1065,UNSAT,172283,204936,7204739,381,0,172282,9.20,14.40,164008,31,9.2362,uuf250-04.cnf,119
luby,119,250,1065,UNSAT,56811,66964,2400032,141,0,56810,8.60,13.31,52507,29,2.2488,uuf250-040.cnf,119
luby,119,250,1065,UNSAT,126692,151454,5525740,275,0,126691,9.20,14.54,118164,31,6.0838,uuf250-041.cnf,119
luby,119,250,1065,UNSAT,166118,195192,7089539,380,0,166117,8.89,13.78,157006,29,8.7987,uuf250-042.cnf,119
luby,119,250,1065,UNSAT,186254,219844,7865805,419,0,186253,9.18,14.11,178456,31,10.0467,uuf250-043.cnf,119
luby,119,250,1065,UNSAT,171494,203764,7289289,381,0,171493,9.15,14.28,164006,32,9.2230,uuf250-044.cnf,119
luby,119,250,1065,UNSAT,88657,105946,3798812,234,0,88656,8.73,13.67,79654,28,3.8822,uuf250-045.cnf,119
luby,119,250,1065,UNSAT,336300,400160,14223215,668,0,336299,9.79,15.21,325510,30,22.1140,uuf250-046.cnf,119
luby,119,250,1065,UNSAT,108333,129358,4644316,254,0,108332,8.72,13.47,100757,36,4.8884,uuf250-047.cnf,119
luby,119,250,1065,UNSAT,48726,58053,2136892,126,0,48725,8.11,12.85,44652,34,1.8477,uuf250-048.cnf,119
luby,119,250,1065,UNSAT,108835,129568,4899833,254,0,108834,8.87,14.10,100756,30,4.9657,uuf250-049.cnf,119
luby,119,250,1065,UNSAT,119157,142307,5026639,254,0,119156,8.93,14.12,112207,31,5.6561,uuf250-05.cnf,119
luby,119,250,1065,UNSAT,182679,217686,7579439,411,0,182678,9.25,14.37,171157,29,9.9776,uuf250-050.cnf,119
luby,119,250,1065,UNSAT,259773,307020,11077488,510,0,259772,9.25,14.52,250913,32,15.4416,uuf250-051.cnf,119
luby,119,250,1065,UNSAT,159647,188804,6731169,370,0,159646,9.04,14.14,150156,27,8.4428,uuf250-052.cnf,119
luby,119,250,1065,UNSAT,196064,234713,8274324,444,0,196063,9.22,14.44,185912,38,10.7165,uuf250-053.cnf,119
luby,119,250,1065,UNSAT,176400,208357,7736865,387,0,176399,9.16,14.26,164009,32,9.2709,uuf250-054.cnf,119
luby,119,250,1065,UNSAT,49810,59024,2090764,126,0,49809,8.07,12.70,44653,36,1.8679,uuf250-055.cnf,119
luby,119,250,1065,UNSAT,114521,136489,4910699,254,0,114520,8.98,13.98,106405,30,5.2837,uuf250-056.cnf,119
luby,119,250,1065,UNSAT,176918,211741,7505766,389,0,176917,9.09,14.38,164013,33,9.2772,uuf250-057.cnf,119
luby,119,250,1065,UNSAT,259570,307693,11046085,510,0,259569,9.29,14.43,250908,31,15.4945,uuf250-058.cnf,119
luby,119,250,1065,UNSAT,90044,106553,3773889,238,0,90043,8.72,13.46,84704,31,3.9993,uuf250-059.cnf,119
luby,119,250,1065,UNSAT,149464,177418,6316979,337,0,149463,9.02,14.26,136910,31,7.7107,uuf250-06.cnf,119
luby,119,250,1065,UNSAT,87888,104903,3770207,232,0,87887,8.60,13.51,79656,28,3.8673,uuf250-060.cnf,119
luby,119,250,1065,UNSAT,319400,377908,13605471,636,0,319399,9.81,15.08,305965,36,20.7585,uuf250-061.cnf,119
luby,119,250,1065,UNSAT,103564,123242,4398323,253,0,103563,8.81,13.76,95256,29,4.6921,uuf250-062.cnf,119
luby,119,250,1065,UNSAT,214432,255881,9232583,504,0,214431,9.05,14.31,201264,30,11.9044,uuf250-063.cnf,119
luby,119,250,1065,UNSAT,219971,259343,9381943,507,0,219970,9.33,14.63,209161,34,12.8576,uuf250-064.cnf,119
luby,119,250,1065,UNSAT,100307,117984,4246937,253,0,100306,8.63,13.36,89906,31,4.6628,uuf250-065.cnf,119
luby,119,250,1065,UNSAT,375498,443381,16035287,764,0,375497,9.30,14.80,355963,31,25.3829,uuf250-066.cnf,119
luby,119,250,1065,UNSAT,153939,183821,6674162,348,0,153938,9.12,14.31,143457,34,7.8835,uuf250-067.cnf,119
luby,119,250,1065,UNSAT,34012,40417,1488238,102,0,34011,8.00,12.58,30755,28,1.1863,uuf250-068.cnf,119
luby,119,250,1065,UNSAT,204192,241396,8555473,470,0,204191,9.21,14.25,193513,30,11.5562,uuf250-069.cnf,119
luby,119,250,1065,UNSAT,187887,221745,7846133,426,0,187886,9.30,14.30,178457,31,10.4206,uuf250-07.cnf,119
luby,119,250,1065,UNSAT,274499,324105,11806358,510,0,274498,9.40,14.91,259710,33,17.0508,uuf250-070.cnf,119
luby,119,250,1065,UNSAT,249431,298029,10495975,510,0,249430,9.55,14.94,233763,33,14.8478,uuf250-071.cnf,119
luby,119,250,1065,UNSAT,156057,184473,6590304,356,0,156056,9.03,14.20,143453,33,8.1996,uuf250-072.cnf,119
luby,119,250,1065,UNSAT,78914,94296,3474397,203,0,78913,8.91,13.99,70003,28,3.3359,uuf250-073.cnf,119
luby,119,250,1065,UNSAT,132013,156165,5504322,288,0,132012,8.88,13.52,124260,31,6.2762,uuf250-074.cnf,119
luby,119,250,1065,UNSAT,193823,231486,8303140,443,0,193822,9.50,14.82,185908,32,10.7793,uuf250-075.cnf,119
luby,119,250,1065,UNSAT,145352,171034,6063459,320,0,145351,8.92,13.48,136904,35,7.1276,uuf250-076.cnf,119
luby,119,250,1065,UNSAT,355532,422118,15260946,721,0,355531,9.56,15.07,335507,32,23.8089,uuf250-077.cnf,119
luby,119,250,1065,UNSAT,215211,254603,9171739,505,0,215210,9.35,14.38,201257,32,12.0327,uuf250-078.cnf,119
luby,119,250,1065,UNSAT,177062,209590,7512824,390,0,177061,9.26,14.37,164014,31,9.8426,uuf250-079.cnf,119
luby,119,250,1065,UNSAT,142766,168998,6038810,317,0,142765,8.91,13.97,130504,31,7.2424,uuf250-08.cnf,119
luby,119,250,1065,UNSAT,177654,210182,7519493,394,0,177653,9.00,14.08,164011,32,9.5720,uuf250-080.cnf,119
luby,119,250,1065,UNSAT,222524,263528,9255824,508,0,222523,9.28,14.21,209161,33,12.6230,uuf250-081.cnf,119
luby,119,250,1065,UNSAT,155579,184369,6630664,355,0,155578,9.10,14.33,143454,28,8.0275,uuf250-082.cnf,119
luby,119,250,1065,UNSAT,70480,84318,3091683,187,0,70479,8.56,13.95,65401,29,2.9339,uuf250-083.cnf,119
luby,119,250,1065,UNSAT,99896,119272,4402682,253,0,99895,9.21,14.43,89902,29,4.5640,uuf250-084.cnf,119
luby,119,250,1065,UNSAT,132538,156140,5600993,291,0,132537,8.79,13.78,124256,30,6.3861,uuf250-085.cnf,119
luby,119,250,1065,UNSAT,111777,132576,4735517,254,0,111776,8.45,13.17,100752,31,5.1274,uuf250-086.cnf,119
luby,119,250,1065,UNSAT,507602,601047,21503060,1020,0,507601,9.67,15.01,491263,32,37.6117,uuf250-087.cnf,119
luby,119,250,1065,UNSAT,202048,240291,8484176,459,0,202047,9.41,14.49,193507,31,11.2765,uuf250-088.cnf,119
luby,119,250,1065,UNSAT,190630,225365,8217878,437,0,190629,9.29,14.53,178455,33,10.4411,uuf250-089.cnf,119
luby,119,250,1065,UNSAT,384332,452477,16520041,765,0,384331,9.53,14.82,366414,32,25.7096,uuf250-09.cnf,119
luby,119,250,1065,UNSAT,39372,47034,1682306,123,0,39371,8.02,12.84,34004,32,1.4704,uuf250-090.cnf,119
luby,119,250,1065,UNSAT,184807,221249,7915844,412,0,184806,9.22,14.42,171156,31,9.7930,uuf250-091.cnf,119
luby,119,250,1065,UNSAT,285555,338378,11896119,548,0,285554,9.57,14.82,268664,35,17.9504,uuf250-092.cnf,119
luby,119,250,1065,UNSAT,162421,192800,6872499,379,0,162420,9.00,13.91,150161,27,8.3978,uuf250-093.cnf,119
luby,119,250,1065,UNSAT,140901,167058,5916431,316,0,140900,8.93,13.88,130507,31,7.1014,uuf250-094.cnf,119
luby,119,250,1065,UNSAT,96998,115304,4040732,252,0,96997,8.51,13.08,89910,37,4.3592,uuf250-095.cnf,119
luby,119,250,1065,UNSAT,192596,226730,8187484,442,0,192595,9.21,14.39,178456,29,10.8375,uuf250-096.cnf,119
luby,119,250,1065,UNSAT,84445,100857,3674407,220,0,84444,8.80,13.79,74754,38,3.6877,uuf250-097.cnf,119
luby,119,250,1065,UNSAT,59713,71123,2606613,155,0,59712,8.49,13.23,52503,33,2.4100,uuf250-098.cnf,119
luby,119,250,1065,UNSAT,107336,127097,4532276,254,0,107335,8.74,13.57,100756,33,4.9223,uuf250-099.cnf,119
luby,173,250,1065,UNSAT,167658,198179,7295506,254,0,167657,9.08,14.30,157007,28,8.5201,uuf250-01.cnf,173
luby,173,250,1065,UNSAT,112485,133064,4907989,196,0,112484,8.77,14.15,106404,28,5.1537,uuf250-010.cnf,173
luby,173,250,1065,UNSAT,218592,257915,9082700,342,0,218591,9.09,14.11,209164,33,12.2170,uuf250-0100.cnf,173
luby,173,250,1065,UNSAT,220435,260072,9342801,347,0,220434,9.14,14.18,209159,30,12.3260,uuf250-011.cnf,173
luby,173,250,1065,UNSAT,167311,196836,7125182,254,0,167310,9.21,14.06,157009,29,8.5274,uuf250-012.cnf,173
luby,173,250,1065,UNSAT,170010,200036,7112591,254,0,170009,8.83,14.00,157009,30,8.9632,uuf250-013.cnf,173
luby,173,250,1065,UNSAT,167759,198049,7234020,254,0,167758,8.53,13.83,157007,31,8.5552,uuf250-014.cnf,173
luby,173,250,1065,UNSAT,172103,202456,7277258,254,0,172102,9.08,14.25,164012,38,9.0294,uuf250-015.cnf,173
luby,173,250,1065,UNSAT,104510,123522,4385574,188,0,104509,8.70,13.53,95253,29,4.7701,uuf250-016.cnf,173
luby,173,250,1065,UNSAT,174276,206409,7257825,254,0,174275,8.90,13.92,164010,31,9.3038,uuf250-017.cnf,173
luby,173,250,1065,UNSAT,153606,181232,6690478,253,0,153605,8.92,13.93,143456,28,7.5472,uuf250-018.cnf,173
luby,173,250,1065,UNSAT,157684,184314,6778802,254,0,157683,9.00,14.27,150163,31,8.2916,uuf250-019.cnf,173
luby,173,250,1065,UNSAT,171270,201597,7235571,254,0,171269,9.10,14.23,164011,32,9.0476,uuf250-02.cnf,173
luby,173,250,1065,UNSAT,251424,298375,10517154,381,0,251423,9.28,14.30,242263,31,14.5173,uuf250-020.cnf,173
luby,173,250,1065,UNSAT,249948,294951,10760968,381,0,249947,9.08,14.32,233762,31,14.6421,uuf250-021.cnf,173
luby,173,250,1065,UNSAT,231678,272967,9920169,370,0,231677,9.38,14.48,217208,32,13.4625,uuf250-022.cnf,173
luby,173,250,1065,UNSAT,100684,117836,4254135,186,0,100683,8.79,13.67,95253,34,4.5916,uuf250-023.cnf,173
luby,173,250,1065,UNSAT,83837,99521,3605995,145,0,83836,8.36,13.30,74756,40,3.5192,uuf250-024.cnf,173
luby,173,250,1065,UNSAT,165620,195352,7164765,254,0,165619,9.03,14.18,157008,28,8.6164,uuf250-025.cnf,173
luby,173,250,1065,UNSAT,68714,81935,2967375,126,0,68713,8.74,13.92,60952,28,2.8369,uuf250-026.cnf,173
luby,173,250,1065,UNSAT,199628,234545,8523412,311,0,199627,9.04,14.31,185912,32,11.0605,uuf250-027.cnf,173
luby,173,250,1065,UNSAT,223127,262287,9429106,348,0,223126,9.25,14.46,209164,29,12.8924,uuf250-028.cnf,173
luby,173,250,1065,UNSAT,77513,91369,3349045,126,0,77512,8.55,13.68,70004,27,3.3330,uuf250-029.cnf,173
luby,173,250,1065,UNSAT,138058,162404,5986552,251,0,138057,9.04,14.19,130508,32,7.0609,uuf250-03.cnf,173
luby,173,250,1065,UNSAT,84986,101128,3535273,148,0,84985,8.72,13.59,79655,29,3.6965,uuf250-030.cnf,173
luby,173,250,1065,UNSAT,210025,249165,9259361,317,0,210024,9.36,14.74,201261,37,11.4240,uuf250-031.cnf,173
luby,173,250,1065,UNSAT,167207,195491,7021321,254,0,167206,8.87,13.87,157007,29,8.8573,uuf250-032.cnf,173
luby,173,250,1065,UNSAT,286938,339563,12049834,444,0,286937,9.14,14.21,277767,31,18.1409,uuf250-033.cnf,173
luby,173,250,1065,UNSAT,266238,314258,11371337,412,0,266237,9.40,14.79,250909,34,16.2300,uuf250-034.cnf,173
luby,173,250,1065,UNSAT,292213,344169,12215997,458,0,292212,9.41,14.49,277763,30,18.0773,uuf250-035.cnf,173
luby,173,250,1065,UNSAT,91111,107814,3878250,157,0,91110,8.90,14.01,84704,32,4.1105,uuf250-036.cnf,173
luby,173,250,1065,UNSAT,74544,87727,3143803,126,0,74543,8.33,13.00,65404,33,3.1038,uuf250-037.cnf,173
luby,173,250,1065,UNSAT,54630,64815,2352918,115,0,54629,8.32,13.02,48509,28,2.0960,uuf250-038.cnf,173
luby,173,250,1065,UNSAT,114145,134602,4861780,202,0,114144,8.59,13.45,106404,28,5.2653,uuf250-039.cnf,173
luby,173,250,1065,UNSAT,163238,192408,6768061,254,0,163237,8.94,14.06,150156,28,8.5063,uuf250-04.cnf,173
luby,173,250,1065,UNSAT,56595,66678,2390171,122,0,56594,8.61,13.25,52504,29,2.2972,uuf250-040.cnf,173
luby,173,250,1065,UNSAT,126564,150538,5541767,227,0,126563,8.93,14.13,118160,32,5.9706,uuf250-041.cnf,173
luby,173,250,1065,UNSAT,166428,195148,7062985,254,0,166427,8.72,13.69,157007,34,8.4970,uuf250-042.cnf,173
luby,173,250,1065,UNSAT,205843,242832,8714235,317,0,205842,9.08,14.20,193507,33,11.3431,uuf250-043.cnf,173
luby,173,250,1065,UNSAT,133831,158502,5762949,249,0,133830,8.85,14.04,124256,30,6.5688,uuf250-044.cnf,173
luby,173,250,1065,UNSAT,98432,116158,4222952,179,0,98431,8.67,13.62,89905,28,4.4322,uuf250-045.cnf,173
luby,173,250,1065,UNSAT,351938,416278,14912956,509,0,351937,9.57,15.04,335510,35,23.0582,uuf250-046.cnf,173
luby,173,250,1065,UNSAT,121245,143652,5154144,219,0,121244,8.97,13.91,112204,36,5.8183,uuf250-047.cnf,173
luby,173,250,1065,UNSAT,55487,65520,2414325,119,0,55486,8.44,13.18,48504,34,2.1650,uuf250-048.cnf,173
luby,173,250,1065,UNSAT,96488,114388,4339377,172,0,96487,9.09,14.40,89912,31,4.2901,uuf250-049.cnf,173
luby,173,250,1065,UNSAT,125444,148761,5267776,224,0,125443,8.84,14.00,118158,31,6.0862,uuf250-05.cnf,173
luby,173,250,1065,UNSAT,151077,178900,6310937,253,0,151076,9.05,14.17,143458,28,7.7646,uuf250-050.cnf,173
luby,173,250,1065,UNSAT,259154,304500,11097598,396,0,259153,9.21,14.47,242258,30,15.3993,uuf250-051.cnf,173
luby,173,250,1065,UNSAT,157446,185063,6579494,254,0,157445,9.05,14.18,150155,28,8.1125,uuf250-052.cnf,173
luby,173,250,1065,UNSAT,222633,263858,9330015,348,0,222632,9.07,14.27,209164,38,12.3371,uuf250-053.cnf,173
luby,173,250,1065,UNSAT,158010,186174,7009261,254,0,158009,9.21,14.32,150158,30,7.9185,uuf250-054.cnf,173
luby,173,250,1065,UNSAT,49956,58873,2102975,104,0,49955,8.09,12.75,44653,36,1.8753,uuf250-055.cnf,173
luby,173,250,1065,UNSAT,113829,135073,4883313,201,0,113828,9.02,14.10,106412,29,5.3308,uuf250-056.cnf,173
luby,173,250,1065,UNSAT,152519,181629,6463494,253,0,152518,9.06,14.41,143461,30,7.7838,uuf250-057.cnf,173
luby,173,250,1065,UNSAT,247374,291326,10584649,381,0,247373,9.36,14.42,233759,30,14.5037,uuf250-058.cnf,173
luby,173,250,1065,UNSAT,68671,81240,2911322,126,0,68670,8.49,13.26,60956,26,2.8244,uuf250-059.cnf,173
luby,173,250,1065,UNSAT,140350,166899,5965225,252,0,140349,8.99,14.23,130509,32,7.1507,uuf250-06.cnf,173
luby,173,250,1065,UNSAT,76801,91106,3321938,126,0,76800,8.35,13.53,70004,25,3.2421,uuf250-060.cnf,173
luby,173,250,1065,UNSAT,325609,384651,13957711,508,0,325608,9.61,15.01,315667,36,21.1082,uuf250-061.cnf,173
luby,173,250,1065,UNSAT,107919,127779,4570659,189,0,107918,8.80,13.84,100757,29,4.9802,uuf250-062.cnf,173
luby,173,250,1065,UNSAT,203667,240756,8729983,316,0,203666,9.07,14.39,193506,29,11.1026,uuf250-063.cnf,173
luby,173,250,1065,UNSAT,190966,224181,8199285,285,0,190965,9.03,14.40,178457,34,10.4324,uuf250-064.cnf,173
luby,173,250,1065,UNSAT,85433,100016,3626232,150,0,85432,8.49,13.39,79653,29,3.7794,uuf250-065.cnf,173
luby,173,250,1065,UNSAT,380474,448022,16266850,510,0,380473,9.34,14.97,366411,37,25.6555,uuf250-066.cnf,173
luby,173,250,1065,UNSAT,167677,198553,7242564,254,0,167676,8.97,14.29,157010,34,8.7436,uuf250-067.cnf,173
luby,173,250,1065,UNSAT,38094,44584,1658942,77,0,38093,8.06,12.59,34004,31,1.3696,uuf250-068.cnf,173
luby,173,250,1065,UNSAT,192410,227190,8004952,291,0,192409,9.03,14.11,178454,30,10.6371,uuf250-069.cnf,173
luby,173,250,1065,UNSAT,157370,185067,6684666,254,0,157369,9.12,14.31,150158,32,8.2400,uuf250-07.cnf,173
luby,173,250,1065,UNSAT,277201,327783,11946319,438,0,277200,9.25,14.82,259709,29,16.9790,uuf250-070.cnf,173
luby,173,250,1065,UNSAT,262620,311239,11079970,404,0,262619,9.52,14.86,250910,33,15.9687,uuf250-071.cnf,173
luby,173,250,1065,UNSAT,150654,177096,6409656,253,0,150653,8.91,14.04,143458,33,7.7679,uuf250-072.cnf,173
luby,173,250,1065,UNSAT,75613,89980,3297562,126,0,75612,8.64,13.67,70004,28,3.1379,uuf250-073.cnf,173
luby,173,250,1065,UNSAT,115801,136681,4855655,204,0,115800,8.79,13.50,106404,27,5.2861,uuf250-074.cnf,173
luby,173,250,1065,UNSAT,221330,262326,9401323,347,0,221329,9.44,14.82,209159,32,12.7179,uuf250-075.cnf,173
luby,173,250,1065,UNSAT,118567,140023,5002381,212,0,118566,8.63,13.39,112208,35,5.5175,uuf250-076.cnf,173
luby,173,250,1065,UNSAT,385620,455183,16553769,510,0,385619,9.53,14.96,366419,31,26.1779,uuf250-077.cnf,173
luby,173,250,1065,UNSAT,186513,219516,7963902,283,0,186512,9.06,14.12,178452,32,10.0278,uuf250-078.cnf,173
luby,173,250,1065,UNSAT,156689,184740,6677852,254,0,156688,8.82,14.00,143456,32,8.1242,uuf250-079.cnf,173
luby,173,250,1065,UNSAT,155062,182503,6533625,253,0,155061,9.02,14.11,143457,29,8.0985,uuf250-08.cnf,173
luby,173,250,1065,UNSAT,180681,212737,7622246,267,0,180680,8.88,14.03,171158,32,9.6688,uuf250-080.cnf,173
luby,173,250,1065,UNSAT,190523,224745,7959675,285,0,190522,9.00,14.01,178457,32,10.3621,uuf250-081.cnf,173
luby,173,250,1065,UNSAT,171248,201603,7283643,254,0,171247,9.05,14.35,164004,28,9.0609,uuf250-082.cnf,173
luby,173,250,1065,UNSAT,64750,76521,2864925,125,0,64749,8.34,13.69,56652,26,2.6070,uuf250-083.cnf,173
luby,173,250,1065,UNSAT,92464,109618,4025439,162,0,92463,8.79,13.94,84707,30,4.0577,uuf250-084.cnf,173
luby,173,250,1065,UNSAT,139488,164687,5872926,252,0,139487,8.91,13.94,130508,32,6.8768,uuf250-085.cnf,173
luby,173,250,1065,UNSAT,112229,132100,4733877,195,0,112228,8.46,13.28,106404,28,5.1812,uuf250-086.cnf,173
luby,173,250,1065,UNSAT,383100,449862,16347857,510,0,383099,9.18,14.58,366409,31,25.5424,uuf250-087.cnf,173
luby,173,250,1065,UNSAT,185604,218941,7848177,279,0,185603,9.17,14.35,171162,31,10.0457,uuf250-088.cnf,173
luby,173,250,1065,UNSAT,168649,198340,7292799,254,0,168648,9.01,14.29,157008,36,8.9481,uuf250-089.cnf,173
luby,173,250,1065,UNSAT,337130,395579,14564608,509,0,337129,9.50,14.73,325511,31,21.9291,uuf250-09.cnf,173
luby,173,250,1065,UNSAT,35223,41536,1518685,69,0,35222,7.86,12.87,30753,32,1.2558,uuf250-090.cnf,173
luby,173,250,1065,UNSAT,168478,199715,7297089,254,0,168477,9.06,14.49,157004,30,8.6063,uuf250-091.cnf,173
luby,173,250,1065,UNSAT,274108,323728,11516388,427,0,274107,9.33,14.59,259710,30,16.8847,uuf250-092.cnf,173
luby,173,250,1065,UNSAT,132728,158084,5702227,244,0,132727,8.66,13.57,124258,31,6.2974,uuf250-093.cnf,173
luby,173,250,1065,UNSAT,115241,136016,4908520,204,0,115240,8.70,13.77,106411,28,5.4749,uuf250-094.cnf,173
luby,173,250,1065,UNSAT,86052,101715,3596302,152,0,86051,8.62,13.26,79653,37,3.6831,uuf250-095.cnf,173
luby,173,250,1065,UNSAT,156647,184367,6732056,254,0,156646,9.03,14.32,143457,30,8.2925,uuf250-096.cnf,173
luby,173,250,1065,UNSAT,90418,106628,3918750,157,0,90417,8.81,13.86,84706,38,4.0201,uuf250-097.cnf,173
luby,173,250,1065,UNSAT,50805,59991,2218479,107,0,50804,8.08,12.72,44654,33,1.9377,uuf250-098.cnf,173
luby,173,250,1065,UNSAT,96345,113214,4062131,172,0,96344,8.62,13.49,89910,33,4.3601,uuf250-099.cnf,173
luby,228,250,1065,UNSAT,163503,192451,7109039,220,0,163502,9.09,14.32,150156,34,8.4044,uuf250-01.cnf,228
luby,228,250,1065,UNSAT,132588,156400,5737138,186,0,132587,8.76,13.84,124254,28,6.2751,uuf250-010.cnf,228
luby,228,250,1065,UNSAT,227946,267949,9457981,254,0,227945,9.23,14.36,217206,27,12.8319,uuf250-0100.cnf,228
luby,228,250,1065,UNSAT,202787,238672,8603609,253,0,202786,8.90,13.95,193506,31,11.0022,uuf250-011.cnf,228
luby,228,250,1065,UNSAT,142519,168668,6152312,189,0,142518,9.00,13.95,130505,32,6.9127,uuf250-012.cnf,228
luby,228,250,1065,UNSAT,158627,186703,6621893,218,0,158626,8.94,14.04,150155,29,8.1226,uuf250-013.cnf,228
luby,228,250,1065,UNSAT,194237,228491,8281027,253,0,194236,8.95,14.29,185916,31,10.6100,uuf250-014.cnf,228
luby,228,250,1065,UNSAT,188798,221423,8040110,252,0,188797,8.98,14.07,178454,38,10.0992,uuf250-015.cnf,228
luby,228,250,1065,UNSAT,88180,103890,3725715,126,0,88179,8.47,13.37,79660,30,3.8568,uuf250-016.cnf,228
luby,228,250,1065,UNSAT,142743,168820,5933159,189,0,142742,8.84,13.99,130508,30,7.2759,uuf250-017.cnf,228
luby,228,250,1065,UNSAT,192402,225849,8273094,253,0,192401,9.31,14.27,178458,31,10.1832,uuf250-018.cnf,228
luby,228,250,1065,UNSAT,133283,154896,5808236,186,0,133282,8.87,14.08,124258,30,6.5914,uuf250-019.cnf,228
luby,228,250,1065,UNSAT,153515,180174,6474003,205,0,153514,8.99,13.98,143455,29,7.7675,uuf250-02.cnf,228
luby,228,250,1065,UNSAT,205066,242590,8595386,254,0,205065,9.24,14.35,193507,30,11.0970,uuf250-020.cnf,228
luby,228,250,1065,UNSAT,242038,285097,10423259,273,0,242037,9.07,14.34,225416,31,14.0037,uuf250-021.cnf,228
luby,228,250,1065,UNSAT,242290,284105,10410382,274,0,242289,9.48,14.69,233761,32,14.3312,uuf250-022.cnf,228
luby,228,250,1065,UNSAT,87834,102548,3739607,126,0,87833,8.67,13.66,79650,34,3.9091,uuf250-023.cnf,228
luby,228,250,1065,UNSAT,82219,97244,3559555,125,0,82218,8.28,13.36,74756,40,3.4227,uuf250-024.cnf,228
luby,228,250,1065,UNSAT,192488,225797,8299847,253,0,192487,9.15,14.24,178461,30,10.4792,uuf250-025.cnf,228
luby,228,250,1065,UNSAT,63325,75415,2741998,98,0,63324,8.38,13.70,56656,29,2.5115,uuf250-026.cnf,228
luby,228,250,1065,UNSAT,185188,217656,7971285,252,0,185187,9.05,14.36,171159,28,10.0499,uuf250-027.cnf,228
luby,228,250,1065,UNSAT,171947,202622,7298063,237,0,171946,9.16,14.46,164010,31,9.2573,uuf250-028.cnf,228
luby,228,250,1065,UNSAT,88396,103944,3762663,126,0,88395,8.52,13.69,79654,29,3.9438,uuf250-029.cnf,228
luby,228,250,1065,UNSAT,146600,172436,6328588,192,0,146599,8.93,14.18,136910,31,7.4575,uuf250-03.cnf,228
luby,228,250,1065,UNSAT,86193,101987,3582468,125,0,86192,8.76,13.60,79659,33,3.7430,uuf250-030.cnf,228
luby,228,250,1065,UNSAT,203433,240506,9018418,253,0,203432,9.29,14.65,193508,37,10.8349,uuf250-031.cnf,228
luby,228,250,1065,UNSAT,129477,152539,5483346,178,0,129476,8.61,13.66,118158,29,6.2778,uuf250-032.cnf,228
luby,228,250,1065,UNSAT,264825,311621,11139598,315,0,264824,9.17,14.37,250909,33,16.3470,uuf250-033.cnf,228
luby,228,250,1065,UNSAT,208495,245420,8995366,254,0,208494,9.08,14.58,193516,34,11.7050,uuf250-034.cnf,228
luby,228,250,1065,UNSAT,268569,315041,11192526,316,0,268568,9.31,14.53,259720,34,16.1685,uuf250-035.cnf,228
luby,228,250,1065,UNSAT,93198,110277,3951768,126,0,93197,8.88,13.99,84705,28,4.1722,uuf250-036.cnf,228
luby,228,250,1065,UNSAT,82225,96429,3457350,125,0,82224,8.63,13.34,74760,33,3.5298,uuf250-037.cnf,228
luby,228,250,1065,UNSAT,54451,64380,2349408,87,0,54450,8.57,13.42,48502,26,2.1377,uuf250-038.cnf,228
luby,228,250,1065,UNSAT,103457,121286,4418370,131,0,103456,8.55,13.52,95258,28,4.6630,uuf250-039.cnf,228
luby,228,250,1065,UNSAT,144883,171332,6062047,189,0,144882,8.97,14.31,136903,30,7.2577,uuf250-04.cnf,228
luby,228,250,1065,UNSAT,56520,65981,2366186,91,0,56519,8.39,13.04,52502,29,2.2582,uuf250-040.cnf,228
luby,228,250,1065,UNSAT,98318,117001,4311115,126,0,98317,8.76,14.22,89903,30,4.3946,uuf250-041.cnf,228
luby,228,250,1065,UNSAT,157396,184799,6746535,216,0,157395,8.96,14.14,150161,30,8.0982,uuf250-042.cnf,228
luby,228,250,1065,UNSAT,177049,207630,7554642,249,0,177048,9.23,14.41,164008,31,9.4195,uuf250-043.cnf,228
luby,228,250,1065,UNSAT,142871,167377,6114839,189,0,142870,8.96,14.17,130514,30,7.2628,uuf250-044.cnf,228
luby,228,250,1065,UNSAT,108420,127376,4643913,141,0,108419,8.86,13.87,100756,30,5.0609,uuf250-045.cnf,228
luby,228,250,1065,UNSAT,347138,408585,14752786,408,0,347137,9.51,14.98,335515,32,22.6604,uuf250-046.cnf,228
luby,228,250,1065,UNSAT,112135,132172,4757617,148,0,112134,8.86,13.84,106408,36,5.1975,uuf250-047.cnf,228
luby,228,250,1065,UNSAT,48201,56771,2110340,75,0,48200,8.32,13.05,40956,34,1.8279,uuf250-048.cnf,228
luby,228,250,1065,UNSAT,96329,114133,4361141,126,0,96328,8.76,14.17,89906,29,4.2099,uuf250-049.cnf,228
luby,228,250,1065,UNSAT,101665,120259,4299969,126,0,101664,8.48,13.66,95258,31,4.5959,uuf250-05.cnf,228
luby,228,250,1065,UNSAT,159617,188424,6678971,219,0,159616,8.78,13.99,150158,29,8.2628,uuf250-050.cnf,228
luby,228,250,1065,UNSAT,222329,261099,9516999,254,0,222328,8.95,14.17,209159,31,12.5255,uuf250-051.cnf,228
luby,228,250,1065,UNSAT,182969,214997,7613581,252,0,182968,9.19,14.30,171165,30,10.0016,uuf250-052.cnf,228
luby,228,250,1065,UNSAT,224053,264593,9395776,254,0,224052,9.33,14.65,209163,38,12.6219,uuf250-053.cnf,228
luby,228,250,1065,UNSAT,156926,183879,6888978,214,0,156925,9.21,14.40,150165,30,8.0334,uuf250-054.cnf,228
luby,228,250,1065,UNSAT,43406,50623,1825775,62,0,43405,7.88,12.49,37403,36,1.5808,uuf250-055.cnf,228
luby,228,250,1065,UNSAT,95855,113532,4146166,126,0,95854,8.66,13.79,89908,29,4.2210,uuf250-056.cnf,228
luby,228,250,1065,UNSAT,189757,224626,8022079,252,0,189756,9.06,14.38,178457,30,10.2564,uuf250-057.cnf,228
luby,228,250,1065,UNSAT,267295,313055,11435707,316,0,267294,9.29,14.42,250908,30,15.8725,uuf250-058.cnf,228
luby,228,250,1065,UNSAT,59791,70532,2558893,93,0,59790,8.32,13.16,52503,27,2.3652,uuf250-059.cnf,228
luby,228,250,1065,UNSAT,143206,168946,6065208,189,0,143205,8.78,14.08,130508,29,7.2544,uuf250-06.cnf,228
luby,228,250,1065,UNSAT,95074,112641,4066586,126,0,95073,8.59,13.62,84707,26,4.2638,uuf250-060.cnf,228
luby,228,250,1065,UNSAT,296962,348339,12599014,353,0,296961,9.53,14.98,287015,36,18.8486,uuf250-061.cnf,228
luby,228,250,1065,UNSAT,98010,115921,4157875,126,0,98009,8.70,13.77,89910,29,4.3863,uuf250-062.cnf,228
luby,228,250,1065,UNSAT,184030,217071,7926614,252,0,184029,8.86,14.35,171158,31,9.9108,uuf250-063.cnf,228
luby,228,250,1065,UNSAT,181272,213003,7738367,251,0,181271,8.97,14.31,171161,34,9.7999,uuf250-064.cnf,228
luby,228,250,1065,UNSAT,85778,100316,3637943,125,0,85777,8.52,13.40,79652,29,3.8292,uuf250-065.cnf,228
luby,228,250,1065,UNSAT,397954,467182,17022935,475,0,397953,9.31,15.00,377015,35,27.4787,uuf250-066.cnf,228
luby,228,250,1065,UNSAT,150676,177865,6568132,203,0,150675,9.11,14.43,143455,34,7.7256,uuf250-067.cnf,228
luby,228,250,1065,UNSAT,39939,46651,1751387,62,0,39938,8.12,12.65,34004,28,1.4612,uuf250-068.cnf,228
luby,228,250,1065,UNSAT,186858,220262,7817362,252,0,186857,9.04,14.13,178454,28,10.1500,uuf250-069.cnf,228
luby,228,250,1065,UNSAT,164797,193072,6954550,223,0,164796,9.16,14.22,157004,30,8.7508,uuf250-07.cnf,228
luby,228,250,1065,UNSAT,251292,295151,10914501,285,0,251291,9.25,14.94,242265,30,15.0761,uuf250-070.cnf,228
luby,228,250,1065,UNSAT,224400,265178,9513755,254,0,224399,9.31,14.83,209164,33,12.6694,uuf250-071.cnf,228
luby,228,250,1065,UNSAT,155520,183386,6567823,211,0,155519,8.84,13.99,143458,33,8.0316,uuf250-072.cnf,228
luby,228,250,1065,UNSAT,66739,79239,2940559,107,0,66738,8.74,13.99,60958,28,2.7348,uuf250-073.cnf,228
luby,228,250,1065,UNSAT,110413,130349,4635271,144,0,110412,8.77,13.54,100754,31,4.9593,uuf250-074.cnf,228
luby,228,250,1065,UNSAT,200504,236501,8622616,253,0,200503,9.30,14.65,185912,33,11.1666,uuf250-075.cnf,228
luby,228,250,1065,UNSAT,106982,125678,4524216,140,0,106981,8.28,13.02,100752,35,4.8136,uuf250-076.cnf,228
luby,228,250,1065,UNSAT,342896,403398,14701194,396,0,342895,9.40,14.95,325511,31,22.5464,uuf250-077.cnf,228
luby,228,250,1065,UNSAT,187154,219345,7986832,252,0,187153,8.98,13.98,178460,32,9.9939,uuf250-078.cnf,228
luby,228,250,1065,UNSAT,155307,182372,6625377,211,0,155306,8.99,14.31,143458,31,8.2016,uuf250-079.cnf,228
luby,228,250,1065,UNSAT,159912,187918,6774245,219,0,159911,8.90,13.97,150159,32,8.3365,uuf250-08.cnf,228
luby,228,250,1065,UNSAT,210424,246380,8883892,254,0,210423,8.84,13.92,201260,32,11.6986,uuf250-080.cnf,228
luby,228,250,1065,UNSAT,205837,241798,8556506,254,0,205836,8.91,13.91,193514,30,11.4279,uuf250-081.cnf,228
luby,228,250,1065,UNSAT,175626,205851,7452490,247,0,175625,9.10,14.36,164010,35,9.4265,uuf250-082.cnf,228
luby,228,250,1065,UNSAT,63326,74888,2779840,98,0,63325,8.51,13.82,56655,29,2.5722,uuf250-083.cnf,228
luby,228,250,1065,UNSAT,77380,91391,3400993,124,0,77379,8.67,14.07,70004,28,3.2729,uuf250-084.cnf,228
luby,228,250,1065,UNSAT,139153,162911,5903028,189,0,139152,8.86,13.89,130505,28,7.0322,uuf250-085.cnf,228
luby,228,250,1065,UNSAT,112691,132434,4787994,150,0,112690,8.27,13.23,106405,28,5.1268,uuf250-086.cnf,228
luby,228,250,1065,UNSAT,438991,515126,18642348,509,0,438990,9.58,15.08,420912,30,31.0488,uuf250-087.cnf,228
luby,228,250,1065,UNSAT,212478,250035,8952780,254,0,212477,9.28,14.45,201255,32,11.9068,uuf250-088.cnf,228
luby,228,250,1065,UNSAT,168970,198913,7266641,234,0,168969,9.08,14.38,157016,29,9.0598,uuf250-089.cnf,228
luby,228,250,1065,UNSAT,377556,441446,16288140,444,0,377555,9.43,14.78,366408,33,25.3293,uuf250-09.cnf,228
luby,228,250,1065,UNSAT,36009,42405,1543957,61,0,36008,7.84,12.61,30752,32,1.2853,uuf250-090.cnf,228
luby,228,250,1065,UNSAT,156787,186274,6802753,214,0,156786,9.19,14.74,143460,30,7.9265,uuf250-091.cnf,228
luby,228,250,1065,UNSAT,294598,346656,12294095,348,0,294597,9.15,14.39,277760,30,18.6782,uuf250-092.cnf,228
luby,228,250,1065,UNSAT,149501,177090,6392495,199,0,149500,8.72,13.77,136911,29,7.4732,uuf250-093.cnf,228
luby,228,250,1065,UNSAT,129377,152391,5434810,178,0,129376,8.71,13.73,118157,30,6.2436,uuf250-094.cnf,228
luby,228,250,1065,UNSAT,94489,111031,3937609,126,0,94488,8.40,13.01,84707,37,4.1664,uuf250-095.cnf,228
luby,228,250,1065,UNSAT,178531,208457,7611240,250,0,178530,8.95,14.10,171159,28,9.7619,uuf250-096.cnf,228
luby,228,250,1065,UNSAT,89662,105961,3878458,126,0,89661,8.62,13.75,79658,38,3.9245,uuf250-097.cnf,228
luby,228,250,1065,UNSAT,52316,61742,2264321,82,0,52315,8.21,12.99,44654,33,2.0123,uuf250-098.cnf,228
luby,228,250,1065,UNSAT,95898,112910,4078560,126,0,95897,8.58,13.51,89904,33,4.3172,uuf250-099.cnf,228
luby,282,250,1065,UNSAT,145124,171397,6368829,157,0,145123,9.05,14.24,136906,30,7.0707,uuf250-01.cnf,282
luby,282,250,1065,UNSAT,129183,151836,5555070,133,0,129182,8.79,14.13,118156,29,6.1632,uuf250-010.cnf,282
luby,282,250,1065,UNSAT,207029,243368,8667304,229,0,207028,9.09,14.20,193515,34,11.2681,uuf250-0100.cnf,282
luby,282,250,1065,UNSAT,205265,240897,8731545,226,0,205264,9.06,14.22,193510,29,11.3226,uuf250-011.cnf,282
luby,282,250,1065,UNSAT,135973,160138,5846980,143,0,135972,9.01,14.11,124254,28,6.5445,uuf250-012.cnf,282
luby,282,250,1065,UNSAT,165806,194136,6892484,187,0,165805,8.90,13.98,157010,30,8.6485,uuf250-013.cnf,282
luby,282,250,1065,UNSAT,196170,230523,8502868,218,0,196169,8.74,14.24,185914,41,10.7411,uuf250-014.cnf,282
luby,282,250,1065,UNSAT,174787,204599,7386943,189,0,174786,9.01,14.24,164011,38,9.1855,uuf250-015.cnf,282
luby,282,250,1065,UNSAT,79944,93935,3399567,100,0,79943,8.52,13.45,74755,29,3.4048,uuf250-016.cnf,282
luby,282,250,1065,UNSAT,130520,153770,5501189,136,0,130519,8.68,13.99,124256,30,6.5075,uuf250-017.cnf,282
luby,282,250,1065,UNSAT,168153,196907,7321998,188,0,168152,9.08,14.07,157005,29,8.4964,uuf250-018.cnf,282
luby,282,250,1065,UNSAT,147730,171673,6335520,157,0,147729,8.84,14.11,136911,27,7.6230,uuf250-019.cnf,282
luby,282,250,1065,UNSAT,138279,162668,5882623,148,0,138278,8.87,14.12,130509,34,6.7902,uuf250-02.cnf,282
luby,282,250,1065,UNSAT,204135,240626,8558802,223,0,204134,9.15,14.35,193512,31,11.0831,uuf250-020.cnf,282
luby,282,250,1065,UNSAT,235286,276584,10197871,253,0,235285,9.21,14.51,225408,31,13.4412,uuf250-021.cnf,282
luby,282,250,1065,UNSAT,207431,243406,8952535,230,0,207430,9.22,14.45,193512,32,11.4344,uuf250-022.cnf,282
luby,282,250,1065,UNSAT,88018,102935,3741521,114,0,88017,8.68,13.85,79657,34,3.9812,uuf250-023.cnf,282
luby,282,250,1065,UNSAT,85366,100566,3697530,108,0,85365,8.33,13.31,79659,40,3.6398,uuf250-024.cnf,282
luby,282,250,1065,UNSAT,138209,161887,6058960,148,0,138208,9.00,14.25,130508,30,6.7717,uuf250-025.cnf,282
luby,282,250,1065,UNSAT,68823,81395,2970420,90,0,68822,8.74,14.05,60956,30,2.8760,uuf250-026.cnf,282
luby,282,250,1065,UNSAT,183607,215529,7909278,196,0,183606,8.92,14.36,171162,29,9.8900,uuf250-027.cnf,282
luby,282,250,1065,UNSAT,168138,197828,7162540,188,0,168137,9.04,14.32,157009,32,8.8810,uuf250-028.cnf,282
luby,282,250,1065,UNSAT,96291,112865,4125293,124,0,96290,8.63,13.81,89904,29,4.4437,uuf250-029.cnf,282
luby,282,250,1065,UNSAT,158749,185123,6852635,175,0,158748,8.81,13.94,150160,31,8.1380,uuf250-03.cnf,282
luby,282,250,1065,UNSAT,95140,112615,3909783,124,0,95139,8.69,13.49,89906,35,4.2837,uuf250-030.cnf,282
luby,282,250,1065,UNSAT,220171,260358,9638545,250,0,220170,9.43,14.84,209161,37,12.1492,uuf250-031.cnf,282
luby,282,250,1065,UNSAT,143087,167455,6052156,156,0,143086,8.77,13.82,130510,29,7.1759,uuf250-032.cnf,282
luby,282,250,1065,UNSAT,261387,307326,11052420,254,0,261386,9.11,14.31,250916,29,15.9135,uuf250-033.cnf,282
luby,282,250,1065,UNSAT,261599,307098,11174635,254,0,261598,9.26,14.71,250907,30,15.7875,uuf250-034.cnf,282
luby,282,250,1065,UNSAT,240371,282564,10083294,253,0,240370,9.21,14.38,225412,30,13.8019,uuf250-035.cnf,282
luby,282,250,1065,UNSAT,77275,91305,3292702,95,0,77274,8.73,13.99,70007,32,3.3259,uuf250-036.cnf,282
luby,282,250,1065,UNSAT,80229,93924,3385845,101,0,80228,8.52,13.32,74752,33,3.4599,uuf250-037.cnf,282
luby,282,250,1065,UNSAT,53927,63560,2311395,62,0,53926,8.29,13.00,48504,27,2.0623,uuf250-038.cnf,282
luby,282,250,1065,UNSAT,115102,134996,4887970,126,0,115101,8.55,13.64,106406,29,5.4318,uuf250-039.cnf,282
luby,282,250,1065,UNSAT,132830,156429,5589928,140,0,132829,8.53,13.67,124259,30,6.3459,uuf250-04.cnf,282
luby,282,250,1065,UNSAT,52857,61881,2246366,62,0,52856,8.42,13.10,48503,29,2.0531,uuf250-040.cnf,282
luby,282,250,1065,UNSAT,126682,149902,5505716,127,0,126681,8.92,14.37,118156,30,5.9634,uuf250-041.cnf,282
luby,282,250,1065,UNSAT,167961,196181,7188060,188,0,167960,9.01,14.30,157010,28,8.8206,uuf250-042.cnf,282
luby,282,250,1065,UNSAT,184163,216030,7815954,197,0,184162,9.17,14.33,171156,31,9.6632,uuf250-043.cnf,282
luby,282,250,1065,UNSAT,126940,149157,5446086,128,0,126939,8.81,14.04,118158,30,6.1865,uuf250-044.cnf,282
luby,282,250,1065,UNSAT,93639,110413,4029189,123,0,93638,8.48,13.40,84707,30,4.1159,uuf250-045.cnf,282
luby,282,250,1065,UNSAT,287132,338422,12215447,254,0,287131,9.66,15.26,277765,35,17.7589,uuf250-046.cnf,282
luby,282,250,1065,UNSAT,110166,129896,4685449,126,0,110165,8.79,13.73,100759,36,5.0623,uuf250-047.cnf,282
luby,282,250,1065,UNSAT,52245,60877,2279676,62,0,52244,8.11,12.90,44657,34,2.0146,uuf250-048.cnf,282
luby,282,250,1065,UNSAT,97606,115364,4411883,124,0,97605,8.71,14.09,89907,31,4.2905,uuf250-049.cnf,282
luby,282,250,1065,UNSAT,97671,114708,4137228,124,0,97670,8.39,13.55,89904,31,4.3841,uuf250-05.cnf,282
luby,282,250,1065,UNSAT,165312,194040,6898786,187,0,165311,9.05,14.16,157009,29,8.7119,uuf250-050.cnf,282
luby,282,250,1065,UNSAT,239166,280028,10223061,253,0,239165,9.21,14.53,225410,29,13.9994,uuf250-051.cnf,282
luby,282,250,1065,UNSAT,164324,191850,6927887,186,0,164323,8.82,13.89,157005,28,8.6036,uuf250-052.cnf,282
luby,282,250,1065,UNSAT,216372,255199,9066971,245,0,216371,9.11,14.53,201260,38,12.0254,uuf250-053.cnf,282
luby,282,250,1065,UNSAT,166159,194185,7323724,187,0,166158,9.22,14.47,157012,29,8.6146,uuf250-054.cnf,282
luby,282,250,1065,UNSAT,48564,56987,2045827,62,0,48563,7.96,12.73,44654,36,1.8266,uuf250-055.cnf,282
luby,282,250,1065,UNSAT,96762,114290,4187220,124,0,96761,8.54,13.66,89904,38,4.2326,uuf250-056.cnf,282
luby,282,250,1065,UNSAT,148173,175505,6315549,157,0,148172,9.05,14.44,136908,30,7.4005,uuf250-057.cnf,282
luby,282,250,1065,UNSAT,263675,309019,11217158,254,0,263674,9.33,14.43,250914,30,15.6666,uuf250-058.cnf,282
luby,282,250,1065,UNSAT,66328,77741,2816629,84,0,66327,8.48,13.28,60958,28,2.7325,uuf250-059.cnf,282
luby,282,250,1065,UNSAT,122810,144666,5236362,126,0,122809,8.56,13.84,112206,32,5.9137,uuf250-06.cnf,282
luby,282,250,1065,UNSAT,84115,99242,3588994,108,0,84114,8.51,13.61,74754,27,3.6602,uuf250-060.cnf,282
luby,282,250,1065,UNSAT,279693,327486,11992535,254,0,279692,9.54,15.00,268662,36,17.2400,uuf250-061.cnf,282
luby,282,250,1065,UNSAT,92879,109647,3938874,123,0,92878,8.74,13.86,84704,29,4.1398,uuf250-062.cnf,282
luby,282,250,1065,UNSAT,226291,265542,9655761,252,0,226290,8.99,14.22,217211,29,12.9491,uuf250-063.cnf,282
luby,282,250,1065,UNSAT,153591,179828,6613432,168,0,153590,8.84,14.20,143459,34,7.8969,uuf250-064.cnf,282
luby,282,250,1065,UNSAT,90459,105529,3911720,119,0,90458,8.42,13.43,84711,29,4.0952,uuf250-065.cnf,282
luby,282,250,1065,UNSAT,283449,332628,12202064,254,0,283448,9.08,14.61,268664,34,17.2604,uuf250-066.cnf,282
luby,282,250,1065,UNSAT,136220,160923,5935495,144,0,136219,8.83,14.20,124257,34,6.6786,uuf250-067.cnf,282
luby,282,250,1065,UNSAT,37704,44125,1650379,59,0,37703,8.15,12.95,34004,28,1.3648,uuf250-068.cnf,282
luby,282,250,1065,UNSAT,184258,216403,7658867,197,0,184257,8.95,14.14,171162,28,10.0320,uuf250-069.cnf,282
luby,282,250,1065,UNSAT,177183,206653,7446022,189,0,177182,9.18,14.30,164018,30,9.5546,uuf250-07.cnf,282
luby,282,250,1065,UNSAT,250581,294805,10790761,253,0,250580,9.04,14.50,233765,31,14.8737,uuf250-070.cnf,282
luby,282,250,1065,UNSAT,261317,307993,11005592,254,0,261316,9.37,14.84,250912,34,15.5558,uuf250-071.cnf,282
luby,282,250,1065,UNSAT,137216,161566,5848610,147,0,137215,8.60,13.80,130508,33,6.7915,uuf250-072.cnf,282
luby,282,250,1065,UNSAT,70553,83482,3095483,92,0,70552,8.90,14.09,65407,30,2.9453,uuf250-073.cnf,282
luby,282,250,1065,UNSAT,108539,128244,4573268,126,0,108538,8.63,13.37,100757,29,4.7826,uuf250-074.cnf,282
luby,282,250,1065,UNSAT,158880,187986,6826335,175,0,158879,8.92,14.29,150165,30,8.2346,uuf250-075.cnf,282
luby,282,250,1065,UNSAT,113602,133569,4789264,126,0,113601,8.56,13.46,106410,35,5.2538,uuf250-076.cnf,282
luby,282,250,1065,UNSAT,287116,336812,12423217,254,0,287115,9.14,14.68,277759,30,17.5634,uuf250-077.cnf,282
luby,282,250,1065,UNSAT,159256,187072,6860249,176,0,159255,9.00,14.07,150156,32,8.0871,uuf250-078.cnf,282
luby,282,250,1065,UNSAT,145174,170005,6200438,157,0,145173,8.88,14.10,136906,31,7.3900,uuf250-079.cnf,282
luby,282,250,1065,UNSAT,124900,147269,5297549,126,0,124899,8.65,13.89,118158,30,6.0191,uuf250-08.cnf,282
luby,282,250,1065,UNSAT,174299,204133,7327608,189,0,174298,8.92,14.13,164008,32,9.2156,uuf250-080.cnf,282
luby,282,250,1065,UNSAT,187061,220161,7852545,203,0,187060,8.97,14.15,178459,29,10.0699,uuf250-081.cnf,282
luby,282,250,1065,UNSAT,156651,183452,6677420,172,0,156650,8.79,14.12,143457,29,7.9525,uuf250-082.cnf,282
luby,282,250,1065,UNSAT,69356,82066,3041046,91,0,69355,8.70,14.09,60956,27,2.9003,uuf250-083.cnf,282
luby,282,250,1065,UNSAT,87664,103209,3825450,114,0,87663,8.68,13.91,79658,27,3.8051,uuf250-084.cnf,282
luby,282,250,1065,UNSAT,130260,152079,5511939,135,0,130259,8.72,13.77,118160,28,6.2004,uuf250-085.cnf,282
luby,282,250,1065,UNSAT,113605,132943,4807862,126,0,113604,8.54,13.46,106405,28,5.2381,uuf250-086.cnf,282
luby,282,250,1065,UNSAT,382719,448716,16415165,378,0,382718,9.27,14.73,366421,37,25.7021,uuf250-087.cnf,282
luby,282,250,1065,UNSAT,192854,226680,8145668,211,0,192853,9.19,14.40,178457,29,10.5623,uuf250-088.cnf,282
luby,282,250,1065,UNSAT,171568,200763,7400299,188,0,171567,9.08,14.46,164012,31,9.1842,uuf250-089.cnf,282
luby,282,250,1065,UNSAT,297964,348833,12965656,269,0,297963,9.37,14.87,287014,30,18.1900,uuf250-09.cnf,282
luby,282,250,1065,UNSAT,39325,46094,1672127,60,0,39324,8.07,12.92,34003,32,1.4878,uuf250-090.cnf,282
luby,282,250,1065,UNSAT,163960,193559,7060967,186,0,163959,9.14,14.58,157011,30,8.4460,uuf250-091.cnf,282
luby,282,250,1065,UNSAT,278504,326954,11684006,254,0,278503,9.25,14.66,268659,31,17.3483,uuf250-092.cnf,282
luby,282,250,1065,UNSAT,134304,158645,5730624,141,0,134303,8.85,14.01,124258,29,6.5089,uuf250-093.cnf,282
luby,282,250,1065,UNSAT,107203,125938,4551745,125,0,107202,8.62,13.68,100754,30,4.9626,uuf250-094.cnf,282
luby,282,250,1065,UNSAT,91487,107294,3830553,122,0,91486,8.57,13.26,84702,37,4.0306,uuf250-095.cnf,282
luby,282,250,1065,UNSAT,163399,190277,6984472,185,0,163398,8.83,14.00,150157,28,8.6177,uuf250-096.cnf,282
luby,282,250,1065,UNSAT,91293,107549,3935538,121,0,91292,8.81,13.97,84704,38,4.0617,uuf250-097.cnf,282
luby,282,250,1065,UNSAT,52413,61440,2257350,62,0,52412,8.13,12.84,48503,33,2.0277,uuf250-098.cnf,282
luby,282,250,1065,UNSAT,99906,117229,4229443,125,0,99905,8.64,13.57,89905,33,4.5517,uuf250-099.cnf,282
luby,337,250,1065,UNSAT,139972,164881,6110398,126,0,139971,8.88,14.11,130509,27,6.7683,uuf250-01.cnf,337
luby,337,250,1065,UNSAT,115543,135704,4995558,124,0,115542,8.82,14.15,106403,32,5.3723,uuf250-010.cnf,337
luby,337,250,1065,UNSAT,200236,234615,8395069,188,0,200235,8.90,14.05,185906,30,10.7513,uuf250-0100.cnf,337
luby,337,250,1065,UNSAT,162797,190893,6959490,144,0,162796,8.74,13.95,150159,30,8.3597,uuf250-011.cnf,337
luby,337,250,1065,UNSAT,143938,168778,6170312,126,0,143937,9.14,14.15,136913,30,7.1119,uuf250-012.cnf,337
luby,337,250,1065,UNSAT,133834,157301,5622393,126,0,133833,8.69,13.81,124258,28,6.4339,uuf250-013.cnf,337
luby,337,250,1065,UNSAT,175425,205647,7603327,157,0,175424,8.57,14.08,164007,31,9.1046,uuf250-014.cnf,337
luby,337,250,1065,UNSAT,169710,198723,7190662,155,0,169709,8.92,14.17,157005,38,8.7941,uuf250-015.cnf,337
luby,337,250,1065,UNSAT,88970,104851,3728577,93,0,88969,8.49,13.36,79659,29,3.9339,uuf250-016.cnf,337
luby,337,250,1065,UNSAT,145415,171630,6060880,126,0,145414,8.78,13.87,136907,30,7.3396,uuf250-017.cnf,337
luby,337,250,1065,UNSAT,164556,192780,7110010,147,0,164555,8.96,13.92,157003,30,8.1447,uuf250-018.cnf,337
luby,337,250,1065,UNSAT,143068,166678,6173497,126,0,143067,8.96,14.33,130511,31,7.2381,uuf250-019.cnf,337
luby,337,250,1065,UNSAT,151487,177303,6386123,128,0,151486,8.91,14.17,143457,28,7.7222,uuf250-02.cnf,337
luby,337,250,1065,UNSAT,217486,256417,9096298,193,0,217485,8.95,14.13,209159,30,12.0207,uuf250-020.cnf,337
luby,337,250,1065,UNSAT,224489,263499,9723495,204,0,224488,8.71,13.93,209160,31,12.5467,uuf250-021.cnf,337
luby,337,250,1065,UNSAT,224917,263387,9693987,204,0,224916,9.23,14.43,209156,32,12.8599,uuf250-022.cnf,337
luby,337,250,1065,UNSAT,84581,98726,3593324,92,0,84580,8.68,13.72,79654,35,3.7230,uuf250-023.cnf,337
luby,337,250,1065,UNSAT,88337,104076,3795118,93,0,88336,8.48,13.59,79655,40,3.7918,uuf250-024.cnf,337
luby,337,250,1065,UNSAT,136050,159204,6038353,126,0,136049,8.83,14.03,124253,29,6.6725,uuf250-025.cnf,337
luby,337,250,1065,UNSAT,63238,74464,2747172,62,0,63237,8.43,13.66,56654,34,2.5115,uuf250-026.cnf,337
luby,337,250,1065,UNSAT,177444,207929,7622779,157,0,177443,8.80,14.19,164008,27,9.3286,uuf250-027.cnf,337
luby,337,250,1065,UNSAT,161445,188796,6888047,141,0,161444,9.08,14.33,150158,31,8.6065,uuf250-028.cnf,337
luby,337,250,1065,UNSAT,84129,98530,3631588,92,0,84128,8.60,13.75,74757,27,3.7553,uuf250-029.cnf,337
luby,337,250,1065,UNSAT,142326,166912,6106396,126,0,142325,8.67,13.91,130505,31,7.1745,uuf250-03.cnf,337
luby,337,250,1065,UNSAT,80943,95603,3355189,87,0,80942,8.49,13.36,74756,30,3.4483,uuf250-030.cnf,337
luby,337,250,1065,UNSAT,202148,237729,8885828,188,0,202147,9.34,14.63,193509,37,10.9549,uuf250-031.cnf,337
luby,337,250,1065,UNSAT,124801,145594,5295489,125,0,124800,8.54,13.55,118160,29,5.9441,uuf250-032.cnf,337
luby,337,250,1065,UNSAT,272924,320908,11535797,252,0,272923,9.19,14.45,259708,31,16.9120,uuf250-033.cnf,337
luby,337,250,1065,UNSAT,227852,267247,9782134,207,0,227851,9.05,14.52,217209,30,13.0846,uuf250-034.cnf,337
luby,337,250,1065,UNSAT,239302,280606,10076543,220,0,239301,9.24,14.44,225411,31,13.9886,uuf250-035.cnf,337
luby,337,250,1065,UNSAT,83973,99185,3554300,92,0,83972,8.71,13.98,74757,27,3.6232,uuf250-036.cnf,337
luby,337,250,1065,UNSAT,87602,102244,3651411,93,0,87601,8.51,13.24,79658,33,3.8496,uuf250-037.cnf,337
luby,337,250,1065,UNSAT,49227,57884,2122200,61,0,49226,8.37,13.23,44653,30,1.8612,uuf250-038.cnf,337
luby,337,250,1065,UNSAT,123877,144902,5242483,125,0,123876,8.74,13.67,112213,29,5.9748,uuf250-039.cnf,337
luby,337,250,1065,UNSAT,153523,179983,6373796,132,0,153522,8.82,14.04,143462,28,7.7508,uuf250-04.cnf,337
luby,337,250,1065,UNSAT,59280,68859,2512972,62,0,59279,8.43,13.10,52505,29,2.3968,uuf250-040.cnf,337
luby,337,250,1065,UNSAT,124671,147458,5431913,125,0,124670,9.12,14.43,118160,30,5.9781,uuf250-041.cnf,337
luby,337,250,1065,UNSAT,151166,176020,6458085,127,0,151165,8.75,13.87,143462,30,7.6709,uuf250-042.cnf,337
luby,337,250,1065,UNSAT,173487,202368,7399294,157,0,173486,8.96,14.13,164005,30,9.1175,uuf250-043.cnf,337
luby,337,250,1065,UNSAT,129709,152030,5583443,126,0,129708,8.76,14.06,118154,31,6.2565,uuf250-044.cnf,337
luby,337,250,1065,UNSAT,85951,101674,3709338,92,0,85950,8.54,13.64,79653,30,3.7277,uuf250-045.cnf,337
luby,337,250,1065,UNSAT,322557,379961,13657269,254,0,322556,9.42,15.06,305964,32,20.2309,uuf250-046.cnf,337
luby,337,250,1065,UNSAT,127913,150363,5462912,125,0,127912,8.78,13.65,118157,36,6.1329,uuf250-047.cnf,337
luby,337,250,1065,UNSAT,48189,56626,2096631,60,0,48188,8.33,13.22,40954,34,1.8528,uuf250-048.cnf,337
luby,337,250,1065,UNSAT,106917,126030,4836038,116,0,106916,8.97,14.36,100755,28,4.8814,uuf250-049.cnf,337
luby,337,250,1065,UNSAT,111037,131370,4691448,123,0,111036,8.63,13.76,100757,31,5.1180,uuf250-05.cnf,337
luby,337,250,1065,UNSAT,135396,160191,5703483,126,0,135395,8.81,14.07,124256,28,6.6676,uuf250-050.cnf,337
luby,337,250,1065,UNSAT,235059,274694,10074202,219,0,235058,9.19,14.51,225411,27,13.6482,uuf250-051.cnf,337
luby,337,250,1065,UNSAT,139106,162909,5867084,126,0,139105,8.59,13.69,130505,28,6.8632,uuf250-052.cnf,337
luby,337,250,1065,UNSAT,215962,254434,9101596,190,0,215961,9.18,14.50,201260,38,11.8176,uuf250-053.cnf,337
luby,337,250,1065,UNSAT,168086,196818,7346956,154,0,168085,9.10,14.37,157007,30,8.7389,uuf250-054.cnf,337
luby,337,250,1065,UNSAT,46888,55045,1971917,60,0,46887,8.05,12.81,40953,36,1.7301,uuf250-055.cnf,337
luby,337,250,1065,UNSAT,95145,112477,4122432,100,0,95144,8.64,13.79,89909,29,4.1845,uuf250-056.cnf,337
luby,337,250,1065,UNSAT,134140,158625,5689326,126,0,134139,8.87,14.31,124259,31,6.4536,uuf250-057.cnf,337
luby,337,250,1065,UNSAT,215098,252253,9245656,189,0,215097,9.08,14.29,201258,30,11.9718,uuf250-058.cnf,337
luby,337,250,1065,UNSAT,65880,77028,2809423,65,0,65879,8.50,13.27,60954,27,2.7288,uuf250-059.cnf,337
luby,337,250,1065,UNSAT,141780,166713,6033274,126,0,141779,8.92,14.31,130507,33,7.1476,uuf250-06.cnf,337
luby,337,250,1065,UNSAT,74899,88270,3228008,77,0,74898,8.24,13.34,70004,25,3.1263,uuf250-060.cnf,337
luby,337,250,1065,UNSAT,299903,351690,12813425,253,0,299902,9.50,14.95,287014,36,18.9146,uuf250-061.cnf,337
luby,337,250,1065,UNSAT,102039,120507,4320402,108,0,102038,8.76,13.75,95253,29,4.6262,uuf250-062.cnf,337
luby,337,250,1065,UNSAT,193116,227231,8270748,180,0,193115,8.89,14.32,178456,27,10.3961,uuf250-063.cnf,337
luby,337,250,1065,UNSAT,162609,190483,7022562,144,0,162608,9.03,14.54,150165,34,8.4958,uuf250-064.cnf,337
luby,337,250,1065,UNSAT,82983,96585,3535101,91,0,82982,8.55,13.60,74752,29,3.6905,uuf250-065.cnf,337
luby,337,250,1065,UNSAT,341188,399074,14642741,254,0,341187,8.93,14.55,325508,31,22.1154,uuf250-066.cnf,337
luby,337,250,1065,UNSAT,140985,166339,6118315,126,0,140984,8.93,14.24,130512,34,6.9772,uuf250-067.cnf,337
luby,337,250,1065,UNSAT,32375,37660,1414982,40,0,32374,7.69,12.35,27654,28,1.1072,uuf250-068.cnf,337
luby,337,250,1065,UNSAT,188986,222239,7904362,173,0,188985,8.92,14.02,178457,31,10.3530,uuf250-069.cnf,337
luby,337,250,1065,UNSAT,151110,175942,6413492,127,0,151109,8.94,14.09,143457,30,7.7162,uuf250-07.cnf,337
luby,337,250,1065,UNSAT,252663,296091,10875241,235,0,252662,9.27,14.88,242259,30,15.1283,uuf250-070.cnf,337
luby,337,250,1065,UNSAT,242999,285835,10303121,221,0,242998,9.48,14.92,233762,33,14.1918,uuf250-071.cnf,337
luby,337,250,1065,UNSAT,128054,149759,5496553,125,0,128053,8.69,13.94,118159,33,6.2279,uuf250-072.cnf,337
luby,337,250,1065,UNSAT,60954,72648,2687503,62,0,60953,8.44,13.72,56656,28,2.4442,uuf250-073.cnf,337
luby,337,250,1065,UNSAT,106820,125995,4484868,116,0,106819,8.54,13.32,100757,28,4.7787,uuf250-074.cnf,337
luby,337,250,1065,UNSAT,158284,187070,6802186,140,0,158283,9.17,14.65,150160,33,8.1674,uuf250-075.cnf,337
luby,337,250,1065,UNSAT,120011,140588,5050440,125,0,120010,8.72,13.59,112206,35,5.7108,uuf250-076.cnf,337
luby,337,250,1065,UNSAT,323071,379727,13880808,254,0,323070,9.36,14.97,305957,31,20.7659,uuf250-077.cnf,337
luby,337,250,1065,UNSAT,142248,166916,6121820,126,0,142247,8.80,13.95,130507,32,7.0342,uuf250-078.cnf,337
luby,337,250,1065,UNSAT,147844,173148,6305882,126,0,147843,8.97,14.34,136908,31,7.5581,uuf250-079.cnf,337
luby,337,250,1065,UNSAT,164213,192128,6897288,147,0,164212,8.82,13.99,157015,31,8.6193,uuf250-08.cnf,337
luby,337,250,1065,UNSAT,167539,196339,7052583,152,0,167538,8.71,13.90,157007,32,8.7944,uuf250-080.cnf,337
luby,337,250,1065,UNSAT,185242,217783,7814320,171,0,185241,8.91,14.07,171162,29,9.9139,uuf250-081.cnf,337
luby,337,250,1065,UNSAT,153296,179002,6556300,132,0,153295,8.90,14.11,143460,28,7.7269,uuf250-082.cnf,337
luby,337,250,1065,UNSAT,69753,82043,3054984,72,0,69752,8.49,13.96,60953,26,2.8931,uuf250-083.cnf,337
luby,337,250,1065,UNSAT,77085,90923,3390594,81,0,77084,8.63,13.96,70006,31,3.2255,uuf250-084.cnf,337
luby,337,250,1065,UNSAT,118263,138472,5006665,124,0,118262,8.75,13.88,112201,27,5.6198,uuf250-085.cnf,337
luby,337,250,1065,UNSAT,121689,142443,5134131,125,0,121688,8.52,13.28,112205,28,5.6367,uuf250-086.cnf,337
luby,337,250,1065,UNSAT,366060,429254,15657997,284,0,366059,9.36,14.92,345663,31,24.1106,uuf250-087.cnf,337
luby,337,250,1065,UNSAT,198789,233635,8366577,187,0,198788,9.20,14.48,185910,30,10.8698,uuf250-088.cnf,337
luby,337,250,1065,UNSAT,158280,185082,6870873,140,0,158279,8.86,14.33,150159,30,8.2227,uuf250-089.cnf,337
luby,337,250,1065,UNSAT,313697,366414,13612629,254,0,313696,9.30,14.60,296411,31,19.8493,uuf250-09.cnf,337
luby,337,250,1065,UNSAT,35802,42204,1529142,45,0,35801,7.78,12.71,30751,32,1.2865,uuf250-090.cnf,337
luby,337,250,1065,UNSAT,145016,171097,6268559,126,0,145015,8.89,14.31,136908,30,7.0873,uuf250-091.cnf,337
luby,337,250,1065,UNSAT,216811,255163,9208357,192,0,216810,8.98,14.47,201261,33,12.2578,uuf250-092.cnf,337
luby,337,250,1065,UNSAT,144259,169852,6163408,126,0,144258,8.66,13.80,136908,31,7.0986,uuf250-093.cnf,337
luby,337,250,1065,UNSAT,121287,142552,5093117,125,0,121286,8.62,13.73,112209,27,5.8025,uuf250-094.cnf,337
luby,337,250,1065,UNSAT,91350,106978,3808193,93,0,91349,8.40,13.14,84709,37,3.9655,uuf250-095.cnf,337
luby,337,250,1065,UNSAT,161507,188165,6949650,141,0,161506,8.83,14.07,150159,29,8.4901,uuf250-096.cnf,337
luby,337,250,1065,UNSAT,82265,96960,3563600,90,0,82264,8.53,13.81,74758,38,3.5395,uuf250-097.cnf,337
luby,337,250,1065,UNSAT,53962,63401,2339965,61,0,53961,8.26,13.03,48504,33,2.0950,uuf250-098.cnf,337
luby,337,250,1065,UNSAT,93113,109217,3970269,97,0,93112,8.52,13.38,84706,33,4.0542,uuf250-099.cnf,337
luby,391,250,1065,UNSAT,161670,189815,7063941,126,0,161669,8.84,14.10,150157,28,8.0387,uuf250-01.cnf,391
luby,391,250,1065,UNSAT,125798,148128,5431098,120,0,125797,8.60,13.81,118157,28,5.8780,uuf250-010.cnf,391
luby,391,250,1065,UNSAT,223708,262463,9305183,179,0,223707,9.15,14.33,209160,34,12.6509,uuf250-0100.cnf,391
luby,391,250,1065,UNSAT,176358,206326,7517643,129,0,176357,8.76,13.95,164010,30,9.1936,uuf250-011.cnf,391
luby,391,250,1065,UNSAT,172902,202356,7377094,126,0,172901,9.11,14.25,164007,33,9.0246,uuf250-012.cnf,391
luby,391,250,1065,UNSAT,146594,171852,6090544,125,0,146593,8.77,13.95,136911,27,7.3686,uuf250-013.cnf,391
luby,391,250,1065,UNSAT,168761,197692,7324720,126,0,168760,8.92,14.44,157013,31,8.7593,uuf250-014.cnf,391
luby,391,250,1065,UNSAT,176796,207384,7497860,129,0,176795,9.06,14.43,164004,38,9.3367,uuf250-015.cnf,391
luby,391,250,1065,UNSAT,84888,99627,3563574,77,0,84887,8.52,13.58,79658,30,3.7012,uuf250-016.cnf,391
luby,391,250,1065,UNSAT,137475,161782,5801801,124,0,137474,8.67,13.86,130506,28,6.8573,uuf250-017.cnf,391
luby,391,250,1065,UNSAT,153340,180528,6595191,126,0,153339,9.13,14.24,143461,31,7.5100,uuf250-018.cnf,391
luby,391,250,1065,UNSAT,135804,157980,5875525,124,0,135803,8.93,14.34,124254,29,6.8180,uuf250-019.cnf,391
luby,391,250,1065,UNSAT,120085,140555,5133833,111,0,120084,8.59,13.73,112207,26,5.7017,uuf250-02.cnf,391
luby,391,250,1065,UNSAT,180426,211974,7633292,135,0,180425,8.89,13.99,171163,29,9.4050,uuf250-020.cnf,391
luby,391,250,1065,UNSAT,192449,226317,8399836,148,0,192448,8.87,14.04,178455,31,10.2401,uuf250-021.cnf,391
luby,391,250,1065,UNSAT,216067,252803,9323176,172,0,216066,9.15,14.47,201259,32,12.0702,uuf250-022.cnf,391
luby,391,250,1065,UNSAT,84343,98399,3577035,76,0,84342,8.58,13.71,74754,34,3.6977,uuf250-023.cnf,391
luby,391,250,1065,UNSAT,92470,108005,3969316,85,0,92469,8.43,13.49,84704,40,4.0392,uuf250-024.cnf,391
luby,391,250,1065,UNSAT,159271,186578,6923793,126,0,159270,8.99,14.21,150154,28,8.0581,uuf250-025.cnf,391
luby,391,250,1065,UNSAT,74863,88164,3231957,62,0,74862,8.62,13.81,70005,31,3.1673,uuf250-026.cnf,391
luby,391,250,1065,UNSAT,183060,214014,7813207,139,0,183059,8.93,14.33,171156,29,9.8696,uuf250-027.cnf,391
luby,391,250,1065,UNSAT,155275,182087,6661893,126,0,155274,8.76,14.15,143452,29,8.0216,uuf250-028.cnf,391
luby,391,250,1065,UNSAT,92403,107555,3958835,85,0,92402,8.57,13.88,84706,31,4.1204,uuf250-029.cnf,391
luby,391,250,1065,UNSAT,149624,174895,6472895,125,0,149623,8.80,14.10,136906,31,7.6656,uuf250-03.cnf,391
luby,391,250,1065,UNSAT,78023,92419,3246376,68,0,78022,8.55,13.48,70003,29,3.2372,uuf250-030.cnf,391
luby,391,250,1065,UNSAT,177874,209945,7865475,132,0,177873,9.19,14.60,164008,37,9.1161,uuf250-031.cnf,391
luby,391,250,1065,UNSAT,140383,164451,5965105,125,0,140382,8.87,14.04,130508,29,7.0196,uuf250-032.cnf,391
luby,391,250,1065,UNSAT,270397,317428,11485260,217,0,270396,9.12,14.41,259716,31,16.6609,uuf250-033.cnf,391
luby,391,250,1065,UNSAT,212950,250364,9152801,168,0,212949,9.12,14.68,201265,28,11.8841,uuf250-034.cnf,391
luby,391,250,1065,UNSAT,218987,256944,9255763,172,0,218986,9.12,14.37,209157,30,12.2112,uuf250-035.cnf,391
luby,391,250,1065,UNSAT,80647,94854,3407582,72,0,80646,8.62,13.68,74753,27,3.4597,uuf250-036.cnf,391
luby,391,250,1065,UNSAT,69836,81330,2931405,62,0,69835,8.40,13.17,60954,33,2.8611,uuf250-037.cnf,391
luby,391,250,1065,UNSAT,51208,60347,2200801,58,0,51207,8.19,12.99,44654,26,1.9251,uuf250-038.cnf,391
luby,391,250,1065,UNSAT,98631,115856,4215639,92,0,98630,8.51,13.67,89906,27,4.4395,uuf250-039.cnf,391
luby,391,250,1065,UNSAT,138856,163173,5815419,125,0,138855,8.83,14.17,130509,28,6.8006,uuf250-04.cnf,391
luby,391,250,1065,UNSAT,50473,59013,2129131,56,0,50472,8.28,12.93,44653,29,1.9257,uuf250-040.cnf,391
luby,391,250,1065,UNSAT,94070,111704,4132858,88,0,94069,8.53,14.02,84712,30,4.0851,uuf250-041.cnf,391
luby,391,250,1065,UNSAT,183818,213916,7805638,140,0,183817,8.73,13.96,171160,28,9.7121,uuf250-042.cnf,391
luby,391,250,1065,UNSAT,181024,211689,7693184,136,0,181023,8.98,14.26,171163,30,9.5636,uuf250-043.cnf,391
luby,391,250,1065,UNSAT,120195,141342,5192574,111,0,120194,8.81,14.06,112204,30,5.7019,uuf250-044.cnf,391
luby,391,250,1065,UNSAT,69713,81907,3012952,62,0,69712,8.37,13.46,60957,27,2.8798,uuf250-045.cnf,391
luby,391,250,1065,UNSAT,320435,376319,13516885,252,0,320434,9.62,15.27,305960,30,20.3880,uuf250-046.cnf,391
luby,391,250,1065,UNSAT,96476,113656,4175299,91,0,96475,8.43,13.38,89908,36,4.2436,uuf250-047.cnf,391
luby,391,250,1065,UNSAT,40320,47316,1774274,44,0,40319,7.85,12.75,34003,34,1.4653,uuf250-048.cnf,391
luby,391,250,1065,UNSAT,85575,101288,3828561,77,0,85574,8.61,13.98,79655,27,3.6359,uuf250-049.cnf,391
luby,391,250,1065,UNSAT,96045,112835,4074156,91,0,96044,8.57,13.96,89913,31,4.3464,uuf250-05.cnf,391
luby,391,250,1065,UNSAT,146287,172136,6140080,125,0,146286,8.87,14.07,136912,30,7.3857,uuf250-050.cnf,391
luby,391,250,1065,UNSAT,219265,256361,9469031,173,0,219264,9.03,14.37,209162,29,12.2825,uuf250-051.cnf,391
luby,391,250,1065,UNSAT,150042,175302,6299705,125,0,150041,8.76,14.00,143457,32,7.7557,uuf250-052.cnf,391
luby,391,250,1065,UNSAT,225858,265909,9520874,184,0,225857,9.17,14.50,217209,38,12.5952,uuf250-053.cnf,391
luby,391,250,1065,UNSAT,135893,159083,6023278,124,0,135892,8.72,13.98,124261,31,6.5457,uuf250-054.cnf,391
luby,391,250,1065,UNSAT,45736,53309,1922778,49,0,45735,8.12,12.83,40952,36,1.7157,uuf250-055.cnf,391
luby,391,250,1065,UNSAT,110231,129013,4756464,100,0,110230,8.83,14.05,100759,29,5.1015,uuf250-056.cnf,391
luby,391,250,1065,UNSAT,128703,152489,5466061,123,0,128702,8.78,14.35,118160,30,6.1824,uuf250-057.cnf,391
luby,391,250,1065,UNSAT,246605,288969,10582819,189,0,246604,9.03,14.24,233759,33,14.3679,uuf250-058.cnf,391
luby,391,250,1065,UNSAT,54958,64221,2342406,60,0,54957,8.16,12.93,48505,28,2.1550,uuf250-059.cnf,391
luby,391,250,1065,UNSAT,132733,156066,5626698,124,0,132732,8.67,13.93,124257,30,6.5601,uuf250-06.cnf,391
luby,391,250,1065,UNSAT,76537,89945,3279720,65,0,76536,8.31,13.38,70006,29,3.2263,uuf250-060.cnf,391
luby,391,250,1065,UNSAT,293510,342519,12541305,235,0,293509,9.58,14.97,277763,36,18.3254,uuf250-061.cnf,391
luby,391,250,1065,UNSAT,87710,103416,3737773,78,0,87709,8.57,13.61,79656,29,3.7720,uuf250-062.cnf,391
luby,391,250,1065,UNSAT,209110,245007,8950923,163,0,209109,8.83,14.25,201258,30,11.5208,uuf250-063.cnf,391
luby,391,250,1065,UNSAT,179659,209550,7712814,133,0,179658,8.90,14.33,171160,34,9.5193,uuf250-064.cnf,391
luby,391,250,1065,UNSAT,61090,71256,2634525,61,0,61089,8.10,13.16,56662,29,2.4855,uuf250-065.cnf,391
luby,391,250,1065,UNSAT,318927,373502,13679347,252,0,318926,9.10,14.74,305963,33,20.2706,uuf250-066.cnf,391
luby,391,250,1065,UNSAT,144264,170169,6277637,125,0,144263,8.98,14.31,136912,34,7.1710,uuf250-067.cnf,391
luby,391,250,1065,UNSAT,34284,40214,1506291,36,0,34283,7.85,12.51,30753,28,1.1974,uuf250-068.cnf,391
luby,391,250,1065,UNSAT,159633,187347,6708008,126,0,159632,8.79,13.99,150159,27,8.1476,uuf250-069.cnf,391
luby,391,250,1065,UNSAT,143581,167800,6110873,125,0,143580,8.82,14.12,136912,30,7.2738,uuf250-07.cnf,391
luby,391,250,1065,UNSAT,255684,299343,11084619,198,0,255683,9.30,15.02,242265,29,15.3643,uuf250-070.cnf,391
luby,391,250,1065,UNSAT,251840,296448,10616693,192,0,251839,9.42,14.83,242258,33,14.8970,uuf250-071.cnf,391
luby,391,250,1065,UNSAT,151176,176775,6415336,126,0,151175,8.90,14.27,143458,33,7.8148,uuf250-072.cnf,391
luby,391,250,1065,UNSAT,63700,75195,2826051,62,0,63699,8.56,13.85,56653,28,2.5443,uuf250-073.cnf,391
luby,391,250,1065,UNSAT,86748,102189,3653654,77,0,86747,8.41,13.23,79658,27,3.6773,uuf250-074.cnf,391
luby,391,250,1065,UNSAT,169510,199322,7307350,126,0,169509,8.97,14.39,157010,31,8.9545,uuf250-075.cnf,391
luby,391,250,1065,UNSAT,111664,130582,4681223,102,0,111663,8.53,13.46,100757,35,5.1219,uuf250-076.cnf,391
luby,391,250,1065,UNSAT,341069,400054,14653453,253,0,341068,9.34,14.92,325514,30,22.5092,uuf250-077.cnf,391
luby,391,250,1065,UNSAT,164685,193000,7071096,126,0,164684,8.89,14.08,157012,32,8.4304,uuf250-078.cnf,391
luby,391,250,1065,UNSAT,149386,174382,6387368,125,0,149385,8.86,14.18,136908,31,7.6903,uuf250-079.cnf,391
luby,391,250,1065,UNSAT,132301,155387,5559059,124,0,132300,8.73,13.91,124255,28,6.4750,uuf250-08.cnf,391
luby,391,250,1065,UNSAT,164996,192075,6968573,126,0,164995,8.75,13.92,157007,32,8.6364,uuf250-080.cnf,391
luby,391,250,1065,UNSAT,187873,220155,7911339,142,0,187872,8.87,14.03,178458,33,10.0214,uuf250-081.cnf,391
luby,391,250,1065,UNSAT,153632,179267,6570794,126,0,153631,8.92,14.27,143456,28,7.8295,uuf250-082.cnf,391
luby,391,250,1065,UNSAT,67624,79529,2972078,62,0,67623,8.51,13.83,60955,27,2.7993,uuf250-083.cnf,391
luby,391,250,1065,UNSAT,76727,90222,3388729,66,0,76726,8.66,14.03,70002,28,3.2085,uuf250-084.cnf,391
luby,391,250,1065,UNSAT,108547,127040,4617828,98,0,108546,8.59,13.79,100753,31,4.9784,uuf250-085.cnf,391
luby,391,250,1065,UNSAT,107136,125548,4579061,95,0,107135,8.38,13.32,100756,28,4.8464,uuf250-086.cnf,391
luby,391,250,1065,UNSAT,371619,435104,15883886,254,0,371618,9.39,15.01,355969,39,24.8404,uuf250-087.cnf,391
luby,391,250,1065,UNSAT,173273,203330,7310884,126,0,173272,9.17,14.39,164006,27,9.1461,uuf250-088.cnf,391
luby,391,250,1065,UNSAT,151983,177832,6585188,126,0,151982,8.87,14.24,143460,30,7.7908,uuf250-089.cnf,391
luby,391,250,1065,UNSAT,321759,375791,13886401,252,0,321758,9.46,14.96,305964,32,20.6089,uuf250-09.cnf,391
luby,391,250,1065,UNSAT,39083,45890,1654292,43,0,39082,7.93,12.93,34005,32,1.4457,uuf250-090.cnf,391
luby,391,250,1065,UNSAT,149838,176222,6544241,125,0,149837,9.05,14.62,136910,30,7.3961,uuf250-091.cnf,391
luby,391,250,1065,UNSAT,248834,291858,10445081,189,0,248833,9.13,14.46,233752,30,14.8375,uuf250-092.cnf,391
luby,391,250,1065,UNSAT,149572,175697,6348784,125,0,149571,8.84,13.95,136908,29,7.4985,uuf250-093.cnf,391
luby,391,250,1065,UNSAT,116187,136730,4897105,108,0,116186,8.60,13.74,106410,27,5.4725,uuf250-094.cnf,391
luby,391,250,1065,UNSAT,82026,96344,3456674,74,0,82025,8.51,13.30,74756,37,3.4807,uuf250-095.cnf,391
luby,391,250,1065,UNSAT,169289,197199,7211822,126,0,169288,9.05,14.38,157014,28,9.0175,uuf250-096.cnf,391
luby,391,250,1065,UNSAT,83530,97697,3616930,76,0,83529,8.57,13.63,74752,38,3.6091,uuf250-097.cnf,391
luby,391,250,1065,UNSAT,47279,55600,2068924,52,0,47278,8.22,13.06,40952,33,1.8079,uuf250-098.cnf,391
luby,391,250,1065,UNSAT,94807,110972,4020409,90,0,94806,8.41,13.49,84707,33,4.2568,uuf250-099.cnf,391
luby,446,250,1065,UNSAT,148890,176108,6503762,123,0,148889,8.85,14.24,136909,29,7.2525,uuf250-01.cnf,446
luby,446,250,1065,UNSAT,104200,122831,4545906,84,0,104199,8.63,14.02,95254,28,4.6409,uuf250-010.cnf,446
luby,446,250,1065,UNSAT,202421,237579,8500535,131,0,202420,8.96,14.05,193508,32,10.9092,uuf250-0100.cnf,446
luby,446,250,1065,UNSAT,191725,224515,8155729,126,0,191724,8.83,14.14,178457,31,10.3463,uuf250-011.cnf,446
luby,446,250,1065,UNSAT,158645,186110,6798914,125,0,158644,9.14,14.25,150157,28,7.9755,uuf250-012.cnf,446
luby,446,250,1065,UNSAT,143545,167472,5995357,120,0,143544,8.59,13.76,136910,29,7.1750,uuf250-013.cnf,446
luby,446,250,1065,UNSAT,150427,177204,6591767,124,0,150426,8.39,13.94,143460,31,7.5662,uuf250-014.cnf,446
luby,446,250,1065,UNSAT,184097,214746,7807488,126,0,184096,8.95,14.18,171160,38,9.7905,uuf250-015.cnf,446
luby,446,250,1065,UNSAT,86768,101918,3669204,65,0,86767,8.52,13.52,79653,32,3.7605,uuf250-016.cnf,446
luby,446,250,1065,UNSAT,132331,155642,5563137,108,0,132330,8.57,13.82,124257,27,6.3605,uuf250-017.cnf,446
luby,446,250,1065,UNSAT,142149,166898,6160644,118,0,142148,8.98,14.10,130508,29,6.8226,uuf250-018.cnf,446
luby,446,250,1065,UNSAT,139755,162955,6036533,115,0,139754,8.89,14.26,130510,29,7.0269,uuf250-019.cnf,446
luby,446,250,1065,UNSAT,154871,181797,6542213,124,0,154870,8.94,14.20,143455,33,7.9566,uuf250-02.cnf,446
luby,446,250,1065,UNSAT,199610,234792,8377903,126,0,199609,8.90,14.04,185909,28,10.6714,uuf250-020.cnf,446
luby,446,250,1065,UNSAT,246457,287723,10656699,172,0,246456,9.03,14.32,233762,31,14.3190,uuf250-021.cnf,446
luby,446,250,1065,UNSAT,241831,281951,10409829,166,0,241830,9.25,14.55,225412,32,14.1723,uuf250-022.cnf,446
luby,446,250,1065,UNSAT,79209,92294,3382303,62,0,79208,8.73,13.79,70005,34,3.4177,uuf250-023.cnf,446
luby,446,250,1065,UNSAT,83119,97989,3609516,62,0,83118,8.24,13.44,74754,40,3.4713,uuf250-024.cnf,446
luby,446,250,1065,UNSAT,138865,163092,6068797,114,0,138864,8.79,14.02,130505,29,6.8191,uuf250-025.cnf,446
luby,446,250,1065,UNSAT,63841,75337,2779159,60,0,63840,8.26,13.62,56651,28,2.5601,uuf250-026.cnf,446
luby,446,250,1065,UNSAT,157093,182703,6789455,124,0,157092,8.76,14.22,150158,34,8.1791,uuf250-027.cnf,446
luby,446,250,1065,UNSAT,180836,211325,7672381,126,0,180835,9.03,14.37,171155,30,9.7673,uuf250-028.cnf,446
luby,446,250,1065,UNSAT,82101,95916,3546504,62,0,82100,8.38,13.57,74757,28,3.5588,uuf250-029.cnf,446
luby,446,250,1065,UNSAT,154516,180118,6666931,124,0,154515,8.76,14.05,143456,31,8.0299,uuf250-03.cnf,446
luby,446,250,1065,UNSAT,86494,102137,3587855,64,0,86493,8.54,13.42,79651,29,3.6949,uuf250-030.cnf,446
luby,446,250,1065,UNSAT,181934,214510,8050572,126,0,181933,9.07,14.51,171157,37,9.2776,uuf250-031.cnf,446
luby,446,250,1065,UNSAT,132127,153979,5624796,108,0,132126,8.67,13.81,124256,29,6.4659,uuf250-032.cnf,446
luby,446,250,1065,UNSAT,266549,310917,11256658,188,0,266548,9.04,14.30,250912,30,16.3958,uuf250-033.cnf,446
luby,446,250,1065,UNSAT,195451,229450,8430258,126,0,195450,8.94,14.49,185906,31,10.7233,uuf250-034.cnf,446
luby,446,250,1065,UNSAT,196384,230748,8273342,126,0,196383,8.97,14.32,185911,33,10.7501,uuf250-035.cnf,446
luby,446,250,1065,UNSAT,71507,84205,3051285,62,0,71506,8.27,13.43,65403,27,2.9324,uuf250-036.cnf,446
luby,446,250,1065,UNSAT,79210,92297,3327054,62,0,79209,8.33,13.02,70002,33,3.3486,uuf250-037.cnf,446
luby,446,250,1065,UNSAT,41872,49413,1821798,39,0,41871,7.81,12.71,37403,28,1.4996,uuf250-038.cnf,446
luby,446,250,1065,UNSAT,114277,133587,4854246,93,0,114276,8.65,13.59,106404,28,5.2807,uuf250-039.cnf,446
luby,446,250,1065,UNSAT,131948,154890,5566817,107,0,131947,8.63,14.02,124256,29,6.3611,uuf250-04.cnf,446
luby,446,250,1065,UNSAT,43839,51134,1871213,43,0,43838,7.99,12.84,37403,29,1.6130,uuf250-040.cnf,446
luby,446,250,1065,UNSAT,109610,129429,4784926,91,0,109609,8.91,14.28,100757,30,4.9746,uuf250-041.cnf,446
luby,446,250,1065,UNSAT,168480,196689,7190574,125,0,168479,9.01,14.28,157006,29,8.8088,uuf250-042.cnf,446
luby,446,250,1065,UNSAT,191094,223397,8044473,126,0,191093,9.12,14.20,178457,32,10.0828,uuf250-043.cnf,446
luby,446,250,1065,UNSAT,143444,167995,6157421,120,0,143443,8.79,14.10,136906,30,7.1566,uuf250-044.cnf,446
luby,446,250,1065,UNSAT,94450,110597,4048467,75,0,94449,8.42,13.41,84705,27,4.1876,uuf250-045.cnf,446
luby,446,250,1065,UNSAT,286820,337238,12204809,192,0,286819,9.39,15.10,268659,32,17.5343,uuf250-046.cnf,446
luby,446,250,1065,UNSAT,107707,126512,4622694,89,0,107706,8.69,13.78,100757,36,4.9370,uuf250-047.cnf,446
luby,446,250,1065,UNSAT,42538,49566,1876598,40,0,42537,8.03,12.86,37402,34,1.5532,uuf250-048.cnf,446
luby,446,250,1065,UNSAT,93501,109745,4221019,74,0,93500,8.74,14.08,84707,31,4.0945,uuf250-049.cnf,446
luby,446,250,1065,UNSAT,113934,134252,4796935,92,0,113933,8.63,13.78,106407,31,5.2894,uuf250-05.cnf,446
luby,446,250,1065,UNSAT,145589,171032,6134242,122,0,145588,8.88,14.07,136911,29,7.2709,uuf250-050.cnf,446
luby,446,250,1065,UNSAT,215173,251243,9225300,144,0,215172,8.97,14.33,201257,29,12.0480,uuf250-051.cnf,446
luby,446,250,1065,UNSAT,135996,159342,5764872,109,0,135995,8.82,13.96,124255,30,6.7146,uuf250-052.cnf,446
luby,446,250,1065,UNSAT,217695,255713,9163265,147,0,217694,8.99,14.34,209162,38,12.0309,uuf250-053.cnf,446
luby,446,250,1065,UNSAT,135976,158914,6012038,109,0,135975,9.04,14.43,124254,28,6.6170,uuf250-054.cnf,446
luby,446,250,1065,UNSAT,40474,47538,1714113,37,0,40473,7.64,12.43,34004,36,1.4544,uuf250-055.cnf,446
luby,446,250,1065,UNSAT,93403,109461,4037172,74,0,93402,8.72,14.00,84707,29,4.1014,uuf250-056.cnf,446
luby,446,250,1065,UNSAT,156563,184067,6650691,124,0,156562,8.87,14.24,143465,30,8.4423,uuf250-057.cnf,446
luby,446,250,1065,UNSAT,222871,260490,9540335,154,0,222870,9.09,14.33,209160,30,12.6168,uuf250-058.cnf,446
luby,446,250,1065,UNSAT,65192,76327,2760883,61,0,65191,8.49,13.28,56657,28,2.6618,uuf250-059.cnf,446
luby,446,250,1065,UNSAT,125354,147473,5345011,100,0,125353,8.57,13.90,118163,30,6.1025,uuf250-06.cnf,446
luby,446,250,1065,UNSAT,75882,89141,3277721,62,0,75881,8.37,13.45,70010,26,3.1482,uuf250-060.cnf,446
luby,446,250,1065,UNSAT,280761,327939,12050632,189,0,280760,9.49,14.95,268664,36,17.4562,uuf250-061.cnf,446
luby,446,250,1065,UNSAT,89046,105200,3785406,68,0,89045,8.38,13.53,79655,29,3.8217,uuf250-062.cnf,446
luby,446,250,1065,UNSAT,168043,197242,7259539,125,0,168042,8.84,14.31,157008,30,8.7900,uuf250-063.cnf,446
luby,446,250,1065,UNSAT,166934,194748,7203458,125,0,166933,8.93,14.49,157011,34,8.8273,uuf250-064.cnf,446
luby,446,250,1065,UNSAT,80279,93242,3433250,62,0,80278,8.27,13.25,74753,29,3.5314,uuf250-065.cnf,446
luby,446,250,1065,UNSAT,301317,352988,13007197,207,0,301316,9.05,14.78,287012,31,18.7771,uuf250-066.cnf,446
luby,446,250,1065,UNSAT,140231,165553,6136302,115,0,140230,8.96,14.34,130508,34,7.0056,uuf250-067.cnf,446
luby,446,250,1065,UNSAT,32499,37859,1434493,30,0,32498,7.82,12.71,27654,28,1.1200,uuf250-068.cnf,446
luby,446,250,1065,UNSAT,183625,215095,7676953,126,0,183624,8.93,14.11,171163,29,9.9746,uuf250-069.cnf,446
luby,446,250,1065,UNSAT,142980,167047,6054221,119,0,142979,8.97,14.26,130507,30,7.2840,uuf250-07.cnf,446
luby,446,250,1065,UNSAT,252790,296564,10906386,178,0,252789,9.11,14.68,242263,31,14.9869,uuf250-070.cnf,446
luby,446,250,1065,UNSAT,261713,307233,11038676,187,0,261712,9.43,15.07,250911,33,15.7012,uuf250-071.cnf,446
luby,446,250,1065,UNSAT,141052,165226,5996017,116,0,141051,8.73,13.99,130505,33,7.0318,uuf250-072.cnf,446
luby,446,250,1065,UNSAT,75015,88638,3305358,62,0,75014,8.55,13.74,70003,30,3.1091,uuf250-073.cnf,446
luby,446,250,1065,UNSAT,88974,104362,3765955,68,0,88973,8.48,13.40,79655,26,3.7369,uuf250-074.cnf,446
luby,446,250,1065,UNSAT,146186,172957,6321055,122,0,146185,8.91,14.31,136908,29,7.3223,uuf250-075.cnf,446
luby,446,250,1065,UNSAT,109213,127763,4621144,91,0,109212,8.40,13.10,100758,35,4.8860,uuf250-076.cnf,446
luby,446,250,1065,UNSAT,294296,345343,12676903,202,0,294295,9.25,14.86,277757,29,18.3578,uuf250-077.cnf,446
luby,446,250,1065,UNSAT,194988,226702,8315512,126,0,194987,8.86,13.91,185905,32,10.5490,uuf250-078.cnf,446
luby,446,250,1065,UNSAT,139105,162332,5973548,114,0,139104,8.84,14.18,130506,31,7.0783,uuf250-079.cnf,446
luby,446,250,1065,UNSAT,152256,178870,6451244,124,0,152255,8.87,14.09,143457,29,7.8961,uuf250-08.cnf,446
luby,446,250,1065,UNSAT,163465,191103,6902523,125,0,163464,8.91,14.14,150155,32,8.5429,uuf250-080.cnf,446
luby,446,250,1065,UNSAT,194794,227081,8131552,126,0,194793,8.85,13.99,185917,29,10.6570,uuf250-081.cnf,446
luby,446,250,1065,UNSAT,130417,153131,5608434,107,0,130416,8.69,14.16,124256,29,6.3805,uuf250-082.cnf,446
luby,446,250,1065,UNSAT,66271,78256,2886158,61,0,66270,8.45,13.97,60955,27,2.7067,uuf250-083.cnf,446
luby,446,250,1065,UNSAT,89671,105799,3936917,69,0,89670,8.72,13.96,79658,31,3.9493,uuf250-084.cnf,446
luby,446,250,1065,UNSAT,117373,137134,4984032,93,0,117372,8.73,13.88,106406,27,5.5311,uuf250-085.cnf,446
luby,446,250,1065,UNSAT,109599,128415,4641605,91,0,109598,8.49,13.51,100755,28,5.1989,uuf250-086.cnf,446
luby,446,250,1065,UNSAT,398064,464715,17032270,253,0,398063,9.48,15.02,377017,31,27.2929,uuf250-087.cnf,446
luby,446,250,1065,UNSAT,181567,212376,7675945,126,0,181566,9.18,14.47,171163,29,9.8056,uuf250-088.cnf,446
luby,446,250,1065,UNSAT,156193,182569,6718318,124,0,156192,9.12,14.57,143457,30,8.1543,uuf250-089.cnf,446
luby,446,250,1065,UNSAT,309557,361348,13444264,218,0,309556,9.38,14.85,296413,31,19.3594,uuf250-09.cnf,446
luby,446,250,1065,UNSAT,35033,40987,1495906,30,0,35032,7.57,12.31,30753,32,1.2258,uuf250-090.cnf,446
luby,446,250,1065,UNSAT,163439,192285,7083563,125,0,163438,8.92,14.42,150160,30,8.2892,uuf250-091.cnf,446
luby,446,250,1065,UNSAT,227379,266910,9570036,156,0,227378,9.15,14.61,217209,33,13.2058,uuf250-092.cnf,446
luby,446,250,1065,UNSAT,137647,162413,5914798,112,0,137646,8.58,13.74,130506,31,6.6622,uuf250-093.cnf,446
luby,446,250,1065,UNSAT,113115,133221,4754629,92,0,113114,8.48,13.63,106405,28,5.2636,uuf250-094.cnf,446
luby,446,250,1065,UNSAT,78750,92103,3312394,62,0,78749,8.44,13.18,70005,37,3.3088,uuf250-095.cnf,446
luby,446,250,1065,UNSAT,144221,168292,6194760,121,0,144220,8.81,14.15,136909,29,7.3211,uuf250-096.cnf,446
luby,446,250,1065,UNSAT,85766,99978,3761954,63,0,85765,8.51,13.74,79654,38,3.7227,uuf250-097.cnf,446
luby,446,250,1065,UNSAT,48622,57154,2137036,45,0,48621,8.15,13.12,44654,33,1.8463,uuf250-098.cnf,446
luby,446,250,1065,UNSAT,96026,112354,4072376,76,0,96025,8.47,13.45,89906,33,4.2437,uuf250-099.cnf,446
luby,500,250,1065,UNSAT,135736,159062,5964391,93,0,135735,8.89,14.30,124254,31,6.5477,uuf250-01.cnf,500
luby,500,250,1065,UNSAT,110855,129831,4812654,77,0,110854,8.71,14.05,100753,28,5.0134,uuf250-010.cnf,500
luby,500,250,1065,UNSAT,206506,242532,8661523,126,0,206505,9.00,14.16,193510,30,11.2383,uuf250-0100.cnf,500
luby,500,250,1065,UNSAT,201990,236927,8599858,126,0,201989,8.85,14.17,193514,31,11.0428,uuf250-011.cnf,500
luby,500,250,1065,UNSAT,133558,156633,5770049,93,0,133557,8.99,14.17,124260,29,6.5100,uuf250-012.cnf,500
luby,500,250,1065,UNSAT,123045,143577,5181658,91,0,123044,8.54,13.67,112203,30,5.8264,uuf250-013.cnf,500
luby,500,250,1065,UNSAT,168398,197257,7280841,124,0,168397,8.77,14.30,157006,31,8.7623,uuf250-014.cnf,500
luby,500,250,1065,UNSAT,166620,195092,7103952,123,0,166619,8.94,14.29,157010,38,8.5696,uuf250-015.cnf,500
luby,500,250,1065,UNSAT,94051,110197,3940642,62,0,94050,8.42,13.51,84703,35,4.2429,uuf250-016.cnf,500
luby,500,250,1065,UNSAT,172769,202795,7198035,124,0,172768,8.77,14.01,164009,30,9.2646,uuf250-017.cnf,500
luby,500,250,1065,UNSAT,127020,148592,5518502,92,0,127019,8.68,13.68,118157,28,5.8888,uuf250-018.cnf,500
luby,500,250,1065,UNSAT,146577,169728,6296157,107,0,146576,9.01,14.38,136906,31,7.5792,uuf250-019.cnf,500
luby,500,250,1065,UNSAT,163816,192563,6916897,122,0,163815,8.88,14.14,150155,28,8.4785,uuf250-02.cnf,500
luby,500,250,1065,UNSAT,164107,193046,6951347,123,0,164106,8.83,13.94,157005,30,8.2706,uuf250-020.cnf,500
luby,500,250,1065,UNSAT,201341,236610,8810013,126,0,201340,9.07,14.43,193509,31,10.9876,uuf250-021.cnf,500
luby,500,250,1065,UNSAT,191312,223696,8309926,125,0,191311,9.03,14.32,178456,32,10.2413,uuf250-022.cnf,500
luby,500,250,1065,UNSAT,89487,104249,3795151,62,0,89486,8.83,13.84,79653,34,4.0067,uuf250-023.cnf,500
luby,500,250,1065,UNSAT,76376,89979,3323286,61,0,76375,8.17,13.22,70005,40,3.1657,uuf250-024.cnf,500
luby,500,250,1065,UNSAT,127028,148757,5610259,92,0,127027,8.64,13.95,118153,29,6.0929,uuf250-025.cnf,500
luby,500,250,1065,UNSAT,62794,74106,2737620,54,0,62793,8.37,13.84,56653,25,2.5255,uuf250-026.cnf,500
luby,500,250,1065,UNSAT,170584,199271,7379212,124,0,170583,8.91,14.34,157005,29,8.9574,uuf250-027.cnf,500
luby,500,250,1065,UNSAT,153769,180398,6615442,111,0,153768,8.95,14.29,143463,29,8.0046,uuf250-028.cnf,500
luby,500,250,1065,UNSAT,84256,98078,3634685,62,0,84255,8.56,13.79,74756,28,3.7063,uuf250-029.cnf,500
luby,500,250,1065,UNSAT,141914,165497,6116805,100,0,141913,8.75,14.10,130507,32,7.1514,uuf250-03.cnf,500
luby,500,250,1065,UNSAT,79613,93873,3275584,61,0,79612,8.54,13.37,74752,29,3.3938,uuf250-030.cnf,500
luby,500,250,1065,UNSAT,151046,177980,6755853,108,0,151045,8.67,13.95,143457,37,7.3817,uuf250-031.cnf,500
luby,500,250,1065,UNSAT,127257,148397,5410890,92,0,127256,8.64,13.75,118155,29,6.1439,uuf250-032.cnf,500
luby,500,250,1065,UNSAT,207552,243152,8853954,126,0,207551,8.79,13.99,193506,29,11.4921,uuf250-033.cnf,500
luby,500,250,1065,UNSAT,214779,251340,9213935,126,0,214778,8.92,14.38,201257,29,11.9040,uuf250-034.cnf,500
luby,500,250,1065,UNSAT,209867,245842,8854444,126,0,209866,9.04,14.29,201267,30,11.6107,uuf250-035.cnf,500
luby,500,250,1065,UNSAT,79413,93461,3396307,61,0,79412,8.57,13.66,70004,27,3.3960,uuf250-036.cnf,500
luby,500,250,1065,UNSAT,71195,83262,2989917,60,0,71194,8.39,13.16,65406,33,2.9486,uuf250-037.cnf,500
luby,500,250,1065,UNSAT,46019,54248,1974941,37,0,46018,8.15,13.00,40953,28,1.7140,uuf250-038.cnf,500
luby,500,250,1065,UNSAT,100639,118010,4319441,69,0,100638,8.42,13.66,95258,28,4.5523,uuf250-039.cnf,500
luby,500,250,1065,UNSAT,138131,162213,5817871,97,0,138130,8.66,13.97,130509,28,6.7333,uuf250-04.cnf,500
luby,500,250,1065,UNSAT,52412,60793,2226641,45,0,52411,8.29,13.09,48504,29,2.0568,uuf250-040.cnf,500
luby,500,250,1065,UNSAT,113690,133897,4950031,80,0,113689,8.73,14.03,106406,35,5.1959,uuf250-041.cnf,500
luby,500,250,1065,UNSAT,143849,167589,6171608,103,0,143848,8.72,14.06,136909,31,7.1630,uuf250-042.cnf,500
luby,500,250,1065,UNSAT,176721,205685,7535997,125,0,176720,8.98,14.15,164008,30,9.2963,uuf250-043.cnf,500
luby,500,250,1065,UNSAT,119198,139705,5182133,87,0,119197,8.77,14.02,112210,33,5.5805,uuf250-044.cnf,500
luby,500,250,1065,UNSAT,84191,98392,3677966,62,0,84190,8.54,13.56,74758,27,3.6401,uuf250-045.cnf,500
luby,500,250,1065,UNSAT,348971,408644,14696044,219,0,348970,9.50,15.21,335517,30,23.2089,uuf250-046.cnf,500
luby,500,250,1065,UNSAT,95658,112349,4108507,62,0,95657,8.60,13.51,89908,36,4.1923,uuf250-047.cnf,500
luby,500,250,1065,UNSAT,50432,58893,2188932,44,0,50431,8.19,13.16,44653,34,1.9478,uuf250-048.cnf,500
luby,500,250,1065,UNSAT,86453,101852,3899226,62,0,86452,8.85,14.25,79659,28,3.7252,uuf250-049.cnf,500
luby,500,250,1065,UNSAT,102155,120218,4335770,70,0,102154,8.51,13.80,95252,31,4.6576,uuf250-05.cnf,500
luby,500,250,1065,UNSAT,137318,161102,5736344,96,0,137317,8.75,13.94,130505,31,6.8037,uuf250-050.cnf,500
luby,500,250,1065,UNSAT,227126,265103,9719980,132,0,227125,9.00,14.28,217208,30,12.8656,uuf250-051.cnf,500
luby,500,250,1065,UNSAT,142188,165787,6015007,101,0,142187,8.77,13.99,130506,27,7.1078,uuf250-052.cnf,500
luby,500,250,1065,UNSAT,187971,221381,7997559,125,0,187970,8.94,14.26,178456,38,9.8648,uuf250-053.cnf,500
luby,500,250,1065,UNSAT,137882,161209,6093051,96,0,137881,8.73,14.01,130510,28,6.6691,uuf250-054.cnf,500
luby,500,250,1065,UNSAT,48777,57041,2065361,42,0,48776,7.85,12.55,44656,36,1.8445,uuf250-055.cnf,500
luby,500,250,1065,UNSAT,89474,105121,3913688,62,0,89473,8.77,13.98,79659,29,3.8653,uuf250-056.cnf,500
luby,500,250,1065,UNSAT,152947,180425,6504373,110,0,152946,8.83,14.32,143457,32,7.6987,uuf250-057.cnf,500
luby,500,250,1065,UNSAT,231628,269890,9898160,136,0,231627,9.07,14.27,217211,30,13.1477,uuf250-058.cnf,500
luby,500,250,1065,UNSAT,56477,66503,2414112,46,0,56476,8.33,13.31,48504,28,2.2202,uuf250-059.cnf,500
luby,500,250,1065,UNSAT,127434,150513,5419715,92,0,127433,8.76,14.17,118158,30,6.1886,uuf250-06.cnf,500
luby,500,250,1065,UNSAT,73503,86669,3169428,61,0,73502,8.43,13.52,65402,30,3.0753,uuf250-060.cnf,500
luby,500,250,1065,UNSAT,271758,317420,11606020,167,0,271757,9.53,15.01,259710,36,16.4948,uuf250-061.cnf,500
luby,500,250,1065,UNSAT,76414,90516,3244840,61,0,76413,8.33,13.40,70002,30,3.2062,uuf250-062.cnf,500
luby,500,250,1065,UNSAT,146217,171762,6346052,107,0,146216,8.55,13.99,136907,30,7.1687,uuf250-063.cnf,500
luby,500,250,1065,UNSAT,148047,172790,6381977,107,0,148046,8.74,14.10,136909,34,7.5381,uuf250-064.cnf,500
luby,500,250,1065,UNSAT,82483,96142,3521836,62,0,82482,8.38,13.45,74757,29,3.6274,uuf250-065.cnf,500
luby,500,250,1065,UNSAT,363064,423612,15550385,225,0,363063,9.10,14.72,345659,31,24.4598,uuf250-066.cnf,500
luby,500,250,1065,UNSAT,123909,145992,5391023,91,0,123908,8.55,13.86,112207,34,5.8822,uuf250-067.cnf,500
luby,500,250,1065,UNSAT,30609,35638,1351972,29,0,30608,7.80,12.58,24701,28,1.0761,uuf250-068.cnf,500
luby,500,250,1065,UNSAT,185440,216300,7762426,125,0,185439,9.00,14.17,171154,31,10.1868,uuf250-069.cnf,500
luby,500,250,1065,UNSAT,123115,143829,5271524,91,0,123114,8.81,13.98,112205,30,5.9653,uuf250-07.cnf,500
luby,500,250,1065,UNSAT,229578,268542,9978946,133,0,229577,9.04,14.77,217207,33,13.2918,uuf250-070.cnf,500
luby,500,250,1065,UNSAT,253265,297500,10737946,156,0,253264,9.29,14.96,242264,33,15.0212,uuf250-071.cnf,500
luby,500,250,1065,UNSAT,143634,168111,6109823,103,0,143633,8.85,14.25,136908,33,7.3795,uuf250-072.cnf,500
luby,500,250,1065,UNSAT,87880,103480,3849980,62,0,87879,8.74,13.87,79658,30,3.7739,uuf250-073.cnf,500
luby,500,250,1065,UNSAT,106880,124936,4504652,76,0,106879,8.56,13.47,100757,26,4.8156,uuf250-074.cnf,500
luby,500,250,1065,UNSAT,172679,203381,7457234,124,0,172678,9.03,14.54,164006,35,9.0327,uuf250-075.cnf,500
luby,500,250,1065,UNSAT,115348,134491,4853628,83,0,115347,8.65,13.46,106411,35,5.3335,uuf250-076.cnf,500
luby,500,250,1065,UNSAT,279413,328024,12094324,172,0,279412,9.25,14.82,268657,30,16.9931,uuf250-077.cnf,500
luby,500,250,1065,UNSAT,190674,222703,8061140,125,0,190673,9.03,14.16,178463,32,10.2205,uuf250-078.cnf,500
luby,500,250,1065,UNSAT,148784,173922,6342765,108,0,148783,8.80,14.22,136911,31,7.6824,uuf250-079.cnf,500
luby,500,250,1065,UNSAT,114176,133970,4879098,81,0,114175,8.65,13.90,106409,30,5.3625,uuf250-08.cnf,500
luby,500,250,1065,UNSAT,192527,223927,8101598,126,0,192526,8.98,14.13,178460,32,10.6064,uuf250-080.cnf,500
luby,500,250,1065,UNSAT,202063,236314,8439197,126,0,202062,9.04,14.24,193508,29,11.1451,uuf250-081.cnf,500
luby,500,250,1065,UNSAT,131551,153760,5678550,93,0,131550,8.80,14.21,124256,28,6.4546,uuf250-082.cnf,500
luby,500,250,1065,UNSAT,55425,65405,2448435,45,0,55424,8.21,13.33,48502,27,2.1335,uuf250-083.cnf,500
luby,500,250,1065,UNSAT,78453,92193,3438144,61,0,78452,8.49,14.07,70004,31,3.2997,uuf250-084.cnf,500
luby,500,250,1065,UNSAT,119208,139441,5036694,87,0,119207,8.71,13.87,112204,30,5.5833,uuf250-085.cnf,500
luby,500,250,1065,UNSAT,120132,140056,5093413,88,0,120131,8.54,13.42,112204,28,5.6036,uuf250-086.cnf,500
luby,500,250,1065,UNSAT,419380,490039,17844877,253,0,419379,9.28,14.66,398666,33,28.8576,uuf250-087.cnf,500
luby,500,250,1065,UNSAT,161023,188916,6830430,120,0,161022,9.04,14.31,150161,27,8.3030,uuf250-088.cnf,500
luby,500,250,1065,UNSAT,150143,175414,6550069,108,0,150142,9.07,14.63,143461,33,7.7092,uuf250-089.cnf,500
luby,500,250,1065,UNSAT,217943,255159,9641008,126,0,217942,9.15,14.70,209162,32,12.1770,uuf250-09.cnf,500
luby,500,250,1065,UNSAT,33414,39252,1409215,30,0,33413,7.78,12.76,27653,32,1.1744,uuf250-090.cnf,500
luby,500,250,1065,UNSAT,167395,196774,7202205,123,0,167394,9.14,14.57,157010,35,8.5989,uuf250-091.cnf,500
luby,500,250,1065,UNSAT,229932,269116,9676476,133,0,229931,9.10,14.58,217211,29,13.4377,uuf250-092.cnf,500
luby,500,250,1065,UNSAT,136266,159987,5839974,94,0,136265,8.60,13.72,124256,28,6.5473,uuf250-093.cnf,500
luby,500,250,1065,UNSAT,104090,122328,4418029,73,0,104089,8.33,13.45,95258,29,4.7012,uuf250-094.cnf,500
luby,500,250,1065,UNSAT,72831,85478,3056338,61,0,72830,8.34,13.17,65408,37,2.9705,uuf250-095.cnf,500
luby,500,250,1065,UNSAT,162178,188622,6914139,122,0,162177,8.80,14.15,150162,28,8.6511,uuf250-096.cnf,500
luby,500,250,1065,UNSAT,87346,102369,3787013,62,0,87345,8.57,13.74,79659,38,3.8360,uuf250-097.cnf,500
luby,500,250,1065,UNSAT,44432,52083,1950763,37,0,44431,8.05,12.93,37407,33,1.6490,uuf250-098.cnf,500
luby,500,250,1065,UNSAT,103819,120959,4416269,72,0,103818,8.48,13.34,95257,33,4.6499,uuf250-099.cnf,500
luby,600,250,1065,UNSAT,117933,138585,5186593,66,0,117932,8.69,14.07,106410,29,5.5016,uuf250-01.cnf,600
luby,600,250,1065,UNSAT,117605,137786,5129883,65,0,117604,8.71,14.11,106403,28,5.4643,uuf250-010.cnf,600
luby,600,250,1065,UNSAT,209458,245068,8783519,124,0,209457,9.06,14.20,201261,28,11.5557,uuf250-0100.cnf,600
luby,600,250,1065,UNSAT,185792,217483,7872414,113,0,185791,9.02,14.37,178460,30,9.9956,uuf250-011.cnf,600
luby,600,250,1065,UNSAT,133966,156725,5736596,77,0,133965,8.99,14.08,124256,32,6.4614,uuf250-012.cnf,600
luby,600,250,1065,UNSAT,153646,179796,6390430,92,0,153645,8.86,13.94,143458,29,7.7578,uuf250-013.cnf,600
luby,600,250,1065,UNSAT,155132,182430,6739139,93,0,155131,8.48,14.18,143455,31,7.7720,uuf250-014.cnf,600
luby,600,250,1065,UNSAT,180404,210317,7645955,108,0,180403,9.03,14.42,171158,38,9.6652,uuf250-015.cnf,600
luby,600,250,1065,UNSAT,88626,103807,3724891,61,0,88625,8.51,13.52,79657,29,3.8990,uuf250-016.cnf,600
luby,600,250,1065,UNSAT,131557,154753,5500063,77,0,131556,8.25,13.38,124258,26,6.3016,uuf250-017.cnf,600
luby,600,250,1065,UNSAT,148899,173877,6453956,92,0,148898,8.73,13.64,136912,29,7.1162,uuf250-018.cnf,600
luby,600,250,1065,UNSAT,118750,138062,5165301,67,0,118749,8.50,13.87,112210,30,5.6602,uuf250-019.cnf,600
luby,600,250,1065,UNSAT,152397,177871,6441081,92,0,152396,8.75,14.03,143454,28,7.6790,uuf250-02.cnf,600
luby,600,250,1065,UNSAT,208389,244748,8742611,124,0,208388,9.17,14.36,193510,32,11.5486,uuf250-020.cnf,600
luby,600,250,1065,UNSAT,231571,271404,10043361,126,0,231570,8.97,14.32,217209,31,12.9286,uuf250-021.cnf,600
luby,600,250,1065,UNSAT,213009,248222,9231532,125,0,213008,9.16,14.41,201261,32,11.9625,uuf250-022.cnf,600
luby,600,250,1065,UNSAT,74665,87442,3173466,53,0,74664,8.60,13.58,70004,34,3.1733,uuf250-023.cnf,600
luby,600,250,1065,UNSAT,72198,84918,3150858,52,0,72197,8.24,13.35,65404,40,2.8920,uuf250-024.cnf,600
luby,600,250,1065,UNSAT,123620,144665,5417655,71,0,123619,8.77,14.12,112203,29,5.8574,uuf250-025.cnf,600
luby,600,250,1065,UNSAT,63405,74852,2740210,45,0,63404,8.31,13.51,56652,27,2.5026,uuf250-026.cnf,600
luby,600,250,1065,UNSAT,152437,177364,6578019,92,0,152436,8.89,14.31,143458,31,7.7777,uuf250-027.cnf,600
luby,600,250,1065,UNSAT,181152,212217,7710986,108,0,181151,9.02,14.36,171157,31,9.6770,uuf250-028.cnf,600
luby,600,250,1065,UNSAT,82381,96223,3550297,60,0,82380,8.34,13.60,74756,28,3.6162,uuf250-029.cnf,600
luby,600,250,1065,UNSAT,135706,157933,5866067,80,0,135705,8.60,13.91,124256,31,6.7318,uuf250-03.cnf,600
luby,600,250,1065,UNSAT,75408,88843,3157431,54,0,75407,8.51,13.64,70004,29,3.2142,uuf250-030.cnf,600
luby,600,250,1065,UNSAT,184497,217296,8126186,111,0,184496,9.15,14.55,171167,37,9.6714,uuf250-031.cnf,600
luby,600,250,1065,UNSAT,124232,144954,5256380,72,0,124231,8.62,13.73,118152,29,5.9284,uuf250-032.cnf,600
luby,600,250,1065,UNSAT,248203,290869,10467574,126,0,248202,8.93,14.16,233764,29,14.8938,uuf250-033.cnf,600
luby,600,250,1065,UNSAT,202945,237629,8745971,124,0,202944,8.97,14.41,193513,31,11.1624,uuf250-034.cnf,600
luby,600,250,1065,UNSAT,222665,260715,9399154,125,0,222664,9.05,14.22,209160,30,12.4462,uuf250-035.cnf,600
luby,600,250,1065,UNSAT,77423,90944,3300096,56,0,77422,8.34,13.46,70007,28,3.2875,uuf250-036.cnf,600
luby,600,250,1065,UNSAT,67628,79077,2841386,46,0,67627,8.35,13.15,60956,33,2.7215,uuf250-037.cnf,600
luby,600,250,1065,UNSAT,45876,53593,1988026,30,0,45875,7.96,12.75,40952,27,1.6818,uuf250-038.cnf,600
luby,600,250,1065,UNSAT,102757,120187,4382903,62,0,102756,8.32,13.41,95254,28,4.5830,uuf250-039.cnf,600
luby,600,250,1065,UNSAT,165286,193954,6909049,96,0,165285,8.80,14.20,157013,29,8.5815,uuf250-04.cnf,600
luby,600,250,1065,UNSAT,42436,49808,1806873,30,0,42435,8.20,13.03,37403,29,1.5548,uuf250-040.cnf,600
luby,600,250,1065,UNSAT,104445,122698,4612248,62,0,104444,8.83,14.37,95254,32,4.7730,uuf250-041.cnf,600
luby,600,250,1065,UNSAT,150647,174957,6489183,92,0,150646,8.81,14.07,143459,29,7.6331,uuf250-042.cnf,600
luby,600,250,1065,UNSAT,165568,193295,7078459,96,0,165567,9.03,14.32,157013,30,8.6522,uuf250-043.cnf,600
luby,600,250,1065,UNSAT,115691,136121,4984220,63,0,115690,8.66,13.99,106404,33,5.3841,uuf250-044.cnf,600
luby,600,250,1065,UNSAT,69860,82283,3061899,49,0,69859,8.38,13.52,60955,27,2.8519,uuf250-045.cnf,600
luby,600,250,1065,UNSAT,254794,300197,10899279,126,0,254793,9.14,14.83,242264,29,14.8947,uuf250-046.cnf,600
luby,600,250,1065,UNSAT,104960,123488,4465174,62,0,104959,8.56,13.53,95257,36,4.6872,uuf250-047.cnf,600
luby,600,250,1065,UNSAT,41641,48956,1830253,30,0,41640,8.00,12.88,37400,34,1.5322,uuf250-048.cnf,600
luby,600,250,1065,UNSAT,101435,118916,4597920,62,0,101434,8.84,14.29,95260,30,4.5854,uuf250-049.cnf,600
luby,600,250,1065,UNSAT,100894,118488,4282269,62,0,100893,8.36,13.48,95256,31,4.5498,uuf250-05.cnf,600
luby,600,250,1065,UNSAT,149254,174410,6276232,92,0,149253,8.86,14.12,136915,29,7.6223,uuf250-050.cnf,600
luby,600,250,1065,UNSAT,201870,235605,8765622,124,0,201869,9.03,14.60,193506,28,11.1002,uuf250-051.cnf,600
luby,600,250,1065,UNSAT,134048,156344,5673860,77,0,134047,8.63,13.89,124258,27,6.6787,uuf250-052.cnf,600
luby,600,250,1065,UNSAT,202589,237907,8602629,124,0,202588,8.89,14.35,193506,38,10.8885,uuf250-053.cnf,600
luby,600,250,1065,UNSAT,163119,190393,7100653,93,0,163118,8.76,13.89,150157,28,8.2030,uuf250-054.cnf,600
luby,600,250,1065,UNSAT,40297,47202,1701424,30,0,40296,7.73,12.45,34001,36,1.4318,uuf250-055.cnf,600
luby,600,250,1065,UNSAT,91376,107168,3981609,61,0,91375,8.81,14.10,84707,35,4.0245,uuf250-056.cnf,600
luby,600,250,1065,UNSAT,143460,169221,6085281,87,0,143459,8.74,14.36,136911,30,7.0933,uuf250-057.cnf,600
luby,600,250,1065,UNSAT,228684,267212,9777256,125,0,228683,8.95,14.20,217210,30,12.9842,uuf250-058.cnf,600
luby,600,250,1065,UNSAT,58784,68834,2491423,42,0,58783,8.22,12.99,52502,28,2.3127,uuf250-059.cnf,600
luby,600,250,1065,UNSAT,134074,157335,5717425,77,0,134073,8.66,14.05,124255,30,6.6310,uuf250-06.cnf,600
luby,600,250,1065,UNSAT,73279,86139,3168108,52,0,73278,8.35,13.55,65407,26,3.0593,uuf250-060.cnf,600
luby,600,250,1065,UNSAT,252622,295704,10860665,126,0,252621,9.41,14.92,242260,36,15.0976,uuf250-061.cnf,600
luby,600,250,1065,UNSAT,97999,115184,4154402,62,0,97998,8.53,13.79,89905,29,4.4157,uuf250-062.cnf,600
luby,600,250,1065,UNSAT,175817,205766,7561185,107,0,175816,8.61,14.02,164014,28,9.1509,uuf250-063.cnf,600
luby,600,250,1065,UNSAT,132713,155407,5718709,77,0,132712,8.57,14.12,124262,34,6.5121,uuf250-064.cnf,600
luby,600,250,1065,UNSAT,79632,92415,3402162,59,0,79631,8.28,13.33,74755,30,3.4312,uuf250-065.cnf,600
luby,600,250,1065,UNSAT,277422,323295,11970270,136,0,277421,9.04,14.73,259714,32,16.9664,uuf250-066.cnf,600
luby,600,250,1065,UNSAT,153006,180112,6631063,92,0,153005,8.74,14.05,143459,34,7.7077,uuf250-067.cnf,600
luby,600,250,1065,UNSAT,34622,40399,1515897,29,0,34621,8.07,12.80,30752,28,1.2222,uuf250-068.cnf,600
luby,600,250,1065,UNSAT,188440,219788,7869103,115,0,188439,9.01,14.32,178459,29,10.3717,uuf250-069.cnf,600
luby,600,250,1065,UNSAT,142685,166558,6005815,86,0,142684,8.84,14.12,130512,30,7.2457,uuf250-07.cnf,600
luby,600,250,1065,UNSAT,268951,314184,11584182,127,0,268950,9.24,14.94,259712,32,16.5716,uuf250-070.cnf,600
luby,600,250,1065,UNSAT,234257,275125,9896188,126,0,234256,9.29,14.88,225409,33,13.5702,uuf250-071.cnf,600
luby,600,250,1065,UNSAT,113627,133163,4887955,62,0,113626,8.56,13.82,106407,33,5.2493,uuf250-072.cnf,600
luby,600,250,1065,UNSAT,69096,81627,3033156,48,0,69095,8.37,13.71,60955,28,2.8433,uuf250-073.cnf,600
luby,600,250,1065,UNSAT,99042,115892,4149370,62,0,99041,8.37,13.18,89907,27,4.2829,uuf250-074.cnf,600
luby,600,250,1065,UNSAT,155674,183117,6703625,93,0,155673,8.97,14.45,143458,28,7.9797,uuf250-075.cnf,600
luby,600,250,1065,UNSAT,122678,142758,5142833,70,0,122677,8.41,13.33,112205,35,5.8226,uuf250-076.cnf,600
luby,600,250,1065,UNSAT,318780,373145,13782551,160,0,318779,9.31,15.01,305962,28,20.6177,uuf250-077.cnf,600
luby,600,250,1065,UNSAT,176252,204741,7589563,107,0,176251,8.91,13.98,164010,32,9.1683,uuf250-078.cnf,600
luby,600,250,1065,UNSAT,140540,164201,5938676,84,0,140539,8.79,14.19,130511,31,7.0458,uuf250-079.cnf,600
luby,600,250,1065,UNSAT,132502,155547,5635104,77,0,132501,8.77,14.07,124261,28,6.5171,uuf250-08.cnf,600
luby,600,250,1065,UNSAT,170962,199295,7197477,101,0,170961,8.87,14.19,157007,32,9.1581,uuf250-080.cnf,600
luby,600,250,1065,UNSAT,196699,229732,8246452,122,0,196698,8.91,14.16,185908,29,10.8404,uuf250-081.cnf,600
luby,600,250,1065,UNSAT,157181,183042,6732981,93,0,157180,8.92,14.30,150155,28,8.1473,uuf250-082.cnf,600
luby,600,250,1065,UNSAT,61548,72521,2712969,44,0,61547,8.20,13.94,56653,27,2.4894,uuf250-083.cnf,600
luby,600,250,1065,UNSAT,85435,100435,3752153,60,0,85434,8.64,13.89,79654,29,3.6450,uuf250-084.cnf,600
luby,600,250,1065,UNSAT,128351,149641,5395253,76,0,128350,8.65,13.86,118159,27,6.2408,uuf250-085.cnf,600
luby,600,250,1065,UNSAT,99248,115835,4255181,62,0,99247,8.15,13.02,89908,30,4.3107,uuf250-086.cnf,600
luby,600,250,1065,UNSAT,358674,419625,15496976,188,0,358673,9.25,14.88,345661,32,23.2747,uuf250-087.cnf,600
luby,600,250,1065,UNSAT,165897,193783,7033081,97,0,165896,9.07,14.48,157008,33,8.6928,uuf250-088.cnf,600
luby,600,250,1065,UNSAT,155289,181425,6713650,93,0,155288,8.81,14.30,143459,30,8.1001,uuf250-089.cnf,600
luby,600,250,1065,UNSAT,301975,352229,13069667,155,0,301974,9.25,14.76,287017,30,18.6248,uuf250-09.cnf,600
luby,600,250,1065,UNSAT,29578,34459,1248841,26,0,29577,7.83,12.65,24702,32,1.0214,uuf250-090.cnf,600
luby,600,250,1065,UNSAT,141426,165939,6163737,84,0,141425,8.68,14.20,130509,30,6.9147,uuf250-091.cnf,600
luby,600,250,1065,UNSAT,229463,269142,9678334,125,0,229462,8.98,14.36,217207,28,13.3066,uuf250-092.cnf,600
luby,600,250,1065,UNSAT,135726,159816,5785006,80,0,135725,8.66,13.84,124262,28,6.5518,uuf250-093.cnf,600
luby,600,250,1065,UNSAT,100334,117594,4239502,62,0,100333,8.30,13.40,89906,27,4.5162,uuf250-094.cnf,600
luby,600,250,1065,UNSAT,86451,100766,3621956,60,0,86450,8.48,13.09,79659,37,3.6982,uuf250-095.cnf,600
luby,600,250,1065,UNSAT,166656,194093,7160692,98,0,166655,8.79,14.11,157006,28,8.8297,uuf250-096.cnf,600
luby,600,250,1065,UNSAT,81487,95201,3544698,59,0,81486,8.54,13.89,74756,38,3.5905,uuf250-097.cnf,600
luby,600,250,1065,UNSAT,42839,50464,1875842,30,0,42838,7.99,12.98,37403,33,1.5873,uuf250-098.cnf,600
luby,600,250,1065,UNSAT,78644,92049,3338785,58,0,78643,8.15,13.11,70006,33,3.2998,uuf250-099.cnf,600
luby,700,250,1065,UNSAT,139912,163567,6119158,68,0,139911,8.68,13.90,130502,29,6.8881,uuf250-01.cnf,700
luby,700,250,1065,UNSAT,96304,113004,4204211,60,0,96303,8.53,13.98,89908,28,4.1792,uuf250-010.cnf,700
luby,700,250,1065,UNSAT,162315,190262,6857161,83,0,162314,8.59,13.91,150163,30,8.2191,uuf250-0100.cnf,700
luby,700,250,1065,UNSAT,157304,183798,6709174,78,0,157303,8.49,13.68,150161,29,7.8873,uuf250-011.cnf,700
luby,700,250,1065,UNSAT,128620,149966,5544367,62,0,128619,8.71,13.70,118159,28,6.0786,uuf250-012.cnf,700
luby,700,250,1065,UNSAT,135710,158769,5692190,64,0,135709,8.65,13.89,124255,28,6.6292,uuf250-013.cnf,700
luby,700,250,1065,UNSAT,152240,178269,6626153,77,0,152239,8.47,14.04,143453,31,7.6118,uuf250-014.cnf,700
luby,700,250,1065,UNSAT,154085,180841,6542240,77,0,154084,8.87,14.36,143462,38,7.8269,uuf250-015.cnf,700
luby,700,250,1065,UNSAT,91879,107214,3833587,58,0,91878,8.68,13.68,84709,29,4.0984,uuf250-016.cnf,700
luby,700,250,1065,UNSAT,148804,174161,6191540,76,0,148803,8.62,13.89,136913,28,7.5831,uuf250-017.cnf,700
luby,700,250,1065,UNSAT,136043,158983,5892202,65,0,136042,8.64,13.76,124258,29,6.4929,uuf250-018.cnf,700
luby,700,250,1065,UNSAT,130369,151458,5637435,62,0,130368,8.66,14.19,118157,28,6.4618,uuf250-019.cnf,700
luby,700,250,1065,UNSAT,122887,143572,5231671,62,0,122886,8.70,13.97,112209,30,5.8224,uuf250-02.cnf,700
luby,700,250,1065,UNSAT,180461,211798,7601475,93,0,180460,8.89,14.12,171155,28,9.4479,uuf250-020.cnf,700
luby,700,250,1065,UNSAT,195200,229205,8496295,99,0,195199,8.69,14.13,185907,32,10.6682,uuf250-021.cnf,700
luby,700,250,1065,UNSAT,199915,233648,8656027,102,0,199914,9.13,14.47,185905,32,11.0731,uuf250-022.cnf,700
luby,700,250,1065,UNSAT,79947,93350,3384367,48,0,79946,8.37,13.40,74753,34,3.4145,uuf250-023.cnf,700
luby,700,250,1065,UNSAT,92536,108366,3978624,59,0,92535,8.43,13.60,84708,40,3.9841,uuf250-024.cnf,700
luby,700,250,1065,UNSAT,129408,151788,5654143,62,0,129407,8.68,14.02,118155,30,6.2507,uuf250-025.cnf,700
luby,700,250,1065,UNSAT,69007,81203,2995121,43,0,69006,8.50,13.77,60956,29,2.8530,uuf250-026.cnf,700
luby,700,250,1065,UNSAT,190865,222785,8211553,94,0,190864,8.82,14.32,178458,30,10.4387,uuf250-027.cnf,700
luby,700,250,1065,UNSAT,156388,183676,6715529,77,0,156387,8.82,14.23,143460,34,8.0801,uuf250-028.cnf,700
luby,700,250,1065,UNSAT,88906,103209,3820082,55,0,88905,8.35,13.66,79656,28,4.0132,uuf250-029.cnf,700
luby,700,250,1065,UNSAT,132645,155052,5696846,62,0,132644,8.68,14.13,124256,31,6.6700,uuf250-03.cnf,700
luby,700,250,1065,UNSAT,81713,96374,3377225,49,0,81712,8.45,13.47,74755,30,3.5344,uuf250-030.cnf,700
luby,700,250,1065,UNSAT,199080,233658,8758762,101,0,199079,8.99,14.29,185907,37,10.5446,uuf250-031.cnf,700
luby,700,250,1065,UNSAT,117537,136636,4992912,62,0,117536,8.56,13.63,106411,29,5.5065,uuf250-032.cnf,700
luby,700,250,1065,UNSAT,272249,318112,11431440,126,0,272248,9.00,14.35,259711,32,16.5892,uuf250-033.cnf,700
luby,700,250,1065,UNSAT,181332,212652,7839717,93,0,181331,8.86,14.43,171163,29,9.6913,uuf250-034.cnf,700
luby,700,250,1065,UNSAT,215373,251339,9094937,111,0,215372,9.16,14.44,201267,32,11.9763,uuf250-035.cnf,700
luby,700,250,1065,UNSAT,95216,111728,3996998,59,0,95215,8.68,13.89,89906,29,4.3306,uuf250-036.cnf,700
luby,700,250,1065,UNSAT,72405,84294,3061863,44,0,72404,8.19,12.96,65403,33,2.9799,uuf250-037.cnf,700
luby,700,250,1065,UNSAT,46509,54755,2014429,30,0,46508,7.79,12.61,40954,27,1.7159,uuf250-038.cnf,700
luby,700,250,1065,UNSAT,98375,115530,4182433,60,0,98374,8.38,13.61,89906,27,4.4395,uuf250-039.cnf,700
luby,700,250,1065,UNSAT,131000,154068,5495502,62,0,130999,8.63,13.92,124254,30,6.3486,uuf250-04.cnf,700
luby,700,250,1065,UNSAT,40627,47197,1732541,29,0,40626,7.89,12.74,34001,29,1.4497,uuf250-040.cnf,700
luby,700,250,1065,UNSAT,116991,137877,5081835,62,0,116990,8.71,14.12,106405,30,5.4305,uuf250-041.cnf,700
luby,700,250,1065,UNSAT,151553,176612,6479254,77,0,151552,8.76,14.03,143458,29,7.6479,uuf250-042.cnf,700
luby,700,250,1065,UNSAT,170668,198999,7307075,90,0,170667,8.99,14.29,157006,30,8.8222,uuf250-043.cnf,700
luby,700,250,1065,UNSAT,109852,128793,4748333,61,0,109851,8.63,13.94,100757,36,5.1599,uuf250-044.cnf,700
luby,700,250,1065,UNSAT,80956,94961,3519137,48,0,80955,8.30,13.41,74752,27,3.4140,uuf250-045.cnf,700
luby,700,250,1065,UNSAT,296235,347795,12587591,126,0,296234,9.45,15.18,277766,32,18.4249,uuf250-046.cnf,700
luby,700,250,1065,UNSAT,99014,116431,4268825,60,0,99013,8.70,13.83,89907,36,4.4502,uuf250-047.cnf,700
luby,700,250,1065,UNSAT,36564,42640,1604761,28,0,36563,7.86,12.86,30756,34,1.3183,uuf250-048.cnf,700
luby,700,250,1065,UNSAT,96531,113942,4353528,60,0,96530,8.81,14.26,89903,27,4.2335,uuf250-049.cnf,700
luby,700,250,1065,UNSAT,100896,118696,4283994,61,0,100895,8.40,13.69,95254,31,4.5150,uuf250-05.cnf,700
luby,700,250,1065,UNSAT,151899,178366,6323586,77,0,151898,8.88,14.11,143459,29,7.7431,uuf250-050.cnf,700
luby,700,250,1065,UNSAT,188305,219603,8223756,93,0,188304,8.70,14.04,178458,29,9.8867,uuf250-051.cnf,700
luby,700,250,1065,UNSAT,125438,146401,5287406,62,0,125437,8.47,13.75,118156,28,6.1068,uuf250-052.cnf,700
luby,700,250,1065,UNSAT,207150,242814,8793573,107,0,207149,9.06,14.44,193509,38,11.3820,uuf250-053.cnf,700
luby,700,250,1065,UNSAT,130658,152897,5734389,62,0,130657,8.78,14.21,124255,28,6.2627,uuf250-054.cnf,700
luby,700,250,1065,UNSAT,51129,59410,2134705,30,0,51128,8.09,12.90,44652,36,1.9501,uuf250-055.cnf,700
luby,700,250,1065,UNSAT,76935,90908,3303887,45,0,76934,8.49,13.76,70006,30,3.2033,uuf250-056.cnf,700
luby,700,250,1065,UNSAT,122888,145657,5245566,62,0,122887,8.60,14.15,112205,30,5.7680,uuf250-057.cnf,700
luby,700,250,1065,UNSAT,225251,262963,9579251,120,0,225250,9.09,14.27,209166,30,12.6721,uuf250-058.cnf,700
luby,700,250,1065,UNSAT,56853,66349,2421996,32,0,56852,8.19,12.92,52504,28,2.2293,uuf250-059.cnf,700
luby,700,250,1065,UNSAT,141949,166242,6030927,69,0,141948,8.83,14.40,130508,28,7.2677,uuf250-06.cnf,700
luby,700,250,1065,UNSAT,65731,77183,2846271,39,0,65730,7.91,13.03,60954,25,2.6059,uuf250-060.cnf,700
luby,700,250,1065,UNSAT,262690,306789,11285621,125,0,262689,9.14,14.66,250921,36,15.7523,uuf250-061.cnf,700
luby,700,250,1065,UNSAT,80099,94233,3406603,48,0,80098,8.42,13.66,74754,29,3.3911,uuf250-062.cnf,700
luby,700,250,1065,UNSAT,170196,199731,7346858,90,0,170195,8.60,14.21,157010,32,8.6689,uuf250-063.cnf,700
luby,700,250,1065,UNSAT,135904,158596,5890147,65,0,135903,8.62,14.01,124259,34,6.6990,uuf250-064.cnf,700
luby,700,250,1065,UNSAT,68500,79815,2948305,42,0,68499,8.11,13.32,60956,29,2.8700,uuf250-065.cnf,700
luby,700,250,1065,UNSAT,295633,345452,12727599,126,0,295632,9.04,14.70,277757,31,18.3486,uuf250-066.cnf,700
luby,700,250,1065,UNSAT,142041,166677,6190694,69,0,142040,8.87,14.21,130502,34,7.0067,uuf250-067.cnf,700
luby,700,250,1065,UNSAT,34254,39893,1516669,25,0,34253,7.89,12.55,30754,28,1.1901,uuf250-068.cnf,700
luby,700,250,1065,UNSAT,154162,179747,6487745,77,0,154161,8.73,14.06,143458,29,7.9928,uuf250-069.cnf,700
luby,700,250,1065,UNSAT,129207,151335,5502978,62,0,129206,8.75,14.15,118159,34,6.4395,uuf250-07.cnf,700
luby,700,250,1065,UNSAT,230978,269671,9978319,123,0,230977,9.10,14.75,217215,29,13.3142,uuf250-070.cnf,700
luby,700,250,1065,UNSAT,153398,181141,6594832,77,0,153397,9.02,14.77,143462,33,7.7899,uuf250-071.cnf,700
luby,700,250,1065,UNSAT,117606,137714,5022940,62,0,117605,8.67,14.16,106405,33,5.6267,uuf250-072.cnf,700
luby,700,250,1065,UNSAT,63728,75129,2826033,37,0,63727,8.31,13.50,56658,28,2.4890,uuf250-073.cnf,700
luby,700,250,1065,UNSAT,84256,99255,3549905,52,0,84255,8.36,13.20,74752,27,3.5556,uuf250-074.cnf,700
luby,700,250,1065,UNSAT,147788,174200,6393098,75,0,147787,9.05,14.63,136908,31,7.4491,uuf250-075.cnf,700
luby,700,250,1065,UNSAT,118600,137939,4983846,62,0,118599,8.57,13.40,112203,35,5.5099,uuf250-076.cnf,700
luby,700,250,1065,UNSAT,254837,298667,11098822,125,0,254836,9.19,14.85,242264,29,14.9852,uuf250-077.cnf,700
luby,700,250,1065,UNSAT,150089,174307,6430031,76,0,150088,8.80,14.02,143456,32,7.5263,uuf250-078.cnf,700
luby,700,250,1065,UNSAT,125937,147119,5396338,62,0,125936,8.69,14.12,118161,31,6.1603,uuf250-079.cnf,700
luby,700,250,1065,UNSAT,112277,131301,4795187,62,0,112276,8.39,13.63,106406,27,5.1741,uuf250-08.cnf,700
luby,700,250,1065,UNSAT,141061,164992,5973728,69,0,141060,8.72,13.91,130507,32,7.0477,uuf250-080.cnf,700
luby,700,250,1065,UNSAT,165751,194487,6991239,85,0,165750,8.65,13.99,157008,31,8.5832,uuf250-081.cnf,700
luby,700,250,1065,UNSAT,142995,166706,6130798,70,0,142994,8.77,14.09,130505,28,7.0497,uuf250-082.cnf,700
luby,700,250,1065,UNSAT,57571,67649,2534670,33,0,57570,8.19,13.63,52506,28,2.2535,uuf250-083.cnf,700
luby,700,250,1065,UNSAT,75389,88839,3299904,45,0,75388,8.49,13.82,70005,27,3.1456,uuf250-084.cnf,700
luby,700,250,1065,UNSAT,141870,164866,5970967,69,0,141869,8.76,13.91,130510,27,6.9963,uuf250-085.cnf,700
luby,700,250,1065,UNSAT,101858,119090,4337127,61,0,101857,8.39,13.43,95257,28,4.5671,uuf250-086.cnf,700
luby,700,250,1065,UNSAT,303126,354462,13029037,126,0,303125,9.30,14.92,287013,30,18.8474,uuf250-087.cnf,700
luby,700,250,1065,UNSAT,144107,168970,6156506,71,0,144106,8.92,14.18,136911,28,7.1128,uuf250-088.cnf,700
luby,700,250,1065,UNSAT,139818,162884,6062381,68,0,139817,8.80,14.26,130504,31,7.0067,uuf250-089.cnf,700
luby,700,250,1065,UNSAT,274982,319898,11962250,126,0,274981,9.35,14.81,259711,28,16.6290,uuf250-09.cnf,700
luby,700,250,1065,UNSAT,27003,31903,1147419,20,0,27002,7.46,12.60,21902,32,0.9037,uuf250-090.cnf,700
luby,700,250,1065,UNSAT,131559,154678,5731956,62,0,131558,8.58,14.37,124257,30,6.2653,uuf250-091.cnf,700
luby,700,250,1065,UNSAT,231079,270902,9761342,123,0,231078,9.03,14.57,217211,27,13.3427,uuf250-092.cnf,700
luby,700,250,1065,UNSAT,113980,133649,4919887,62,0,113979,8.29,13.51,106408,29,5.2308,uuf250-093.cnf,700
luby,700,250,1065,UNSAT,105342,123194,4493060,61,0,105341,8.59,13.76,95258,28,4.8253,uuf250-094.cnf,700
luby,700,250,1065,UNSAT,58551,68578,2470969,33,0,58550,7.98,12.76,52502,37,2.2654,uuf250-095.cnf,700
luby,700,250,1065,UNSAT,147369,171064,6361063,75,0,147368,8.68,14.06,136907,30,7.4470,uuf250-096.cnf,700
luby,700,250,1065,UNSAT,86370,100913,3732181,52,0,86369,8.52,13.75,79659,38,3.7332,uuf250-097.cnf,700
luby,700,250,1065,UNSAT,50546,59219,2202176,30,0,50545,8.13,13.00,44653,33,1.9285,uuf250-098.cnf,700
luby,700,250,1065,UNSAT,63540,74644,2713671,37,0,63539,8.06,13.06,56656,33,2.5245,uuf250-099.cnf,700
luby,800,250,1065,UNSAT,121712,142512,5352945,61,0,121711,8.70,14.07,112207,32,5.6932,uuf250-01.cnf,800
luby,800,250,1065,UNSAT,117164,137031,5056539,61,0,117163,8.60,13.95,106410,28,5.4194,uuf250-010.cnf,800
luby,800,250,1065,UNSAT,163022,191289,6911311,69,0,163021,8.81,14.07,150162,29,8.2835,uuf250-0100.cnf,800
luby,800,250,1065,UNSAT,163757,192307,6979757,70,0,163756,8.63,13.95,150165,29,8.3550,uuf250-011.cnf,800
luby,800,250,1065,UNSAT,108550,127521,4677684,59,0,108549,8.57,13.68,100758,27,4.8782,uuf250-012.cnf,800
luby,800,250,1065,UNSAT,150691,175919,6308588,62,0,150690,8.62,13.74,143457,27,7.6036,uuf250-013.cnf,800
luby,800,250,1065,UNSAT,148479,173172,6410576,62,0,148478,8.66,14.37,136909,31,7.4662,uuf250-014.cnf,800
luby,800,250,1065,UNSAT,143987,168437,6163997,62,0,143986,8.80,14.18,136909,38,7.1237,uuf250-015.cnf,800
luby,800,250,1065,UNSAT,81102,94896,3407690,44,0,81101,8.44,13.40,74754,29,3.4527,uuf250-016.cnf,800
luby,800,250,1065,UNSAT,141661,165856,5956944,62,0,141660,8.49,13.70,130503,28,7.0605,uuf250-017.cnf,800
luby,800,250,1065,UNSAT,129795,151925,5628775,62,0,129794,8.42,13.46,118159,29,5.9891,uuf250-018.cnf,800
luby,800,250,1065,UNSAT,134819,156250,5811555,62,0,134818,8.83,14.35,124255,28,6.7797,uuf250-019.cnf,800
luby,800,250,1065,UNSAT,139932,163662,5945919,62,0,139931,8.60,13.95,130505,27,6.8765,uuf250-02.cnf,800
luby,800,250,1065,UNSAT,164211,193358,6928294,71,0,164210,8.81,14.18,157006,28,8.3745,uuf250-020.cnf,800
luby,800,250,1065,UNSAT,204494,239008,8841909,92,0,204493,8.89,14.27,193506,31,11.2990,uuf250-021.cnf,800
luby,800,250,1065,UNSAT,205874,239826,8978816,93,0,205873,9.04,14.36,193512,32,11.2837,uuf250-022.cnf,800
luby,800,250,1065,UNSAT,81527,95293,3454421,44,0,81526,8.53,13.63,74759,34,3.5325,uuf250-023.cnf,800
luby,800,250,1065,UNSAT,87756,102646,3786394,45,0,87755,8.33,13.51,79655,40,3.7783,uuf250-024.cnf,800
luby,800,250,1065,UNSAT,136682,160479,5951258,62,0,136681,8.64,14.08,124261,29,6.7133,uuf250-025.cnf,800
luby,800,250,1065,UNSAT,66218,77807,2877177,33,0,66217,8.39,13.60,60953,28,2.6737,uuf250-026.cnf,800
luby,800,250,1065,UNSAT,149267,174023,6455880,62,0,149266,8.58,14.03,136907,30,7.5158,uuf250-027.cnf,800
luby,800,250,1065,UNSAT,142634,167148,6094372,62,0,142633,8.89,14.31,130515,29,7.2425,uuf250-028.cnf,800
luby,800,250,1065,UNSAT,92385,107304,3947962,48,0,92384,8.42,13.70,84704,28,4.1285,uuf250-029.cnf,800
luby,800,250,1065,UNSAT,127512,149169,5504854,61,0,127511,8.81,14.35,118159,31,6.3088,uuf250-03.cnf,800
luby,800,250,1065,UNSAT,82952,97502,3422471,44,0,82951,8.43,13.57,74752,29,3.5581,uuf250-030.cnf,800
luby,800,250,1065,UNSAT,163535,192168,7226855,70,0,163534,8.92,14.42,150157,37,8.1325,uuf250-031.cnf,800
luby,800,250,1065,UNSAT,128751,149910,5463939,62,0,128750,8.66,13.87,118159,29,6.2229,uuf250-032.cnf,800
luby,800,250,1065,UNSAT,204841,239805,8731447,92,0,204840,8.95,14.43,193509,32,11.6912,uuf250-033.cnf,800
luby,800,250,1065,UNSAT,190570,223352,8214856,87,0,190569,8.89,14.40,178458,29,10.2793,uuf250-034.cnf,800
luby,800,250,1065,UNSAT,238169,279004,9952115,108,0,238168,9.14,14.53,225413,30,14.0143,uuf250-035.cnf,800
luby,800,250,1065,UNSAT,71812,84186,3059580,37,0,71811,8.49,13.79,65405,27,3.0025,uuf250-036.cnf,800
luby,800,250,1065,UNSAT,66560,77621,2775554,33,0,66559,8.15,13.01,60957,33,2.6832,uuf250-037.cnf,800
luby,800,250,1065,UNSAT,41841,49345,1810438,28,0,41840,7.89,12.89,37402,27,1.5016,uuf250-038.cnf,800
luby,800,250,1065,UNSAT,104067,121461,4456293,58,0,104066,8.51,13.61,95259,26,4.6956,uuf250-039.cnf,800
luby,800,250,1065,UNSAT,150121,176069,6240717,62,0,150120,8.88,14.21,143454,28,7.5045,uuf250-04.cnf,800
luby,800,250,1065,UNSAT,48485,56138,2059070,29,0,48484,8.09,12.84,44651,29,1.8636,uuf250-040.cnf,800
luby,800,250,1065,UNSAT,96457,114052,4252894,52,0,96456,8.60,14.17,89910,30,4.3293,uuf250-041.cnf,800
luby,800,250,1065,UNSAT,153529,178593,6588066,62,0,153528,8.74,13.95,143458,29,7.8207,uuf250-042.cnf,800
luby,800,250,1065,UNSAT,143906,167851,6150806,62,0,143905,8.75,13.94,136911,30,7.1455,uuf250-043.cnf,800
luby,800,250,1065,UNSAT,107380,125999,4668573,59,0,107379,8.38,13.84,100756,33,4.9537,uuf250-044.cnf,800
luby,800,250,1065,UNSAT,71517,83997,3079269,37,0,71516,8.22,13.36,65406,28,2.9432,uuf250-045.cnf,800
luby,800,250,1065,UNSAT,372553,436563,15658329,138,0,372552,9.46,15.35,355962,31,25.2365,uuf250-046.cnf,800
luby,800,250,1065,UNSAT,103435,121304,4412233,57,0,103434,8.64,13.61,95254,36,4.6922,uuf250-047.cnf,800
luby,800,250,1065,UNSAT,40828,47671,1780238,27,0,40827,7.95,12.85,37400,34,1.5053,uuf250-048.cnf,800
luby,800,250,1065,UNSAT,69904,82178,3169003,36,0,69903,8.18,13.68,65404,28,2.8333,uuf250-049.cnf,800
luby,800,250,1065,UNSAT,103668,121767,4399086,57,0,103667,8.36,13.55,95261,31,4.6386,uuf250-05.cnf,800
luby,800,250,1065,UNSAT,138354,162076,5807749,62,0,138353,8.80,14.09,130509,28,6.9471,uuf250-050.cnf,800
luby,800,250,1065,UNSAT,200543,234239,8625981,92,0,200542,8.94,14.45,185910,30,11.0737,uuf250-051.cnf,800
luby,800,250,1065,UNSAT,128525,150147,5431667,62,0,128524,8.75,14.05,118156,27,6.2443,uuf250-052.cnf,800
luby,800,250,1065,UNSAT,157845,185416,6779187,67,0,157844,8.78,14.33,150158,38,7.9304,uuf250-053.cnf,800
luby,800,250,1065,UNSAT,158671,184822,6935452,68,0,158670,8.79,14.13,150152,30,8.0211,uuf250-054.cnf,800
luby,800,250,1065,UNSAT,44018,51350,1845181,28,0,44017,7.71,12.43,37402,36,1.5996,uuf250-055.cnf,800
luby,800,250,1065,UNSAT,74059,87035,3240789,38,0,74058,8.28,13.60,65403,29,3.0539,uuf250-056.cnf,800
luby,800,250,1065,UNSAT,134053,158360,5691989,62,0,134052,8.81,14.36,124260,33,6.5688,uuf250-057.cnf,800
luby,800,250,1065,UNSAT,222905,259706,9563418,99,0,222904,9.15,14.50,209160,30,12.5365,uuf250-058.cnf,800
luby,800,250,1065,UNSAT,57989,67585,2492148,30,0,57988,8.20,13.18,52503,28,2.2969,uuf250-059.cnf,800
luby,800,250,1065,UNSAT,126549,148831,5382078,61,0,126548,8.68,14.03,118161,29,6.1887,uuf250-06.cnf,800
luby,800,250,1065,UNSAT,76683,89780,3308120,40,0,76682,8.24,13.32,70006,26,3.2706,uuf250-060.cnf,800
luby,800,250,1065,UNSAT,245067,286994,10562713,111,0,245066,9.05,14.53,233767,36,14.2909,uuf250-061.cnf,800
luby,800,250,1065,UNSAT,80031,94510,3403310,44,0,80030,8.41,13.70,74754,29,3.4075,uuf250-062.cnf,800
luby,800,250,1065,UNSAT,174952,204656,7518906,77,0,174951,8.68,14.34,164009,30,9.2658,uuf250-063.cnf,800
luby,800,250,1065,UNSAT,152803,177730,6605038,62,0,152802,8.71,14.14,143455,34,7.8325,uuf250-064.cnf,800
luby,800,250,1065,UNSAT,73909,85898,3195098,38,0,73908,8.24,13.40,65405,29,3.1965,uuf250-065.cnf,800
luby,800,250,1065,UNSAT,317187,370143,13697275,126,0,317186,9.20,15.02,305963,31,20.0279,uuf250-066.cnf,800
luby,800,250,1065,UNSAT,126417,148619,5554593,61,0,126416,8.44,13.83,118155,34,6.0061,uuf250-067.cnf,800
luby,800,250,1065,UNSAT,35623,41420,1557782,22,0,35622,7.75,12.55,30751,28,1.2721,uuf250-068.cnf,800
luby,800,250,1065,UNSAT,161266,188735,6790000,69,0,161265,8.79,14.03,150157,29,8.4615,uuf250-069.cnf,800
luby,800,250,1065,UNSAT,143639,167035,6109364,62,0,143638,8.67,13.91,136903,30,7.2358,uuf250-07.cnf,800
luby,800,250,1065,UNSAT,212680,248952,9260004,93,0,212679,9.04,14.87,201261,31,11.9701,uuf250-070.cnf,800
luby,800,250,1065,UNSAT,206145,242520,8741723,93,0,206144,9.24,14.98,193507,33,11.5794,uuf250-071.cnf,800
luby,800,250,1065,UNSAT,119575,139819,5083658,61,0,119574,8.71,14.06,112207,33,5.7463,uuf250-072.cnf,800
luby,800,250,1065,UNSAT,64682,76123,2856653,31,0,64681,8.38,13.78,56656,28,2.6156,uuf250-073.cnf,800
luby,800,250,1065,UNSAT,93099,109393,3931680,49,0,93098,8.47,13.27,84707,33,3.9671,uuf250-074.cnf,800
luby,800,250,1065,UNSAT,135889,160239,5886415,62,0,135888,8.96,14.62,124254,29,6.6246,uuf250-075.cnf,800
luby,800,250,1065,UNSAT,106293,123607,4519458,59,0,106292,8.37,13.24,100761,35,4.7998,uuf250-076.cnf,800
luby,800,250,1065,UNSAT,323022,377665,13906863,126,0,323021,9.10,14.73,305964,34,20.3245,uuf250-077.cnf,800
luby,800,250,1065,UNSAT,161127,188071,6914777,69,0,161126,8.74,13.96,150157,32,8.2305,uuf250-078.cnf,800
luby,800,250,1065,UNSAT,115674,135451,4959300,61,0,115673,8.75,14.16,106407,31,5.6107,uuf250-079.cnf,800
luby,800,250,1065,UNSAT,134593,157682,5742938,62,0,134592,8.73,13.94,124262,29,6.6372,uuf250-08.cnf,800
luby,800,250,1065,UNSAT,174418,203092,7372787,77,0,174417,8.75,14.06,164009,32,9.1120,uuf250-080.cnf,800
luby,800,250,1065,UNSAT,153437,178638,6517182,62,0,153436,8.76,14.04,143456,29,7.9075,uuf250-081.cnf,800
luby,800,250,1065,UNSAT,154112,179856,6532700,63,0,154111,8.53,13.95,143460,28,7.7858,uuf250-082.cnf,800
luby,800,250,1065,UNSAT,55563,65273,2456466,30,0,55562,8.22,13.75,48506,27,2.2209,uuf250-083.cnf,800
luby,800,250,1065,UNSAT,74989,88183,3304184,39,0,74988,8.50,13.89,70006,30,3.1356,uuf250-084.cnf,800
luby,800,250,1065,UNSAT,111872,130251,4733337,60,0,111871,8.74,13.98,100754,29,5.2313,uuf250-085.cnf,800
luby,800,250,1065,UNSAT,120585,140630,5094063,61,0,120584,8.54,13.59,112205,28,5.6661,uuf250-086.cnf,800
luby,800,250,1065,UNSAT,385670,449815,16485614,143,0,385669,9.32,15.02,366408,32,25.8246,uuf250-087.cnf,800
luby,800,250,1065,UNSAT,152930,179184,6478783,62,0,152929,8.94,14.41,143459,29,7.6824,uuf250-088.cnf,800
luby,800,250,1065,UNSAT,144430,168354,6228379,62,0,144429,8.82,14.25,136910,30,7.3113,uuf250-089.cnf,800
luby,800,250,1065,UNSAT,308768,359992,13418833,126,0,308767,9.16,14.77,296408,35,19.2889,uuf250-09.cnf,800
luby,800,250,1065,UNSAT,34200,39936,1463615,21,0,34199,7.86,12.82,30754,32,1.2354,uuf250-090.cnf,800
luby,800,250,1065,UNSAT,126396,148538,5523589,61,0,126395,8.61,14.29,118158,30,5.9087,uuf250-091.cnf,800
luby,800,250,1065,UNSAT,213312,249945,9040716,93,0,213311,9.18,14.69,201260,29,12.1698,uuf250-092.cnf,800
luby,800,250,1065,UNSAT,123709,145522,5267108,61,0,123708,8.60,13.67,112205,30,5.7720,uuf250-093.cnf,800
luby,800,250,1065,UNSAT,111734,130543,4735821,60,0,111733,8.51,13.61,100752,33,5.2039,uuf250-094.cnf,800
luby,800,250,1065,UNSAT,82360,96119,3463387,44,0,82359,8.38,13.16,74754,37,3.4935,uuf250-095.cnf,800
luby,800,250,1065,UNSAT,135843,158271,5845293,62,0,135842,8.68,14.07,124260,28,6.7014,uuf250-096.cnf,800
luby,800,250,1065,UNSAT,68145,80130,2955695,35,0,68144,8.25,13.67,60955,38,2.7994,uuf250-097.cnf,800
luby,800,250,1065,UNSAT,44095,51332,1922657,28,0,44094,7.97,12.80,37404,33,1.6242,uuf250-098.cnf,800
luby,800,250,1065,UNSAT,84611,98860,3590349,45,0,84610,8.39,13.42,79661,33,3.6885,uuf250-099.cnf,800
luby,900,250,1065,UNSAT,124472,146002,5468506,60,0,124471,8.78,14.13,118154,30,5.7747,uuf250-01.cnf,900
luby,900,250,1065,UNSAT,110946,130486,4822266,52,0,110945,8.54,13.92,100755,28,4.9359,uuf250-010.cnf,900
luby,900,250,1065,UNSAT,177781,208052,7411949,67,0,177780,8.79,14.01,164006,33,9.2395,uuf250-0100.cnf,900
luby,900,250,1065,UNSAT,157810,184739,6794937,62,0,157809,8.60,13.93,150159,30,7.9974,uuf250-011.cnf,900
luby,900,250,1065,UNSAT,130112,152281,5598875,61,0,130111,8.66,13.83,118157,27,6.2166,uuf250-012.cnf,900
luby,900,250,1065,UNSAT,117164,137212,4929256,58,0,117163,8.39,13.52,106409,29,5.4560,uuf250-013.cnf,900
luby,900,250,1065,UNSAT,140484,164014,6107301,61,0,140483,8.43,13.99,130514,31,6.7986,uuf250-014.cnf,900
luby,900,250,1065,UNSAT,151026,175739,6420971,62,0,151025,8.84,14.18,143456,38,7.6456,uuf250-015.cnf,900
luby,900,250,1065,UNSAT,72927,85850,3070411,32,0,72926,8.18,13.28,65406,29,3.0675,uuf250-016.cnf,900
luby,900,250,1065,UNSAT,143449,168103,6044285,61,0,143448,8.49,13.78,136910,31,7.3206,uuf250-017.cnf,900
luby,900,250,1065,UNSAT,145621,170493,6283916,62,0,145620,8.87,13.97,136908,31,7.0545,uuf250-018.cnf,900
luby,900,250,1065,UNSAT,125469,145752,5428009,60,0,125468,8.73,14.20,118157,26,6.1454,uuf250-019.cnf,900
luby,900,250,1065,UNSAT,133135,155676,5671980,61,0,133134,8.64,13.75,124254,32,6.4596,uuf250-02.cnf,900
luby,900,250,1065,UNSAT,184691,216437,7760483,71,0,184690,8.90,14.17,171153,31,9.7739,uuf250-020.cnf,900
luby,900,250,1065,UNSAT,211222,247022,9177884,84,0,211221,8.76,14.06,201263,31,11.4970,uuf250-021.cnf,900
luby,900,250,1065,UNSAT,190685,222063,8261200,75,0,190684,8.99,14.32,178461,32,10.1987,uuf250-022.cnf,900
luby,900,250,1065,UNSAT,72870,85132,3112319,31,0,72869,8.34,13.44,65403,34,3.0401,uuf250-023.cnf,900
luby,900,250,1065,UNSAT,79875,93712,3470418,37,0,79874,8.25,13.49,74761,40,3.3325,uuf250-024.cnf,900
luby,900,250,1065,UNSAT,124136,145838,5411198,60,0,124135,8.83,14.22,118156,28,6.0142,uuf250-025.cnf,900
luby,900,250,1065,UNSAT,63167,74430,2742453,30,0,63166,8.26,13.62,56658,26,2.5121,uuf250-026.cnf,900
luby,900,250,1065,UNSAT,170673,198670,7353109,62,0,170672,8.65,14.14,157012,31,8.8482,uuf250-027.cnf,900
luby,900,250,1065,UNSAT,118907,139194,5126871,59,0,118906,8.62,13.99,112205,30,5.6440,uuf250-028.cnf,900
luby,900,250,1065,UNSAT,81730,95023,3511354,37,0,81729,8.40,13.60,74754,30,3.6103,uuf250-029.cnf,900
luby,900,250,1065,UNSAT,130924,152527,5675039,61,0,130923,8.72,14.19,124257,31,6.3941,uuf250-03.cnf,900
luby,900,250,1065,UNSAT,68439,81209,2841423,30,0,68438,8.13,13.16,60953,29,2.7783,uuf250-030.cnf,900
luby,900,250,1065,UNSAT,157651,185217,6989667,62,0,157650,8.83,14.21,150157,37,7.8110,uuf250-031.cnf,900
luby,900,250,1065,UNSAT,115652,134500,4913141,56,0,115651,8.49,13.58,106406,29,5.3599,uuf250-032.cnf,900
luby,900,250,1065,UNSAT,147234,172937,6343753,62,0,147233,8.43,13.78,136911,27,7.3714,uuf250-033.cnf,900
luby,900,250,1065,UNSAT,180537,211677,7798992,69,0,180536,8.77,14.42,171162,28,9.7131,uuf250-034.cnf,900
luby,900,250,1065,UNSAT,207607,242358,8810555,83,0,207606,8.90,14.28,193509,32,11.5240,uuf250-035.cnf,900
luby,900,250,1065,UNSAT,76731,89892,3272575,35,0,76730,8.37,13.63,70007,27,3.2052,uuf250-036.cnf,900
luby,900,250,1065,UNSAT,71822,83476,3007485,30,0,71821,8.43,13.26,65406,33,2.9669,uuf250-037.cnf,900
luby,900,250,1065,UNSAT,43708,51068,1890664,25,0,43707,7.88,12.82,37401,27,1.5702,uuf250-038.cnf,900
luby,900,250,1065,UNSAT,110732,128944,4693307,52,0,110731,8.54,13.64,100757,26,5.1767,uuf250-039.cnf,900
luby,900,250,1065,UNSAT,91758,108104,3924893,44,0,91757,8.16,13.55,84703,28,3.9361,uuf250-04.cnf,900
luby,900,250,1065,UNSAT,40686,47427,1736314,23,0,40685,7.87,12.72,34003,29,1.4763,uuf250-040.cnf,900
luby,900,250,1065,UNSAT,102221,120303,4510085,47,0,102220,8.79,14.46,95256,37,4.6213,uuf250-041.cnf,900
luby,900,250,1065,UNSAT,138893,161841,5970969,61,0,138892,8.55,13.83,130508,28,6.7557,uuf250-042.cnf,900
luby,900,250,1065,UNSAT,168133,196135,7149387,62,0,168132,8.78,14.07,157006,30,8.6171,uuf250-043.cnf,900
luby,900,250,1065,UNSAT,122323,143314,5248324,59,0,122322,8.71,14.15,112206,33,5.9536,uuf250-044.cnf,900
luby,900,250,1065,UNSAT,82817,97386,3594000,37,0,82816,8.56,13.71,74755,28,3.5299,uuf250-045.cnf,900
luby,900,250,1065,UNSAT,299429,351176,12699616,123,0,299428,9.29,15.19,287017,33,18.8005,uuf250-046.cnf,900
luby,900,250,1065,UNSAT,95126,111606,4085733,45,0,95125,8.40,13.36,89908,36,4.1924,uuf250-047.cnf,900
luby,900,250,1065,UNSAT,46516,54530,2041733,27,0,46515,8.17,13.13,40954,34,1.7700,uuf250-048.cnf,900
luby,900,250,1065,UNSAT,97577,114528,4398544,45,0,97576,8.66,14.06,89910,27,4.3116,uuf250-049.cnf,900
luby,900,250,1065,UNSAT,84008,98624,3603351,39,0,84007,8.36,13.76,74755,31,3.5896,uuf250-05.cnf,900
luby,900,250,1065,UNSAT,124969,146790,5253476,60,0,124968,8.63,13.90,118155,30,6.0024,uuf250-050.cnf,900
luby,900,250,1065,UNSAT,208046,242213,8970332,83,0,208045,8.83,14.27,193511,31,11.4988,uuf250-051.cnf,900
luby,900,250,1065,UNSAT,139529,162261,5873818,61,0,139528,8.65,13.95,130511,31,6.8435,uuf250-052.cnf,900
luby,900,250,1065,UNSAT,185621,217718,7884830,72,0,185620,8.97,14.47,171158,38,9.8418,uuf250-053.cnf,900
luby,900,250,1065,UNSAT,146981,171033,6487091,62,0,146980,8.91,14.32,136906,28,7.2862,uuf250-054.cnf,900
luby,900,250,1065,UNSAT,44288,51555,1876891,26,0,44287,7.96,12.75,37404,36,1.6407,uuf250-055.cnf,900
luby,900,250,1065,UNSAT,88613,104107,3831510,43,0,88612,8.49,13.80,79651,29,3.8531,uuf250-056.cnf,900
luby,900,250,1065,UNSAT,120623,141973,5158218,59,0,120622,8.59,14.13,112208,30,5.6203,uuf250-057.cnf,900
luby,900,250,1065,UNSAT,235337,273645,10061430,93,0,235336,9.00,14.32,225408,30,13.6152,uuf250-058.cnf,900
luby,900,250,1065,UNSAT,50707,59366,2173538,29,0,50706,8.11,13.14,44652,28,1.9230,uuf250-059.cnf,900
luby,900,250,1065,UNSAT,113644,133602,4865802,55,0,113643,8.36,13.82,106410,27,5.3761,uuf250-06.cnf,900
luby,900,250,1065,UNSAT,85075,99222,3676116,40,0,85074,8.24,13.40,79654,26,3.6864,uuf250-060.cnf,900
luby,900,250,1065,UNSAT,221732,259610,9550071,91,0,221731,8.91,14.49,209159,36,12.3709,uuf250-061.cnf,900
luby,900,250,1065,UNSAT,83280,98262,3564545,38,0,83279,8.36,13.56,74758,31,3.5413,uuf250-062.cnf,900
luby,900,250,1065,UNSAT,149227,174794,6440712,62,0,149226,8.46,13.83,136908,31,7.2570,uuf250-063.cnf,900
luby,900,250,1065,UNSAT,177420,205921,7579684,67,0,177419,8.91,14.46,164008,34,9.4790,uuf250-064.cnf,900
luby,900,250,1065,UNSAT,67250,78321,2891202,30,0,67249,8.22,13.41,60953,29,2.7971,uuf250-065.cnf,900
luby,900,250,1065,UNSAT,274838,320144,11847073,110,0,274837,9.05,14.70,259710,33,16.6442,uuf250-066.cnf,900
luby,900,250,1065,UNSAT,119277,139791,5255627,59,0,119276,8.73,14.17,112208,34,5.6278,uuf250-067.cnf,900
luby,900,250,1065,UNSAT,35505,41036,1551885,20,0,35504,7.74,12.41,30757,28,1.2395,uuf250-068.cnf,900
luby,900,250,1065,UNSAT,165258,193037,6953682,62,0,165257,8.63,13.95,157007,30,8.6764,uuf250-069.cnf,900
luby,900,250,1065,UNSAT,138392,161103,5880260,61,0,138391,8.83,14.00,130507,30,6.8759,uuf250-07.cnf,900
luby,900,250,1065,UNSAT,236801,275877,10248451,93,0,236800,9.20,15.00,225413,30,13.7853,uuf250-070.cnf,900
luby,900,250,1065,UNSAT,234849,275114,9911406,93,0,234848,9.19,14.76,225412,33,13.6042,uuf250-071.cnf,900
luby,900,250,1065,UNSAT,149764,174894,6361897,62,0,149763,8.73,13.98,136910,33,7.6268,uuf250-072.cnf,900
luby,900,250,1065,UNSAT,63829,75273,2812588,30,0,63828,8.25,13.63,56653,30,2.5175,uuf250-073.cnf,900
luby,900,250,1065,UNSAT,93908,109671,3965040,45,0,93907,8.32,13.34,84706,27,4.0481,uuf250-074.cnf,900
luby,900,250,1065,UNSAT,116955,137868,5096016,57,0,116954,8.56,14.25,106409,28,5.4150,uuf250-075.cnf,900
luby,900,250,1065,UNSAT,103059,119666,4356552,48,0,103058,8.50,13.49,95253,35,4.7052,uuf250-076.cnf,900
luby,900,250,1065,UNSAT,337546,393617,14537620,125,0,337545,9.24,14.94,325507,34,22.1079,uuf250-077.cnf,900
luby,900,250,1065,UNSAT,140006,163158,6001156,61,0,140005,8.61,13.73,130506,32,6.7455,uuf250-078.cnf,900
luby,900,250,1065,UNSAT,115759,134917,4959476,56,0,115758,8.53,13.98,106404,31,5.5481,uuf250-079.cnf,900
luby,900,250,1065,UNSAT,126091,147204,5350960,60,0,126090,8.70,13.99,118155,30,6.1949,uuf250-08.cnf,900
luby,900,250,1065,UNSAT,157179,182709,6656436,62,0,157178,8.80,14.17,150159,32,8.1138,uuf250-080.cnf,900
luby,900,250,1065,UNSAT,152734,179174,6437826,62,0,152733,8.76,14.08,143461,29,7.6743,uuf250-081.cnf,900
luby,900,250,1065,UNSAT,161780,188050,6890307,62,0,161779,8.83,14.24,150160,28,8.3797,uuf250-082.cnf,900
luby,900,250,1065,UNSAT,61747,72405,2707856,30,0,61746,8.44,13.82,56654,27,2.4771,uuf250-083.cnf,900
luby,900,250,1065,UNSAT,75792,88847,3322546,34,0,75791,8.56,13.86,70004,27,3.1992,uuf250-084.cnf,900
luby,900,250,1065,UNSAT,98012,114755,4171439,45,0,98011,8.36,13.71,89907,29,4.3672,uuf250-085.cnf,900
luby,900,250,1065,UNSAT,102071,119210,4324819,47,0,102070,8.24,13.29,95257,28,4.5754,uuf250-086.cnf,900
luby,900,250,1065,UNSAT,338347,395078,14478118,125,0,338346,9.27,14.87,325518,31,22.0374,uuf250-087.cnf,900
luby,900,250,1065,UNSAT,157883,184622,6703314,62,0,157882,8.87,14.14,150162,28,8.0708,uuf250-088.cnf,900
luby,900,250,1065,UNSAT,148065,171944,6395270,62,0,148064,8.88,14.36,136908,30,7.5738,uuf250-089.cnf,900
luby,900,250,1065,UNSAT,229038,266512,9978580,92,0,229037,8.99,14.67,217213,30,13.0111,uuf250-09.cnf,900
luby,900,250,1065,UNSAT,34513,40449,1464250,20,0,34512,7.66,12.58,30754,32,1.2361,uuf250-090.cnf,900
luby,900,250,1065,UNSAT,152032,178699,6557604,62,0,152031,8.78,14.35,143459,30,7.5470,uuf250-091.cnf,900
luby,900,250,1065,UNSAT,217741,254414,9199840,89,0,217740,9.10,14.63,209157,33,12.5282,uuf250-092.cnf,900
luby,900,250,1065,UNSAT,112886,132682,4907369,54,0,112885,8.24,13.38,106405,30,5.1276,uuf250-093.cnf,900
luby,900,250,1065,UNSAT,93730,110311,4022718,45,0,93729,8.05,13.07,84706,27,4.0613,uuf250-094.cnf,900
luby,900,250,1065,UNSAT,68151,79570,2865016,30,0,68150,8.17,13.03,60953,37,2.7785,uuf250-095.cnf,900
luby,900,250,1065,UNSAT,122698,143368,5290738,60,0,122697,8.64,13.97,112207,28,5.8457,uuf250-096.cnf,900
luby,900,250,1065,UNSAT,69360,80500,3023134,30,0,69359,8.37,13.66,60954,38,2.8302,uuf250-097.cnf,900
luby,900,250,1065,UNSAT,49653,58240,2167826,28,0,49652,8.20,13.14,44653,33,1.8926,uuf250-098.cnf,900
luby,900,250,1065,UNSAT,76975,89792,3289785,35,0,76974,8.25,13.25,70004,33,3.2227,uuf250-099.cnf,900
luby,1000,250,1065,UNSAT,117092,136868,5151559,50,0,117091,8.56,14.03,106411,27,5.3224,uuf250-01.cnf,1000
luby,1000,250,1065,UNSAT,93083,108890,4033479,39,0,93082,8.34,13.72,84704,29,4.0295,uuf250-010.cnf,1000
luby,1000,250,1065,UNSAT,170262,199305,7126930,62,0,170261,8.85,14.10,157003,29,8.6105,uuf250-0100.cnf,1000
luby,1000,250,1065,UNSAT,159943,187490,6879498,61,0,159942,8.65,13.96,150159,29,8.0628,uuf250-011.cnf,1000
luby,1000,250,1065,UNSAT,122458,143260,5263018,52,0,122457,8.54,13.72,112205,27,5.6491,uuf250-012.cnf,1000
luby,1000,250,1065,UNSAT,117108,137049,4911025,50,0,117107,8.47,13.70,106410,31,5.4086,uuf250-013.cnf,1000
luby,1000,250,1065,UNSAT,151487,177211,6570796,61,0,151486,8.48,14.00,143456,31,7.5623,uuf250-014.cnf,1000
luby,1000,250,1065,UNSAT,142382,166544,6086094,60,0,142381,8.95,14.39,130504,38,7.0975,uuf250-015.cnf,1000
luby,1000,250,1065,UNSAT,74652,86820,3176545,30,0,74651,8.18,13.33,70004,29,3.1151,uuf250-016.cnf,1000
luby,1000,250,1065,UNSAT,144627,167946,6083782,61,0,144626,8.67,13.99,136907,28,7.3827,uuf250-017.cnf,1000
luby,1000,250,1065,UNSAT,152633,178074,6663896,61,0,152632,8.75,13.87,143457,32,7.4373,uuf250-018.cnf,1000
luby,1000,250,1065,UNSAT,122275,142222,5307599,52,0,122274,8.59,14.03,112204,29,5.8263,uuf250-019.cnf,1000
luby,1000,250,1065,UNSAT,148923,174023,6316664,61,0,148922,8.75,14.02,136905,28,7.3925,uuf250-02.cnf,1000
luby,1000,250,1065,UNSAT,187024,219693,7860724,62,0,187023,8.91,14.22,178460,28,9.8930,uuf250-020.cnf,1000
luby,1000,250,1065,UNSAT,214556,250878,9315045,76,0,214555,8.80,14.06,201262,31,11.7920,uuf250-021.cnf,1000
luby,1000,250,1065,UNSAT,193979,226007,8456657,64,0,193978,8.88,14.18,185908,32,10.5026,uuf250-022.cnf,1000
luby,1000,250,1065,UNSAT,85092,98659,3634972,35,0,85091,8.47,13.62,79658,34,3.7667,uuf250-023.cnf,1000
luby,1000,250,1065,UNSAT,76893,90250,3321411,30,0,76892,8.24,13.40,70009,40,3.1372,uuf250-024.cnf,1000
luby,1000,250,1065,UNSAT,122908,144184,5348679,52,0,122907,8.56,13.81,112207,32,5.8449,uuf250-025.cnf,1000
luby,1000,250,1065,UNSAT,65250,76550,2823919,30,0,65249,8.48,13.70,56653,25,2.6956,uuf250-026.cnf,1000
luby,1000,250,1065,UNSAT,192815,223906,8235445,63,0,192814,8.83,14.41,178457,33,10.6421,uuf250-027.cnf,1000
luby,1000,250,1065,UNSAT,149739,175100,6452757,61,0,149738,8.82,14.25,136905,29,7.6927,uuf250-028.cnf,1000
luby,1000,250,1065,UNSAT,81681,95245,3512142,32,0,81680,8.34,13.83,74753,28,3.5812,uuf250-029.cnf,1000
luby,1000,250,1065,UNSAT,119610,139042,5201965,51,0,119609,8.54,14.01,112205,31,5.7158,uuf250-03.cnf,1000
luby,1000,250,1065,UNSAT,71649,84109,2982469,30,0,71648,8.34,13.46,65407,29,2.9895,uuf250-030.cnf,1000
luby,1000,250,1065,UNSAT,193420,226725,8509406,64,0,193419,9.00,14.51,185907,37,10.2224,uuf250-031.cnf,1000
luby,1000,250,1065,UNSAT,102877,119581,4414202,44,0,102876,8.63,13.69,95253,30,4.6521,uuf250-032.cnf,1000
luby,1000,250,1065,UNSAT,226024,265022,9594353,79,0,226023,8.88,14.21,217210,29,13.0386,uuf250-033.cnf,1000
luby,1000,250,1065,UNSAT,173057,202640,7477475,62,0,173056,8.95,14.62,164017,29,9.1279,uuf250-034.cnf,1000
luby,1000,250,1065,UNSAT,225956,263810,9453874,79,0,225955,9.01,14.41,217207,31,13.0146,uuf250-035.cnf,1000
luby,1000,250,1065,UNSAT,67373,79056,2898074,30,0,67372,8.54,13.91,60956,27,2.7821,uuf250-036.cnf,1000
luby,1000,250,1065,UNSAT,65465,76194,2759647,30,0,65464,8.26,13.17,60956,33,2.6148,uuf250-037.cnf,1000
luby,1000,250,1065,UNSAT,48218,56409,2076964,25,0,48217,8.10,13.01,40952,29,1.7958,uuf250-038.cnf,1000
luby,1000,250,1065,UNSAT,88740,103949,3811333,37,0,88739,8.26,13.44,79657,26,3.8930,uuf250-039.cnf,1000
luby,1000,250,1065,UNSAT,103115,121241,4382943,44,0,103114,8.35,13.72,95254,28,4.5183,uuf250-04.cnf,1000
luby,1000,250,1065,UNSAT,40205,46768,1717509,21,0,40204,7.90,12.59,34005,29,1.4573,uuf250-040.cnf,1000
luby,1000,250,1065,UNSAT,109740,129430,4789156,45,0,109739,8.70,14.19,100755,30,5.0071,uuf250-041.cnf,1000
luby,1000,250,1065,UNSAT,149880,173551,6394604,61,0,149879,8.58,13.89,136905,30,7.5868,uuf250-042.cnf,1000
luby,1000,250,1065,UNSAT,162646,189218,6943089,62,0,162645,8.83,14.12,150155,30,8.2302,uuf250-043.cnf,1000
luby,1000,250,1065,UNSAT,114676,133717,4970201,48,0,114675,8.46,13.89,106404,33,5.3571,uuf250-044.cnf,1000
luby,1000,250,1065,UNSAT,79159,92737,3392524,30,0,79158,8.31,13.40,70005,27,3.3473,uuf250-045.cnf,1000
luby,1000,250,1065,UNSAT,322165,377627,13661274,121,0,322164,9.41,15.18,305964,34,20.5030,uuf250-046.cnf,1000
luby,1000,250,1065,UNSAT,96891,113831,4168273,41,0,96890,8.43,13.48,89908,36,4.2757,uuf250-047.cnf,1000
luby,1000,250,1065,UNSAT,43586,50946,1901419,21,0,43585,7.96,12.97,37403,34,1.6250,uuf250-048.cnf,1000
luby,1000,250,1065,UNSAT,83881,98796,3788884,33,0,83880,8.44,13.93,74755,28,3.5802,uuf250-049.cnf,1000
luby,1000,250,1065,UNSAT,91848,107706,3900136,37,0,91847,8.40,13.70,84706,31,4.0150,uuf250-05.cnf,1000
luby,1000,250,1065,UNSAT,121037,142352,5080198,52,0,121036,8.41,13.70,112209,32,5.7173,uuf250-050.cnf,1000
luby,1000,250,1065,UNSAT,187955,219176,8157890,62,0,187954,8.84,14.37,178462,30,10.1398,uuf250-051.cnf,1000
luby,1000,250,1065,UNSAT,124384,144715,5252541,53,0,124383,8.52,13.76,118156,28,5.9409,uuf250-052.cnf,1000
luby,1000,250,1065,UNSAT,202059,236723,8525390,69,0,202058,8.98,14.40,193504,38,10.8424,uuf250-053.cnf,1000
luby,1000,250,1065,UNSAT,125125,146408,5548054,54,0,125124,8.78,14.15,118157,27,5.8859,uuf250-054.cnf,1000
luby,1000,250,1065,UNSAT,36734,43095,1556373,18,0,36733,7.69,12.59,30751,36,1.2647,uuf250-055.cnf,1000
luby,1000,250,1065,UNSAT,91443,107275,3932653,37,0,91442,8.67,14.09,84705,29,3.9540,uuf250-056.cnf,1000
luby,1000,250,1065,UNSAT,168842,198323,7169769,62,0,168841,8.74,14.36,157011,30,8.7622,uuf250-057.cnf,1000
luby,1000,250,1065,UNSAT,204215,238370,8787650,70,0,204214,8.93,14.25,193508,30,11.1703,uuf250-058.cnf,1000
luby,1000,250,1065,UNSAT,63435,74158,2691585,29,0,63434,8.08,13.00,56655,28,2.5584,uuf250-059.cnf,1000
luby,1000,250,1065,UNSAT,120305,140670,5159386,52,0,120304,8.73,14.20,112207,34,5.7259,uuf250-06.cnf,1000
luby,1000,250,1065,UNSAT,74316,87291,3200371,30,0,74315,8.24,13.39,65404,28,3.0329,uuf250-060.cnf,1000
luby,1000,250,1065,UNSAT,248354,289533,10653979,92,0,248353,9.12,14.68,233765,36,14.4742,uuf250-061.cnf,1000
luby,1000,250,1065,UNSAT,82641,97061,3534652,33,0,82640,8.45,13.75,74754,29,3.5774,uuf250-062.cnf,1000
luby,1000,250,1065,UNSAT,132598,155490,5769871,59,0,132597,8.54,14.09,124253,28,6.3872,uuf250-063.cnf,1000
luby,1000,250,1065,UNSAT,151388,175947,6544484,61,0,151387,8.70,14.21,143459,34,7.6264,uuf250-064.cnf,1000
luby,1000,250,1065,UNSAT,73389,85381,3159731,30,0,73388,8.15,13.19,65406,29,3.1137,uuf250-065.cnf,1000
luby,1000,250,1065,UNSAT,298452,348798,12895196,108,0,298451,9.03,14.93,287016,33,18.4567,uuf250-066.cnf,1000
luby,1000,250,1065,UNSAT,130537,153596,5684567,58,0,130536,8.73,14.17,124257,34,6.3576,uuf250-067.cnf,1000
luby,1000,250,1065,UNSAT,32447,37712,1423499,15,0,32446,7.74,12.65,27654,28,1.1201,uuf250-068.cnf,1000
luby,1000,250,1065,UNSAT,160937,187799,6733766,62,0,160936,8.88,14.17,150157,28,8.4610,uuf250-069.cnf,1000
luby,1000,250,1065,UNSAT,155066,179791,6567989,61,0,155065,8.99,14.30,143455,31,8.0429,uuf250-07.cnf,1000
luby,1000,250,1065,UNSAT,245988,286303,10623260,91,0,245987,9.15,14.73,233760,31,14.5675,uuf250-070.cnf,1000
luby,1000,250,1065,UNSAT,188990,221649,8040570,62,0,188989,8.99,14.63,178460,33,10.0906,uuf250-071.cnf,1000
luby,1000,250,1065,UNSAT,141830,165313,6053473,60,0,141829,8.63,14.00,130511,33,7.0425,uuf250-072.cnf,1000
luby,1000,250,1065,UNSAT,64480,75823,2841436,30,0,64479,8.40,13.78,56654,28,2.5781,uuf250-073.cnf,1000
luby,1000,250,1065,UNSAT,103020,120387,4326916,44,0,103019,8.46,13.24,95256,27,4.5109,uuf250-074.cnf,1000
luby,1000,250,1065,UNSAT,173056,202972,7389040,62,0,173055,8.93,14.54,164007,32,9.1493,uuf250-075.cnf,1000
luby,1000,250,1065,UNSAT,97760,113775,4124524,42,0,97759,8.29,13.21,89905,35,4.2467,uuf250-076.cnf,1000
luby,1000,250,1065,UNSAT,311327,364032,13426092,114,0,311326,9.25,15.03,296415,37,19.9517,uuf250-077.cnf,1000
luby,1000,250,1065,UNSAT,145779,170436,6277395,61,0,145778,8.58,13.77,136904,32,7.0630,uuf250-078.cnf,1000
luby,1000,250,1065,UNSAT,135839,158355,5766429,59,0,135838,8.79,14.24,124254,31,6.7630,uuf250-079.cnf,1000
luby,1000,250,1065,UNSAT,112682,131133,4803256,46,0,112681,8.60,13.96,106406,30,5.2036,uuf250-08.cnf,1000
luby,1000,250,1065,UNSAT,177853,207483,7500887,62,0,177852,9.04,14.30,164010,32,9.5481,uuf250-080.cnf,1000
luby,1000,250,1065,UNSAT,148687,174021,6264480,61,0,148686,8.59,13.83,136911,31,7.4917,uuf250-081.cnf,1000
luby,1000,250,1065,UNSAT,133600,155947,5700221,59,0,133599,8.58,13.92,124254,31,6.4540,uuf250-082.cnf,1000
luby,1000,250,1065,UNSAT,61776,72369,2717078,29,0,61775,8.46,13.90,56651,27,2.4991,uuf250-083.cnf,1000
luby,1000,250,1065,UNSAT,72520,84981,3201179,30,0,72519,8.40,13.76,65405,28,3.0148,uuf250-084.cnf,1000
luby,1000,250,1065,UNSAT,111529,130290,4711529,45,0,111528,8.57,13.78,100756,29,5.1247,uuf250-085.cnf,1000
luby,1000,250,1065,UNSAT,96375,112198,4087888,41,0,96374,8.23,13.20,89904,30,4.2048,uuf250-086.cnf,1000
luby,1000,250,1065,UNSAT,269390,315892,11671728,93,0,269389,9.00,14.77,259710,30,15.9819,uuf250-087.cnf,1000
luby,1000,250,1065,UNSAT,149404,173855,6366554,61,0,149403,8.86,14.25,136911,31,7.5479,uuf250-088.cnf,1000
luby,1000,250,1065,UNSAT,113005,131886,4952870,46,0,113004,8.63,14.21,106406,30,5.3138,uuf250-089.cnf,1000
luby,1000,250,1065,UNSAT,290216,336755,12661247,106,0,290215,9.24,14.80,277756,31,17.6513,uuf250-09.cnf,1000
luby,1000,250,1065,UNSAT,34174,39957,1451617,17,0,34173,7.68,12.82,30752,32,1.2121,uuf250-090.cnf,1000
luby,1000,250,1065,UNSAT,108510,127933,4755352,45,0,108509,8.40,13.99,100752,31,4.9295,uuf250-091.cnf,1000
luby,1000,250,1065,UNSAT,194847,228742,8231981,65,0,194846,8.88,14.35,185908,31,10.7122,uuf250-092.cnf,1000
luby,1000,250,1065,UNSAT,128032,150239,5468605,55,0,128031,8.38,13.64,118157,30,6.0930,uuf250-093.cnf,1000
luby,1000,250,1065,UNSAT,96007,112120,4111711,40,0,96006,8.33,13.60,89905,27,4.2903,uuf250-094.cnf,1000
luby,1000,250,1065,UNSAT,77338,90340,3228033,30,0,77337,8.25,13.08,70009,37,3.2292,uuf250-095.cnf,1000
luby,1000,250,1065,UNSAT,149251,172957,6421918,61,0,149250,8.78,14.15,136909,28,7.7132,uuf250-096.cnf,1000
luby,1000,250,1065,UNSAT,59437,69501,2611590,29,0,59436,8.05,13.36,52504,38,2.3743,uuf250-097.cnf,1000
luby,1000,250,1065,UNSAT,47570,55493,2063286,24,0,47569,7.85,12.79,40954,33,1.7897,uuf250-098.cnf,1000
luby,1000,250,1065,UNSAT,75473,87887,3214332,30,0,75472,8.14,13.16,70007,33,3.1160,uuf250-099.cnf,1000
luby,1100,250,1065,UNSAT,121525,142765,5368626,45,0,121524,8.76,14.20,112204,26,5.6286,uuf250-01.cnf,1100
luby,1100,250,1065,UNSAT,115937,135795,5030705,45,0,115936,8.51,13.81,106409,28,5.3584,uuf250-010.cnf,1100
luby,1100,250,1065,UNSAT,173319,203240,7362961,61,0,173318,8.89,14.17,164006,30,8.7900,uuf250-0100.cnf,1100
luby,1100,250,1065,UNSAT,152703,179116,6520256,60,0,152702,8.76,14.09,143464,30,7.7199,uuf250-011.cnf,1100
luby,1100,250,1065,UNSAT,123749,144583,5324115,46,0,123748,8.72,13.80,112209,30,5.7842,uuf250-012.cnf,1100
luby,1100,250,1065,UNSAT,113555,132727,4816123,44,0,113554,8.42,13.53,106401,28,5.1865,uuf250-013.cnf,1100
luby,1100,250,1065,UNSAT,163411,191336,7024122,61,0,163410,8.66,14.34,150159,31,8.4399,uuf250-014.cnf,1100
luby,1100,250,1065,UNSAT,159724,185989,6747515,61,0,159723,8.88,14.28,150163,38,8.3007,uuf250-015.cnf,1100
luby,1100,250,1065,UNSAT,88918,104068,3724720,31,0,88917,8.32,13.45,79659,29,3.9086,uuf250-016.cnf,1100
luby,1100,250,1065,UNSAT,147712,173004,6161700,59,0,147711,8.65,14.00,136909,30,7.5409,uuf250-017.cnf,1100
luby,1100,250,1065,UNSAT,129495,151611,5623925,50,0,129494,8.39,13.59,118160,30,6.0502,uuf250-018.cnf,1100
luby,1100,250,1065,UNSAT,123926,143905,5344163,46,0,123925,8.71,14.26,112205,28,5.9460,uuf250-019.cnf,1100
luby,1100,250,1065,UNSAT,138294,161014,5902457,54,0,138293,8.72,14.05,130507,29,6.8119,uuf250-02.cnf,1100
luby,1100,250,1065,UNSAT,169960,200095,7200684,61,0,169959,8.74,14.09,157008,29,8.6770,uuf250-020.cnf,1100
luby,1100,250,1065,UNSAT,190621,223082,8289997,62,0,190620,8.91,14.41,178457,31,10.1493,uuf250-021.cnf,1100
luby,1100,250,1065,UNSAT,200208,233349,8636891,62,0,200207,8.94,14.34,185915,32,10.8709,uuf250-022.cnf,1100
luby,1100,250,1065,UNSAT,74046,86052,3173652,30,0,74045,8.50,13.71,65404,34,3.1340,uuf250-023.cnf,1100
luby,1100,250,1065,UNSAT,75611,88569,3258460,30,0,75610,8.14,13.35,70003,40,3.0837,uuf250-024.cnf,1100
luby,1100,250,1065,UNSAT,110859,129975,4876531,44,0,110858,8.43,13.83,100758,29,5.0039,uuf250-025.cnf,1100
luby,1100,250,1065,UNSAT,57763,67462,2513383,28,0,57762,8.17,13.44,52502,26,2.2471,uuf250-026.cnf,1100
luby,1100,250,1065,UNSAT,150436,174867,6492536,60,0,150435,8.70,14.31,143461,28,7.6416,uuf250-027.cnf,1100
luby,1100,250,1065,UNSAT,153230,178900,6565197,60,0,153229,8.76,14.09,143461,31,7.8579,uuf250-028.cnf,1100
luby,1100,250,1065,UNSAT,88490,102871,3793509,31,0,88489,8.37,13.74,79653,28,3.9791,uuf250-029.cnf,1100
luby,1100,250,1065,UNSAT,134369,156935,5786735,52,0,134368,8.59,14.06,124259,31,6.5927,uuf250-03.cnf,1100
luby,1100,250,1065,UNSAT,70965,83736,2950244,30,0,70964,8.36,13.45,65406,29,2.9272,uuf250-030.cnf,1100
luby,1100,250,1065,UNSAT,170285,199860,7520617,61,0,170284,8.85,14.19,157008,37,8.5215,uuf250-031.cnf,1100
luby,1100,250,1065,UNSAT,123684,144032,5234072,46,0,123683,8.59,13.84,112207,29,5.9068,uuf250-032.cnf,1100
luby,1100,250,1065,UNSAT,219617,256353,9321647,68,0,219616,9.06,14.51,209158,28,12.6055,uuf250-033.cnf,1100
luby,1100,250,1065,UNSAT,193216,226149,8374285,62,0,193215,8.95,14.47,178455,28,10.4197,uuf250-034.cnf,1100
luby,1100,250,1065,UNSAT,203073,238109,8522160,62,0,203072,8.95,14.32,193504,30,11.1612,uuf250-035.cnf,1100
luby,1100,250,1065,UNSAT,85363,99773,3620936,30,0,85362,8.34,13.56,79657,27,3.6808,uuf250-036.cnf,1100
luby,1100,250,1065,UNSAT,57622,67579,2450233,28,0,57621,7.98,12.79,52502,33,2.1995,uuf250-037.cnf,1100
luby,1100,250,1065,UNSAT,45013,52858,1935556,21,0,45012,8.14,13.23,40953,27,1.6664,uuf250-038.cnf,1100
luby,1100,250,1065,UNSAT,102872,119715,4383130,39,0,102871,8.52,13.76,95259,31,4.7056,uuf250-039.cnf,1100
luby,1100,250,1065,UNSAT,145044,169322,6046667,58,0,145043,8.66,13.95,136909,29,7.1931,uuf250-04.cnf,1100
luby,1100,250,1065,UNSAT,41723,48347,1784581,19,0,41722,8.10,12.97,37406,29,1.5216,uuf250-040.cnf,1100
luby,1100,250,1065,UNSAT,99550,117602,4358746,37,0,99549,8.52,14.14,89907,30,4.3841,uuf250-041.cnf,1100
luby,1100,250,1065,UNSAT,126945,148282,5469455,48,0,126944,8.64,13.99,118157,28,6.0706,uuf250-042.cnf,1100
luby,1100,250,1065,UNSAT,158851,185000,6797060,61,0,158850,8.70,13.94,150156,30,8.0659,uuf250-043.cnf,1100
luby,1100,250,1065,UNSAT,112466,131849,4819560,44,0,112465,8.62,13.98,106405,33,5.2055,uuf250-044.cnf,1100
luby,1100,250,1065,UNSAT,68560,80634,2961746,29,0,68559,8.30,13.44,60952,27,2.7572,uuf250-045.cnf,1100
luby,1100,250,1065,UNSAT,266480,313117,11352169,90,0,266479,9.17,14.98,250909,31,15.7205,uuf250-046.cnf,1100
luby,1100,250,1065,UNSAT,96776,113442,4160146,36,0,96775,8.43,13.56,89904,36,4.2848,uuf250-047.cnf,1100
luby,1100,250,1065,UNSAT,41418,48445,1821293,19,0,41417,7.80,12.75,37405,34,1.4806,uuf250-048.cnf,1100
luby,1100,250,1065,UNSAT,72715,85465,3318605,30,0,72714,8.20,13.74,65404,27,2.9693,uuf250-049.cnf,1100
luby,1100,250,1065,UNSAT,90767,106465,3866997,33,0,90766,8.37,13.74,84703,31,3.9812,uuf250-05.cnf,1100
luby,1100,250,1065,UNSAT,134506,157784,5639456,52,0,134505,8.73,14.04,124256,28,6.6084,uuf250-050.cnf,1100
luby,1100,250,1065,UNSAT,193499,225322,8362378,62,0,193498,9.00,14.59,185910,27,10.5556,uuf250-051.cnf,1100
luby,1100,250,1065,UNSAT,143754,167974,6032139,58,0,143753,8.55,13.82,136903,29,7.2775,uuf250-052.cnf,1100
luby,1100,250,1065,UNSAT,162662,191122,6938259,61,0,162661,8.70,14.22,150162,38,8.3186,uuf250-053.cnf,1100
luby,1100,250,1065,UNSAT,120559,140630,5379978,45,0,120558,8.70,14.14,112204,27,5.6612,uuf250-054.cnf,1100
luby,1100,250,1065,UNSAT,41082,47883,1735404,19,0,41081,7.92,12.84,37404,36,1.4970,uuf250-055.cnf,1100
luby,1100,250,1065,UNSAT,99251,116658,4286274,37,0,99250,8.51,13.83,89909,29,4.4133,uuf250-056.cnf,1100
luby,1100,250,1065,UNSAT,109736,129865,4685222,43,0,109735,8.58,14.20,100756,30,4.9829,uuf250-057.cnf,1100
luby,1100,250,1065,UNSAT,234044,272529,10030605,76,0,234043,9.02,14.38,225408,30,13.4966,uuf250-058.cnf,1100
luby,1100,250,1065,UNSAT,51350,60060,2195448,24,0,51349,8.24,13.33,44654,28,1.9824,uuf250-059.cnf,1100
luby,1100,250,1065,UNSAT,124586,146309,5318775,47,0,124585,8.62,14.11,118152,28,6.1348,uuf250-06.cnf,1100
luby,1100,250,1065,UNSAT,75423,88593,3221774,30,0,75422,8.26,13.44,70006,26,3.1841,uuf250-060.cnf,1100
luby,1100,250,1065,UNSAT,235195,273954,10073677,76,0,235194,9.07,14.74,225415,36,13.6445,uuf250-061.cnf,1100
luby,1100,250,1065,UNSAT,89394,105356,3799492,32,0,89393,8.39,13.52,79657,29,3.8572,uuf250-062.cnf,1100
luby,1100,250,1065,UNSAT,144512,170133,6267669,58,0,144511,8.57,14.19,136904,32,7.1743,uuf250-063.cnf,1100
luby,1100,250,1065,UNSAT,141331,164610,6108249,56,0,141330,8.49,14.15,130505,34,7.0279,uuf250-064.cnf,1100
luby,1100,250,1065,UNSAT,69833,80904,3010602,29,0,69832,8.25,13.41,60955,29,2.9709,uuf250-065.cnf,1100
luby,1100,250,1065,UNSAT,291527,340335,12578488,93,0,291526,8.98,14.72,277765,31,17.9119,uuf250-066.cnf,1100
luby,1100,250,1065,UNSAT,123804,146053,5392997,46,0,123803,8.65,14.03,112207,34,5.8389,uuf250-067.cnf,1100
luby,1100,250,1065,UNSAT,34503,40309,1496841,14,0,34502,7.68,12.50,30751,28,1.2010,uuf250-068.cnf,1100
luby,1100,250,1065,UNSAT,162693,190471,6834598,61,0,162692,8.79,14.16,150159,27,8.5393,uuf250-069.cnf,1100
luby,1100,250,1065,UNSAT,124205,144763,5286106,46,0,124204,8.74,14.04,118155,30,6.0445,uuf250-07.cnf,1100
luby,1100,250,1065,UNSAT,184610,215472,8062189,62,0,184609,9.04,14.86,171156,38,10.0312,uuf250-070.cnf,1100
luby,1100,250,1065,UNSAT,214849,251104,9106306,65,0,214848,9.20,14.83,201261,33,12.1577,uuf250-071.cnf,1100
luby,1100,250,1065,UNSAT,128122,149387,5462498,49,0,128121,8.54,14.05,118159,33,6.2823,uuf250-072.cnf,1100
luby,1100,250,1065,UNSAT,61961,73106,2744428,29,0,61960,8.34,13.75,56655,30,2.4787,uuf250-073.cnf,1100
luby,1100,250,1065,UNSAT,93983,109948,3975643,35,0,93982,8.43,13.42,84706,33,4.0748,uuf250-074.cnf,1100
luby,1100,250,1065,UNSAT,124016,146184,5379502,46,0,124015,8.61,14.17,112205,28,5.8181,uuf250-075.cnf,1100
luby,1100,250,1065,UNSAT,101158,117757,4290795,37,0,101157,8.36,13.41,95258,35,4.5484,uuf250-076.cnf,1100
luby,1100,250,1065,UNSAT,238545,279590,10376431,77,0,238544,8.85,14.54,225407,30,13.7330,uuf250-077.cnf,1100
luby,1100,250,1065,UNSAT,150188,174400,6408814,60,0,150187,8.90,14.19,143458,32,7.6410,uuf250-078.cnf,1100
luby,1100,250,1065,UNSAT,118976,138857,5063664,45,0,118975,8.69,14.04,112205,31,5.7247,uuf250-079.cnf,1100
luby,1100,250,1065,UNSAT,131124,152682,5531301,51,0,131123,8.67,13.94,124258,28,6.4198,uuf250-08.cnf,1100
luby,1100,250,1065,UNSAT,146263,170533,6240860,59,0,146262,8.50,14.02,136909,32,7.3786,uuf250-080.cnf,1100
luby,1100,250,1065,UNSAT,168208,196365,7122490,61,0,168207,8.64,13.94,157011,31,8.6508,uuf250-081.cnf,1100
luby,1100,250,1065,UNSAT,134144,156902,5771501,52,0,134143,8.63,14.00,124259,30,6.5081,uuf250-082.cnf,1100
luby,1100,250,1065,UNSAT,55985,65505,2470795,27,0,55984,8.11,13.60,48502,27,2.2087,uuf250-083.cnf,1100
luby,1100,250,1065,UNSAT,74873,88146,3303088,30,0,74872,8.55,13.93,70003,29,3.0860,uuf250-084.cnf,1100
luby,1100,250,1065,UNSAT,132334,154248,5542066,52,0,132333,8.59,13.88,124260,28,6.4297,uuf250-085.cnf,1100
luby,1100,250,1065,UNSAT,116010,134680,4908909,45,0,116009,8.32,13.35,106409,28,5.3644,uuf250-086.cnf,1100
luby,1100,250,1065,UNSAT,302200,353021,13006831,96,0,302199,9.07,14.76,287016,29,18.4742,uuf250-087.cnf,1100
luby,1100,250,1065,UNSAT,136547,159573,5815685,53,0,136546,8.70,14.21,124260,29,6.6999,uuf250-088.cnf,1100
luby,1100,250,1065,UNSAT,154288,179851,6650266,60,0,154287,8.84,14.47,143463,30,7.8804,uuf250-089.cnf,1100
luby,1100,250,1065,UNSAT,267077,310899,11622148,90,0,267076,8.99,14.54,250910,32,15.8121,uuf250-09.cnf,1100
luby,1100,250,1065,UNSAT,28859,33970,1231389,14,0,28858,7.61,12.88,24702,32,0.9735,uuf250-090.cnf,1100
luby,1100,250,1065,UNSAT,125289,147647,5461941,47,0,125288,8.63,14.15,118159,30,5.9224,uuf250-091.cnf,1100
luby,1100,250,1065,UNSAT,211761,246934,8992313,63,0,211760,9.05,14.60,201264,29,12.0021,uuf250-092.cnf,1100
luby,1100,250,1065,UNSAT,108259,127444,4677858,43,0,108258,8.35,13.54,100757,29,4.9062,uuf250-093.cnf,1100
luby,1100,250,1065,UNSAT,104459,122453,4427629,40,0,104458,8.41,13.52,95259,30,4.7153,uuf250-094.cnf,1100
luby,1100,250,1065,UNSAT,86227,99955,3609382,30,0,86226,8.39,13.14,79657,37,3.6620,uuf250-095.cnf,1100
luby,1100,250,1065,UNSAT,134507,156141,5822106,52,0,134506,8.57,14.16,124258,28,6.7047,uuf250-096.cnf,1100
luby,1100,250,1065,UNSAT,67967,79476,2968411,29,0,67966,8.33,13.69,60956,38,2.7712,uuf250-097.cnf,1100
luby,1100,250,1065,UNSAT,45968,53602,2003269,21,0,45967,8.10,13.09,40953,33,1.7505,uuf250-098.cnf,1100
luby,1100,250,1065,UNSAT,71333,83300,3076615,30,0,71332,8.02,13.16,65404,33,2.9091,uuf250-099.cnf,1100
luby,1200,250,1065,UNSAT,137493,160490,6016516,48,0,137492,8.77,14.09,130510,31,6.6179,uuf250-01.cnf,1200
luby,1200,250,1065,UNSAT,92810,108902,4069026,30,0,92809,8.21,13.64,84708,28,3.9635,uuf250-010.cnf,1200
luby,1200,250,1065,UNSAT,206505,240934,8680787,62,0,206504,8.85,14.16,193505,29,11.1974,uuf250-0100.cnf,1200
luby,1200,250,1065,UNSAT,144906,169577,6215165,52,0,144905,8.51,13.90,136906,29,7.1070,uuf250-011.cnf,1200
luby,1200,250,1065,UNSAT,119173,139609,5174867,43,0,119172,8.77,14.04,112206,30,5.4745,uuf250-012.cnf,1200
luby,1200,250,1065,UNSAT,107710,125643,4562125,37,0,107709,8.43,13.73,100761,27,4.9074,uuf250-013.cnf,1200
luby,1200,250,1065,UNSAT,175941,205531,7543919,61,0,175940,8.74,14.46,164005,31,9.3803,uuf250-014.cnf,1200
luby,1200,250,1065,UNSAT,121691,142045,5227038,44,0,121690,8.66,14.09,112205,38,5.6585,uuf250-015.cnf,1200
luby,1200,250,1065,UNSAT,77190,90134,3260732,30,0,77189,8.13,13.09,70008,29,3.2159,uuf250-016.cnf,1200
luby,1200,250,1065,UNSAT,122402,143285,5171218,44,0,122401,8.55,13.85,112209,30,5.8585,uuf250-017.cnf,1200
luby,1200,250,1065,UNSAT,157571,184020,6791969,58,0,157570,9.00,14.25,150153,32,7.8840,uuf250-018.cnf,1200
luby,1200,250,1065,UNSAT,111037,128626,4817398,38,0,111036,8.55,14.01,100758,26,5.1623,uuf250-019.cnf,1200
luby,1200,250,1065,UNSAT,133674,156084,5680831,45,0,133673,8.75,14.13,124256,32,6.5513,uuf250-02.cnf,1200
luby,1200,250,1065,UNSAT,205264,240243,8618953,62,0,205263,8.85,14.17,193510,28,11.0166,uuf250-020.cnf,1200
luby,1200,250,1065,UNSAT,187024,219238,8118440,61,0,187023,8.86,14.26,178460,31,9.9798,uuf250-021.cnf,1200
luby,1200,250,1065,UNSAT,206024,239633,8961359,62,0,206023,9.04,14.34,193512,32,11.1870,uuf250-022.cnf,1200
luby,1200,250,1065,UNSAT,77814,90652,3299676,30,0,77813,8.47,13.73,70004,34,3.3510,uuf250-023.cnf,1200
luby,1200,250,1065,UNSAT,79667,94044,3472788,30,0,79666,8.24,13.53,74758,40,3.2869,uuf250-024.cnf,1200
luby,1200,250,1065,UNSAT,118490,138078,5219536,43,0,118489,8.55,13.87,112213,28,5.4679,uuf250-025.cnf,1200
luby,1200,250,1065,UNSAT,53803,63356,2333943,22,0,53802,8.08,13.57,48509,28,2.0751,uuf250-026.cnf,1200
luby,1200,250,1065,UNSAT,153203,178624,6632032,55,0,153202,8.63,14.12,143460,30,7.7538,uuf250-027.cnf,1200
luby,1200,250,1065,UNSAT,137892,161342,5932031,48,0,137891,8.73,14.15,130506,29,6.8536,uuf250-028.cnf,1200
luby,1200,250,1065,UNSAT,75136,87426,3260035,29,0,75135,7.95,13.17,70010,28,3.1332,uuf250-029.cnf,1200
luby,1200,250,1065,UNSAT,102790,119737,4490577,35,0,102789,8.37,13.84,95257,31,4.6622,uuf250-03.cnf,1200
luby,1200,250,1065,UNSAT,83718,98360,3469447,30,0,83717,8.44,13.37,74756,29,3.5810,uuf250-030.cnf,1200
luby,1200,250,1065,UNSAT,177118,208820,7810188,61,0,177117,9.14,14.68,164007,37,9.1006,uuf250-031.cnf,1200
luby,1200,250,1065,UNSAT,129117,150130,5506826,45,0,129116,8.56,13.59,118155,29,6.0975,uuf250-032.cnf,1200
luby,1200,250,1065,UNSAT,218030,253618,9203950,62,0,218029,8.92,14.21,209159,32,12.7047,uuf250-033.cnf,1200
luby,1200,250,1065,UNSAT,201332,235564,8675864,62,0,201331,9.01,14.64,193505,28,11.1260,uuf250-034.cnf,1200
luby,1200,250,1065,UNSAT,199473,233032,8441327,62,0,199472,8.84,14.22,185909,31,10.8687,uuf250-035.cnf,1200
luby,1200,250,1065,UNSAT,74122,86996,3147887,29,0,74121,8.50,13.86,65410,30,3.1142,uuf250-036.cnf,1200
luby,1200,250,1065,UNSAT,69035,80454,2909524,29,0,69034,8.17,13.08,60952,33,2.7916,uuf250-037.cnf,1200
luby,1200,250,1065,UNSAT,42232,49746,1831211,17,0,42231,7.79,12.79,37403,27,1.5020,uuf250-038.cnf,1200
luby,1200,250,1065,UNSAT,100349,117012,4266005,33,0,100348,8.36,13.48,89904,28,4.4658,uuf250-039.cnf,1200
luby,1200,250,1065,UNSAT,116859,137004,4907808,42,0,116858,8.38,13.75,106406,28,5.4199,uuf250-04.cnf,1200
luby,1200,250,1065,UNSAT,45474,52656,1918210,19,0,45473,7.98,12.77,40952,29,1.6944,uuf250-040.cnf,1200
luby,1200,250,1065,UNSAT,84475,99579,3726316,30,0,84474,8.52,14.11,74762,30,3.5820,uuf250-041.cnf,1200
luby,1200,250,1065,UNSAT,116639,136187,5036716,42,0,116638,8.41,13.67,106403,29,5.4251,uuf250-042.cnf,1200
luby,1200,250,1065,UNSAT,146308,171013,6271848,52,0,146307,8.56,13.90,136912,30,7.2757,uuf250-043.cnf,1200
luby,1200,250,1065,UNSAT,113003,132100,4873955,40,0,113002,8.83,14.36,106405,33,5.3976,uuf250-044.cnf,1200
luby,1200,250,1065,UNSAT,69544,81636,3011724,29,0,69543,8.24,13.50,60957,27,2.8355,uuf250-045.cnf,1200
luby,1200,250,1065,UNSAT,282026,330137,12061123,84,0,282025,9.15,14.87,268659,29,17.0250,uuf250-046.cnf,1200
luby,1200,250,1065,UNSAT,88774,104555,3795146,30,0,88773,8.25,13.32,79654,36,3.7747,uuf250-047.cnf,1200
luby,1200,250,1065,UNSAT,40156,46841,1764657,16,0,40155,7.71,12.85,34005,34,1.4479,uuf250-048.cnf,1200
luby,1200,250,1065,UNSAT,80313,94082,3641506,30,0,80312,8.46,13.99,74755,29,3.3713,uuf250-049.cnf,1200
luby,1200,250,1065,UNSAT,93591,109662,3985443,30,0,93590,8.24,13.41,84703,31,4.0858,uuf250-05.cnf,1200
luby,1200,250,1065,UNSAT,131536,154144,5546329,45,0,131535,8.48,13.84,124256,29,6.3872,uuf250-050.cnf,1200
luby,1200,250,1065,UNSAT,180920,211104,7847772,61,0,180919,8.93,14.45,171165,30,9.5508,uuf250-051.cnf,1200
luby,1200,250,1065,UNSAT,112727,131479,4766397,39,0,112726,8.65,14.00,106407,27,5.2905,uuf250-052.cnf,1200
luby,1200,250,1065,UNSAT,165582,194724,7045716,60,0,165581,8.56,14.05,157007,38,8.3385,uuf250-053.cnf,1200
luby,1200,250,1065,UNSAT,125776,145955,5627140,45,0,125775,8.75,14.19,118158,30,5.8805,uuf250-054.cnf,1200
luby,1200,250,1065,UNSAT,42491,49294,1792676,17,0,42490,7.75,12.57,37411,36,1.5424,uuf250-055.cnf,1200
luby,1200,250,1065,UNSAT,83273,97356,3625024,30,0,83272,8.61,13.91,74761,29,3.5335,uuf250-056.cnf,1200
luby,1200,250,1065,UNSAT,124903,147077,5376968,45,0,124902,8.52,14.14,118158,31,5.8921,uuf250-057.cnf,1200
luby,1200,250,1065,UNSAT,197452,230503,8484622,62,0,197451,8.88,14.27,185913,30,10.7844,uuf250-058.cnf,1200
luby,1200,250,1065,UNSAT,46922,54936,2021187,20,0,46921,8.12,13.17,40955,28,1.7681,uuf250-059.cnf,1200
luby,1200,250,1065,UNSAT,119030,139921,5095575,43,0,119029,8.38,13.76,112207,30,5.6380,uuf250-06.cnf,1200
luby,1200,250,1065,UNSAT,69559,81713,3004483,29,0,69558,8.28,13.30,60952,27,2.8575,uuf250-060.cnf,1200
luby,1200,250,1065,UNSAT,242637,282904,10399753,69,0,242636,9.10,14.64,233756,36,14.1736,uuf250-061.cnf,1200
luby,1200,250,1065,UNSAT,82003,96305,3487709,30,0,82002,8.11,13.18,74757,29,3.4265,uuf250-062.cnf,1200
luby,1200,250,1065,UNSAT,146299,171395,6336029,52,0,146298,8.48,14.00,136911,29,7.2475,uuf250-063.cnf,1200
luby,1200,250,1065,UNSAT,130282,151807,5681537,45,0,130281,8.58,14.15,118156,34,6.3035,uuf250-064.cnf,1200
luby,1200,250,1065,UNSAT,79811,92435,3394530,30,0,79810,8.28,13.39,74756,29,3.4239,uuf250-065.cnf,1200
luby,1200,250,1065,UNSAT,299071,348834,12756360,92,0,299070,9.04,14.69,287003,31,18.4542,uuf250-066.cnf,1200
luby,1200,250,1065,UNSAT,114186,134238,5025924,40,0,114185,8.50,13.94,106406,34,5.2892,uuf250-067.cnf,1200
luby,1200,250,1065,UNSAT,32404,37582,1420604,14,0,32403,7.76,12.67,27652,28,1.1090,uuf250-068.cnf,1200
luby,1200,250,1065,UNSAT,145379,169901,6160625,52,0,145378,8.68,14.08,136907,30,7.4262,uuf250-069.cnf,1200
luby,1200,250,1065,UNSAT,141737,165046,6017433,51,0,141736,8.75,14.08,130511,30,7.1145,uuf250-07.cnf,1200
luby,1200,250,1065,UNSAT,194679,227151,8454963,62,0,194678,8.83,14.58,185910,29,10.6703,uuf250-070.cnf,1200
luby,1200,250,1065,UNSAT,220087,258021,9275950,62,0,220086,9.30,14.97,209167,33,12.4141,uuf250-071.cnf,1200
luby,1200,250,1065,UNSAT,118132,137679,5031189,43,0,118131,8.65,14.09,112207,33,5.6628,uuf250-072.cnf,1200
luby,1200,250,1065,UNSAT,59334,69852,2635705,26,0,59333,8.33,13.69,52503,29,2.3146,uuf250-073.cnf,1200
luby,1200,250,1065,UNSAT,91295,106701,3849283,30,0,91294,8.34,13.23,84704,26,3.8809,uuf250-074.cnf,1200
luby,1200,250,1065,UNSAT,138307,162778,5973611,48,0,138306,8.77,14.43,130509,28,6.7980,uuf250-075.cnf,1200
luby,1200,250,1065,UNSAT,98051,114029,4149772,32,0,98050,8.24,13.06,89903,35,4.2844,uuf250-076.cnf,1200
luby,1200,250,1065,UNSAT,259088,302946,11268360,76,0,259087,9.04,14.80,242261,28,15.3868,uuf250-077.cnf,1200
luby,1200,250,1065,UNSAT,147629,172377,6336116,52,0,147628,8.65,13.89,136906,32,7.3047,uuf250-078.cnf,1200
luby,1200,250,1065,UNSAT,115563,134922,4963633,41,0,115562,8.46,13.83,106409,31,5.5026,uuf250-079.cnf,1200
luby,1200,250,1065,UNSAT,108049,126140,4627331,37,0,108048,8.34,13.72,100758,28,4.9414,uuf250-08.cnf,1200
luby,1200,250,1065,UNSAT,127056,148361,5416773,45,0,127055,8.56,13.95,118159,32,6.0990,uuf250-080.cnf,1200
luby,1200,250,1065,UNSAT,147626,172754,6248331,52,0,147625,8.58,13.96,136911,30,7.4006,uuf250-081.cnf,1200
luby,1200,250,1065,UNSAT,123284,143607,5285990,44,0,123283,8.61,14.03,112203,27,5.9321,uuf250-082.cnf,1200
luby,1200,250,1065,UNSAT,52732,62042,2331264,21,0,52731,8.12,13.34,48505,28,2.0291,uuf250-083.cnf,1200
luby,1200,250,1065,UNSAT,75361,88040,3347090,29,0,75360,8.50,13.92,70008,28,3.1475,uuf250-084.cnf,1200
luby,1200,250,1065,UNSAT,95026,110925,4042828,30,0,95025,8.25,13.58,84707,29,4.1176,uuf250-085.cnf,1200
luby,1200,250,1065,UNSAT,107868,125830,4574916,37,0,107867,8.38,13.58,100758,28,4.9460,uuf250-086.cnf,1200
luby,1200,250,1065,UNSAT,383122,446328,16297524,118,0,383121,9.32,14.93,366415,31,25.6750,uuf250-087.cnf,1200
luby,1200,250,1065,UNSAT,143717,167592,6141421,51,0,143716,8.82,14.19,136907,29,7.1129,uuf250-088.cnf,1200
luby,1200,250,1065,UNSAT,124146,144786,5401035,44,0,124145,8.66,14.04,118153,30,6.0388,uuf250-089.cnf,1200
luby,1200,250,1065,UNSAT,279888,324366,12154413,84,0,279887,8.99,14.53,268663,31,16.5841,uuf250-09.cnf,1200
luby,1200,250,1065,UNSAT,28772,33652,1231114,13,0,28771,7.65,12.73,24701,32,0.9866,uuf250-090.cnf,1200
luby,1200,250,1065,UNSAT,131954,154536,5757575,45,0,131953,8.62,14.25,124265,30,6.3045,uuf250-091.cnf,1200
luby,1200,250,1065,UNSAT,210093,244987,8881420,62,0,210092,9.01,14.58,201257,28,11.9817,uuf250-092.cnf,1200
luby,1200,250,1065,UNSAT,140292,164548,5986421,49,0,140291,8.39,13.57,130509,28,6.6812,uuf250-093.cnf,1200
luby,1200,250,1065,UNSAT,85577,100450,3667146,30,0,85576,8.41,13.68,79657,27,3.7332,uuf250-094.cnf,1200
luby,1200,250,1065,UNSAT,77539,90352,3270792,30,0,77538,8.32,13.41,70003,37,3.2462,uuf250-095.cnf,1200
luby,1200,250,1065,UNSAT,132707,153629,5744788,45,0,132706,8.58,13.99,124261,28,6.5289,uuf250-096.cnf,1200
luby,1200,250,1065,UNSAT,68427,80079,2960101,29,0,68426,8.56,13.86,60955,38,2.8600,uuf250-097.cnf,1200
luby,1200,250,1065,UNSAT,41280,48295,1812955,17,0,41279,7.93,12.83,37404,33,1.4955,uuf250-098.cnf,1200
luby,1200,250,1065,UNSAT,72378,84848,3098094,29,0,72377,8.22,13.31,65405,33,2.9673,uuf250-099.cnf,1200
luby,1300,250,1065,UNSAT,120477,140559,5302265,38,0,120476,8.62,14.12,112209,27,5.6399,uuf250-01.cnf,1300
luby,1300,250,1065,UNSAT,103999,121907,4519661,30,0,103998,8.36,13.82,95259,28,4.6075,uuf250-010.cnf,1300
luby,1300,250,1065,UNSAT,212562,247870,8881252,62,0,212561,8.89,14.09,201259,28,11.5446,uuf250-0100.cnf,1300
luby,1300,250,1065,UNSAT,158809,185513,6793651,52,0,158808,8.52,13.89,150155,29,7.9498,uuf250-011.cnf,1300
luby,1300,250,1065,UNSAT,129504,151354,5593822,43,0,129503,8.63,13.71,118164,28,6.1804,uuf250-012.cnf,1300
luby,1300,250,1065,UNSAT,131208,153212,5542989,44,0,131207,8.41,13.72,124255,28,6.3354,uuf250-013.cnf,1300
luby,1300,250,1065,UNSAT,158632,186096,6897546,52,0,158631,8.45,14.17,150153,31,7.9632,uuf250-014.cnf,1300
luby,1300,250,1065,UNSAT,139039,162537,5926974,45,0,139038,8.69,14.07,130507,38,6.8114,uuf250-015.cnf,1300
luby,1300,250,1065,UNSAT,77991,91160,3272204,29,0,77990,8.31,13.46,70002,29,3.3603,uuf250-016.cnf,1300
luby,1300,250,1065,UNSAT,126634,148320,5337303,42,0,126633,8.24,13.69,118158,28,6.0953,uuf250-017.cnf,1300
luby,1300,250,1065,UNSAT,125536,146759,5440093,41,0,125535,8.58,13.82,118161,29,5.8138,uuf250-018.cnf,1300
luby,1300,250,1065,UNSAT,118987,138086,5144586,37,0,118986,8.69,14.07,112210,31,5.7151,uuf250-019.cnf,1300
luby,1300,250,1065,UNSAT,117848,138213,5019900,37,0,117847,8.54,13.92,106405,30,5.4969,uuf250-02.cnf,1300
luby,1300,250,1065,UNSAT,170266,199275,7226222,58,0,170265,8.92,14.21,157007,28,8.7450,uuf250-020.cnf,1300
luby,1300,250,1065,UNSAT,192841,225191,8391801,61,0,192840,8.90,14.36,178456,31,10.3965,uuf250-021.cnf,1300
luby,1300,250,1065,UNSAT,197764,230011,8550838,61,0,197763,8.96,14.25,185908,32,10.7727,uuf250-022.cnf,1300
luby,1300,250,1065,UNSAT,78198,91004,3326438,29,0,78197,8.26,13.63,70007,34,3.3283,uuf250-023.cnf,1300
luby,1300,250,1065,UNSAT,68661,80679,2972002,28,0,68660,7.94,13.08,60957,40,2.6445,uuf250-024.cnf,1300
luby,1300,250,1065,UNSAT,123968,144690,5410072,40,0,123967,8.50,13.85,112208,28,5.9018,uuf250-025.cnf,1300
luby,1300,250,1065,UNSAT,63739,74869,2748311,26,0,63738,8.35,13.72,56653,29,2.5828,uuf250-026.cnf,1300
luby,1300,250,1065,UNSAT,163928,191289,7033543,55,0,163927,8.93,14.47,157008,28,8.6444,uuf250-027.cnf,1300
luby,1300,250,1065,UNSAT,115120,134711,4950101,37,0,115119,8.61,14.18,106405,29,5.4040,uuf250-028.cnf,1300
luby,1300,250,1065,UNSAT,76239,88960,3292385,29,0,76238,8.11,13.55,70001,33,3.2033,uuf250-029.cnf,1300
luby,1300,250,1065,UNSAT,118359,137505,5185313,37,0,118358,8.34,13.78,112208,31,5.5689,uuf250-03.cnf,1300
luby,1300,250,1065,UNSAT,66454,78858,2763672,27,0,66453,8.26,13.31,60953,29,2.6745,uuf250-030.cnf,1300
luby,1300,250,1065,UNSAT,168927,198073,7488003,57,0,168926,9.00,14.52,157006,37,8.6304,uuf250-031.cnf,1300
luby,1300,250,1065,UNSAT,104566,121897,4467574,31,0,104565,8.49,13.81,95257,30,4.7236,uuf250-032.cnf,1300
luby,1300,250,1065,UNSAT,220237,257555,9358028,62,0,220236,8.82,14.24,209160,30,12.5512,uuf250-033.cnf,1300
luby,1300,250,1065,UNSAT,193292,226227,8375456,61,0,193291,8.92,14.57,178457,28,10.5175,uuf250-034.cnf,1300
luby,1300,250,1065,UNSAT,181801,212788,7706091,60,0,181800,9.04,14.38,171160,32,9.7200,uuf250-035.cnf,1300
luby,1300,250,1065,UNSAT,74182,86905,3165246,29,0,74181,8.14,13.20,65404,28,3.0573,uuf250-036.cnf,1300
luby,1300,250,1065,UNSAT,57674,67499,2443509,22,0,57673,7.99,13.01,52504,33,2.2248,uuf250-037.cnf,1300
luby,1300,250,1065,UNSAT,43688,51203,1885609,16,0,43687,8.02,13.02,37404,27,1.5849,uuf250-038.cnf,1300
luby,1300,250,1065,UNSAT,91618,106709,3957032,30,0,91617,8.17,13.24,84704,26,3.9802,uuf250-039.cnf,1300
luby,1300,250,1065,UNSAT,136499,159832,5717879,45,0,136498,8.44,13.74,124256,28,6.7407,uuf250-04.cnf,1300
luby,1300,250,1065,UNSAT,42651,49429,1830716,15,0,42650,7.94,12.75,37403,29,1.5475,uuf250-040.cnf,1300
luby,1300,250,1065,UNSAT,102766,120366,4516052,30,0,102765,8.81,14.38,95256,30,4.6305,uuf250-041.cnf,1300
luby,1300,250,1065,UNSAT,121630,141272,5228426,39,0,121629,8.59,13.87,112210,28,5.7361,uuf250-042.cnf,1300
luby,1300,250,1065,UNSAT,140928,164062,6043172,45,0,140927,8.46,13.73,130507,30,6.8192,uuf250-043.cnf,1300
luby,1300,250,1065,UNSAT,105115,123404,4553790,31,0,105114,8.54,14.10,95254,33,4.7889,uuf250-044.cnf,1300
luby,1300,250,1065,UNSAT,86275,101316,3721073,30,0,86274,8.48,13.71,79658,30,3.7410,uuf250-045.cnf,1300
luby,1300,250,1065,UNSAT,325536,380550,13797155,92,0,325535,9.24,15.01,315664,31,20.7300,uuf250-046.cnf,1300
luby,1300,250,1065,UNSAT,105006,123323,4470216,31,0,105005,8.45,13.50,95254,36,4.7276,uuf250-047.cnf,1300
luby,1300,250,1065,UNSAT,43234,50325,1893909,16,0,43233,7.95,12.94,37402,34,1.5673,uuf250-048.cnf,1300
luby,1300,250,1065,UNSAT,65115,76535,2964283,27,0,65114,8.38,13.95,56657,26,2.6247,uuf250-049.cnf,1300
luby,1300,250,1065,UNSAT,92688,108866,3951512,30,0,92687,8.29,13.52,84706,31,4.0292,uuf250-05.cnf,1300
luby,1300,250,1065,UNSAT,130718,153342,5503304,44,0,130717,8.55,13.83,124261,28,6.3003,uuf250-050.cnf,1300
luby,1300,250,1065,UNSAT,187807,219133,8177978,61,0,187806,8.94,14.38,178459,30,9.9168,uuf250-051.cnf,1300
luby,1300,250,1065,UNSAT,117119,136313,4964751,37,0,117118,8.46,13.75,106406,27,5.4904,uuf250-052.cnf,1300
luby,1300,250,1065,UNSAT,195617,228877,8225502,61,0,195616,8.82,14.25,185909,38,10.4181,uuf250-053.cnf,1300
luby,1300,250,1065,UNSAT,133327,155397,5888978,44,0,133326,8.85,14.08,124255,27,6.3666,uuf250-054.cnf,1300
luby,1300,250,1065,UNSAT,42363,49722,1776116,15,0,42362,7.81,12.68,37401,36,1.5378,uuf250-055.cnf,1300
luby,1300,250,1065,UNSAT,76441,89936,3322668,29,0,76440,8.41,13.81,70004,29,3.1126,uuf250-056.cnf,1300
luby,1300,250,1065,UNSAT,136519,160280,5833520,45,0,136518,8.58,14.09,124260,31,6.6282,uuf250-057.cnf,1300
luby,1300,250,1065,UNSAT,206431,240965,8905231,61,0,206430,8.91,14.21,193510,30,11.3731,uuf250-058.cnf,1300
luby,1300,250,1065,UNSAT,50743,59633,2179004,20,0,50742,8.19,13.20,44651,28,1.9097,uuf250-059.cnf,1300
luby,1300,250,1065,UNSAT,142526,166825,6042856,45,0,142525,8.81,14.28,130509,31,7.2918,uuf250-06.cnf,1300
luby,1300,250,1065,UNSAT,76236,89329,3267463,29,0,76235,8.28,13.34,70002,30,3.2391,uuf250-060.cnf,1300
luby,1300,250,1065,UNSAT,228844,267468,9815976,62,0,228843,9.12,14.85,217216,36,13.2419,uuf250-061.cnf,1300
luby,1300,250,1065,UNSAT,84379,99056,3581317,30,0,84378,8.29,13.52,74756,29,3.6132,uuf250-062.cnf,1300
luby,1300,250,1065,UNSAT,163346,191215,7029459,54,0,163345,8.79,14.46,150155,32,8.4095,uuf250-063.cnf,1300
luby,1300,250,1065,UNSAT,139541,161828,6049104,45,0,139540,8.69,14.10,130508,34,6.8709,uuf250-064.cnf,1300
luby,1300,250,1065,UNSAT,64270,74865,2764122,26,0,64269,8.10,13.18,56655,29,2.6588,uuf250-065.cnf,1300
luby,1300,250,1065,UNSAT,275262,320650,11927583,75,0,275261,8.99,14.72,259706,34,16.6325,uuf250-066.cnf,1300
luby,1300,250,1065,UNSAT,114692,134747,5050532,37,0,114691,8.54,14.05,106407,35,5.3631,uuf250-067.cnf,1300
luby,1300,250,1065,UNSAT,32406,37875,1413857,14,0,32405,7.63,12.52,27653,28,1.1205,uuf250-068.cnf,1300
luby,1300,250,1065,UNSAT,146572,171715,6199446,46,0,146571,8.58,13.86,136910,28,7.3844,uuf250-069.cnf,1300
luby,1300,250,1065,UNSAT,111584,129973,4806639,35,0,111583,8.62,13.93,100756,30,5.2383,uuf250-07.cnf,1300
luby,1300,250,1065,UNSAT,214972,251384,9344901,62,0,214971,8.96,14.73,201265,31,12.1197,uuf250-070.cnf,1300
luby,1300,250,1065,UNSAT,174157,204960,7392565,59,0,174156,8.85,14.51,164015,35,9.0575,uuf250-071.cnf,1300
luby,1300,250,1065,UNSAT,121682,141596,5192758,39,0,121681,8.52,13.93,112208,36,5.8209,uuf250-072.cnf,1300
luby,1300,250,1065,UNSAT,61595,72425,2715451,24,0,61594,8.51,13.91,56652,28,2.4483,uuf250-073.cnf,1300
luby,1300,250,1065,UNSAT,93735,109596,3982562,30,0,93734,8.48,13.44,84703,26,3.9694,uuf250-074.cnf,1300
luby,1300,250,1065,UNSAT,142514,167504,6172500,45,0,142513,8.91,14.57,130508,28,7.1767,uuf250-075.cnf,1300
luby,1300,250,1065,UNSAT,101980,118324,4295402,30,0,101979,8.26,13.11,95255,35,4.4690,uuf250-076.cnf,1300
luby,1300,250,1065,UNSAT,273005,319550,11761159,74,0,273004,9.15,14.92,259713,33,16.6427,uuf250-077.cnf,1300
luby,1300,250,1065,UNSAT,149671,174507,6430040,48,0,149670,8.58,13.86,136905,32,7.4424,uuf250-078.cnf,1300
luby,1300,250,1065,UNSAT,124931,145615,5357518,41,0,124930,8.55,14.09,118154,31,6.1322,uuf250-079.cnf,1300
luby,1300,250,1065,UNSAT,105752,123738,4490660,32,0,105751,8.36,13.60,95257,28,4.7375,uuf250-08.cnf,1300
luby,1300,250,1065,UNSAT,152183,176916,6449168,50,0,152182,8.61,14.04,143453,32,7.7756,uuf250-080.cnf,1300
luby,1300,250,1065,UNSAT,145006,169150,6151637,45,0,145005,8.57,13.82,136907,29,7.1111,uuf250-081.cnf,1300
luby,1300,250,1065,UNSAT,139862,162807,5963513,45,0,139861,8.61,14.09,130509,30,6.9760,uuf250-082.cnf,1300
luby,1300,250,1065,UNSAT,58071,67946,2539113,22,0,58070,7.83,13.27,52501,27,2.2018,uuf250-083.cnf,1300
luby,1300,250,1065,UNSAT,67571,79276,2967092,27,0,67570,8.29,13.87,60956,29,2.6885,uuf250-084.cnf,1300
luby,1300,250,1065,UNSAT,101800,118452,4302515,30,0,101799,8.35,13.61,95254,27,4.5960,uuf250-085.cnf,1300
luby,1300,250,1065,UNSAT,104234,121580,4399177,31,0,104233,8.19,13.23,95263,30,4.6703,uuf250-086.cnf,1300
luby,1300,250,1065,UNSAT,323853,377183,13941408,92,0,323852,9.31,15.00,305960,29,20.3894,uuf250-087.cnf,1300
luby,1300,250,1065,UNSAT,141950,165924,6020787,45,0,141949,8.79,14.39,130506,31,6.9813,uuf250-088.cnf,1300
luby,1300,250,1065,UNSAT,124096,144851,5398635,40,0,124095,8.65,14.21,112206,30,5.9226,uuf250-089.cnf,1300
luby,1300,250,1065,UNSAT,271270,314776,11798047,73,0,271269,9.14,14.74,259707,28,16.3564,uuf250-09.cnf,1300
luby,1300,250,1065,UNSAT,30429,35520,1305910,13,0,30428,7.64,12.81,24702,32,1.0767,uuf250-090.cnf,1300
luby,1300,250,1065,UNSAT,116094,136897,5096576,37,0,116093,8.39,14.10,106410,31,5.2809,uuf250-091.cnf,1300
luby,1300,250,1065,UNSAT,201565,235296,8540612,61,0,201564,9.02,14.50,193505,29,11.3531,uuf250-092.cnf,1300
luby,1300,250,1065,UNSAT,127628,149809,5464797,43,0,127627,8.54,13.73,118155,28,5.9739,uuf250-093.cnf,1300
luby,1300,250,1065,UNSAT,101557,118797,4304681,30,0,101556,8.23,13.43,95257,27,4.5399,uuf250-094.cnf,1300
luby,1300,250,1065,UNSAT,67430,78856,2855721,27,0,67429,8.13,13.01,60952,37,2.6994,uuf250-095.cnf,1300
luby,1300,250,1065,UNSAT,124877,145382,5412188,41,0,124876,8.57,13.84,118158,28,6.0634,uuf250-096.cnf,1300
luby,1300,250,1065,UNSAT,88586,103524,3832320,30,0,88585,8.34,13.64,79655,38,3.8414,uuf250-097.cnf,1300
luby,1300,250,1065,UNSAT,43879,51295,1917044,16,0,43878,7.77,12.78,37403,33,1.6100,uuf250-098.cnf,1300
luby,1300,250,1065,UNSAT,71071,82982,3042106,28,0,71070,7.97,12.98,65403,33,2.8403,uuf250-099.cnf,1300
luby,1400,250,1065,UNSAT,109110,127941,4800398,30,0,109109,8.65,14.01,100753,26,4.9215,uuf250-01.cnf,1400
luby,1400,250,1065,UNSAT,102468,120120,4484043,30,0,102467,8.27,13.72,95258,28,4.5008,uuf250-010.cnf,1400
luby,1400,250,1065,UNSAT,186952,217754,7867669,59,0,186951,8.89,14.11,178458,28,9.9698,uuf250-0100.cnf,1400
luby,1400,250,1065,UNSAT,143536,168042,6189073,44,0,143535,8.68,14.04,136911,29,7.1255,uuf250-011.cnf,1400
luby,1400,250,1065,UNSAT,116392,136050,5007547,33,0,116391,8.57,13.64,106406,30,5.3826,uuf250-012.cnf,1400
luby,1400,250,1065,UNSAT,120460,141019,5079560,36,0,120459,8.42,13.70,112207,28,5.6276,uuf250-013.cnf,1400
luby,1400,250,1065,UNSAT,118728,139077,5190251,34,0,118727,8.22,13.82,112211,31,5.5439,uuf250-014.cnf,1400
luby,1400,250,1065,UNSAT,147334,171664,6242190,45,0,147333,8.75,14.37,136904,38,7.4599,uuf250-015.cnf,1400
luby,1400,250,1065,UNSAT,84848,99095,3568682,29,0,84847,8.37,13.36,79657,29,3.7273,uuf250-016.cnf,1400
luby,1400,250,1065,UNSAT,137663,160984,5773552,43,0,137662,8.53,13.97,130509,30,6.7581,uuf250-017.cnf,1400
luby,1400,250,1065,UNSAT,137802,160835,5957819,43,0,137801,8.71,13.96,130504,31,6.6985,uuf250-018.cnf,1400
luby,1400,250,1065,UNSAT,137460,159008,5906427,43,0,137459,8.70,14.19,130516,27,7.0104,uuf250-019.cnf,1400
luby,1400,250,1065,UNSAT,133912,156344,5678842,40,0,133911,8.64,13.91,124256,28,6.4852,uuf250-02.cnf,1400
luby,1400,250,1065,UNSAT,154567,181420,6534641,45,0,154566,8.71,14.05,143464,28,7.6005,uuf250-020.cnf,1400
luby,1400,250,1065,UNSAT,217783,255110,9336760,61,0,217782,8.68,14.08,209161,31,11.9837,uuf250-021.cnf,1400
luby,1400,250,1065,UNSAT,198514,231529,8621453,60,0,198513,9.03,14.54,185914,32,10.8438,uuf250-022.cnf,1400
luby,1400,250,1065,UNSAT,76377,88721,3254735,28,0,76376,8.48,13.76,70003,34,3.2479,uuf250-023.cnf,1400
luby,1400,250,1065,UNSAT,80564,94382,3480784,29,0,80563,8.24,13.35,74754,40,3.3306,uuf250-024.cnf,1400
luby,1400,250,1065,UNSAT,118960,139102,5223654,34,0,118959,8.48,13.87,112205,28,5.6534,uuf250-025.cnf,1400
luby,1400,250,1065,UNSAT,56533,66828,2461961,21,0,56532,8.05,13.54,52509,27,2.2330,uuf250-026.cnf,1400
luby,1400,250,1065,UNSAT,145326,169546,6253092,44,0,145325,8.66,14.34,136908,27,7.4292,uuf250-027.cnf,1400
luby,1400,250,1065,UNSAT,135154,157697,5842748,41,0,135153,8.76,14.06,124259,29,6.5791,uuf250-028.cnf,1400
luby,1400,250,1065,UNSAT,82930,96503,3536789,29,0,82929,8.39,13.66,74751,28,3.6287,uuf250-029.cnf,1400
luby,1400,250,1065,UNSAT,139085,161841,6009347,43,0,139084,8.57,14.25,130504,31,6.9138,uuf250-03.cnf,1400
luby,1400,250,1065,UNSAT,74385,87247,3089670,28,0,74384,8.34,13.26,65404,29,3.0282,uuf250-030.cnf,1400
luby,1400,250,1065,UNSAT,156069,183797,6916791,45,0,156068,8.83,14.34,143458,37,7.8056,uuf250-031.cnf,1400
luby,1400,250,1065,UNSAT,123861,144131,5241427,37,0,123860,8.48,13.54,112202,29,5.8157,uuf250-032.cnf,1400
luby,1400,250,1065,UNSAT,231516,271247,9830227,62,0,231515,8.92,14.32,217209,30,13.4960,uuf250-033.cnf,1400
luby,1400,250,1065,UNSAT,181600,213087,7852910,57,0,181599,8.86,14.67,171158,32,9.7266,uuf250-034.cnf,1400
luby,1400,250,1065,UNSAT,170063,198519,7287945,52,0,170062,8.97,14.38,157012,31,8.8928,uuf250-035.cnf,1400
luby,1400,250,1065,UNSAT,70275,82620,2998607,27,0,70274,8.23,13.56,65408,27,2.8898,uuf250-036.cnf,1400
luby,1400,250,1065,UNSAT,72137,83960,3047676,27,0,72136,8.24,13.32,65407,33,3.0584,uuf250-037.cnf,1400
luby,1400,250,1065,UNSAT,41268,48187,1785071,14,0,41267,7.99,12.94,37405,27,1.4905,uuf250-038.cnf,1400
luby,1400,250,1065,UNSAT,109376,128196,4645030,30,0,109375,8.43,13.66,100757,28,4.9973,uuf250-039.cnf,1400
luby,1400,250,1065,UNSAT,127026,148858,5334540,37,0,127025,8.56,13.89,118155,28,6.1309,uuf250-04.cnf,1400
luby,1400,250,1065,UNSAT,42243,49062,1789487,14,0,42242,8.06,13.01,37404,29,1.5641,uuf250-040.cnf,1400
luby,1400,250,1065,UNSAT,102105,120614,4450709,30,0,102104,8.60,14.25,95260,30,4.5658,uuf250-041.cnf,1400
luby,1400,250,1065,UNSAT,127248,148701,5475618,37,0,127247,8.47,13.84,118157,31,6.0507,uuf250-042.cnf,1400
luby,1400,250,1065,UNSAT,130578,152457,5620553,39,0,130577,8.61,13.81,124254,30,6.3218,uuf250-043.cnf,1400
luby,1400,250,1065,UNSAT,108181,126574,4698634,30,0,108180,8.57,14.06,100758,33,4.9788,uuf250-044.cnf,1400
luby,1400,250,1065,UNSAT,70546,82647,3067980,27,0,70545,8.19,13.31,65406,27,2.9132,uuf250-045.cnf,1400
luby,1400,250,1065,UNSAT,256791,300800,11047383,62,0,256790,9.24,14.97,242262,30,15.1768,uuf250-046.cnf,1400
luby,1400,250,1065,UNSAT,94588,111048,4051718,30,0,94587,8.47,13.52,84705,36,4.1212,uuf250-047.cnf,1400
luby,1400,250,1065,UNSAT,37842,44029,1659402,14,0,37841,7.81,12.99,34005,34,1.3604,uuf250-048.cnf,1400
luby,1400,250,1065,UNSAT,80805,94887,3697985,29,0,80804,8.60,14.31,74755,30,3.3981,uuf250-049.cnf,1400
luby,1400,250,1065,UNSAT,78142,91850,3336407,28,0,78141,7.99,13.31,70007,31,3.2023,uuf250-05.cnf,1400
luby,1400,250,1065,UNSAT,131523,153475,5535664,39,0,131522,8.52,13.79,124255,28,6.3646,uuf250-050.cnf,1400
luby,1400,250,1065,UNSAT,187412,218522,8131740,59,0,187411,8.75,14.23,178460,30,10.0634,uuf250-051.cnf,1400
luby,1400,250,1065,UNSAT,119746,139826,5066188,35,0,119745,8.40,13.64,112208,31,5.7126,uuf250-052.cnf,1400
luby,1400,250,1065,UNSAT,175862,205971,7462704,54,0,175861,8.53,13.98,164007,38,9.0235,uuf250-053.cnf,1400
luby,1400,250,1065,UNSAT,116106,135375,5176036,33,0,116105,8.64,14.01,106408,29,5.3173,uuf250-054.cnf,1400
luby,1400,250,1065,UNSAT,39761,46427,1685467,14,0,39760,7.65,12.45,34007,36,1.4068,uuf250-055.cnf,1400
luby,1400,250,1065,UNSAT,77563,91287,3367648,28,0,77562,8.44,13.96,70003,29,3.2072,uuf250-056.cnf,1400
luby,1400,250,1065,UNSAT,110428,130296,4730218,30,0,110427,8.49,14.22,100756,31,5.0187,uuf250-057.cnf,1400
luby,1400,250,1065,UNSAT,226250,263979,9647590,62,0,226249,8.88,14.18,217212,30,12.8312,uuf250-058.cnf,1400
luby,1400,250,1065,UNSAT,50316,58710,2150479,17,0,50315,8.07,13.03,44654,28,1.9519,uuf250-059.cnf,1400
luby,1400,250,1065,UNSAT,106278,124618,4535986,30,0,106277,8.47,13.98,95262,28,4.9545,uuf250-06.cnf,1400
luby,1400,250,1065,UNSAT,76765,90180,3287944,28,0,76764,8.24,13.56,70006,31,3.2323,uuf250-060.cnf,1400
luby,1400,250,1065,UNSAT,220679,256933,9489721,61,0,220678,9.10,14.80,209156,36,12.6489,uuf250-061.cnf,1400
luby,1400,250,1065,UNSAT,72783,85737,3121713,27,0,72782,8.16,13.34,65404,29,3.0104,uuf250-062.cnf,1400
luby,1400,250,1065,UNSAT,169899,198819,7306697,52,0,169898,8.57,14.14,157007,28,8.7333,uuf250-063.cnf,1400
luby,1400,250,1065,UNSAT,118701,138832,5156121,34,0,118700,8.64,14.45,112207,34,5.6354,uuf250-064.cnf,1400
luby,1400,250,1065,UNSAT,70223,81618,3030319,27,0,70222,8.11,13.43,65406,29,2.9792,uuf250-065.cnf,1400
luby,1400,250,1065,UNSAT,264553,308853,11474654,62,0,264552,8.97,14.76,250911,31,15.6634,uuf250-066.cnf,1400
luby,1400,250,1065,UNSAT,105558,124384,4650636,30,0,105557,8.36,13.73,95254,34,4.7389,uuf250-067.cnf,1400
luby,1400,250,1065,UNSAT,31486,36628,1395171,13,0,31485,7.45,12.23,27650,28,1.0851,uuf250-068.cnf,1400
luby,1400,250,1065,UNSAT,177266,205795,7384687,55,0,177265,8.62,13.88,164011,29,9.4621,uuf250-069.cnf,1400
luby,1400,250,1065,UNSAT,141589,164324,6016115,44,0,141588,8.67,14.06,130505,30,6.9685,uuf250-07.cnf,1400
luby,1400,250,1065,UNSAT,236835,276226,10263545,62,0,236834,9.13,14.99,225412,30,13.6630,uuf250-070.cnf,1400
luby,1400,250,1065,UNSAT,197812,231743,8416637,60,0,197811,9.06,14.71,185912,33,10.9645,uuf250-071.cnf,1400
luby,1400,250,1065,UNSAT,133063,155325,5691438,40,0,133062,8.72,14.25,124260,33,6.5766,uuf250-072.cnf,1400
luby,1400,250,1065,UNSAT,63367,74595,2792409,23,0,63366,8.18,13.46,56652,28,2.4704,uuf250-073.cnf,1400
luby,1400,250,1065,UNSAT,95392,111926,4011665,30,0,95391,8.36,13.35,89911,29,4.1693,uuf250-074.cnf,1400
luby,1400,250,1065,UNSAT,115340,135939,5029635,33,0,115339,8.56,14.06,106406,28,5.2697,uuf250-075.cnf,1400
luby,1400,250,1065,UNSAT,107737,124688,4529266,30,0,107736,8.44,13.14,100757,35,4.8091,uuf250-076.cnf,1400
luby,1400,250,1065,UNSAT,316732,369110,13642312,80,0,316731,9.26,15.01,305961,32,20.3824,uuf250-077.cnf,1400
luby,1400,250,1065,UNSAT,146827,171374,6332759,45,0,146826,8.66,13.94,136906,32,7.2619,uuf250-078.cnf,1400
luby,1400,250,1065,UNSAT,133823,156141,5744169,40,0,133822,8.71,14.21,124261,31,6.6553,uuf250-079.cnf,1400
luby,1400,250,1065,UNSAT,102859,120425,4404902,30,0,102858,8.28,13.60,95255,28,4.6418,uuf250-08.cnf,1400
luby,1400,250,1065,UNSAT,150925,175306,6398959,45,0,150924,8.59,14.06,143455,32,7.7917,uuf250-080.cnf,1400
luby,1400,250,1065,UNSAT,140546,163818,5970297,44,0,140545,8.66,13.93,130506,29,6.9123,uuf250-081.cnf,1400
luby,1400,250,1065,UNSAT,147766,171847,6312540,45,0,147765,8.62,14.13,136904,27,7.4814,uuf250-082.cnf,1400
luby,1400,250,1065,UNSAT,56416,66219,2480451,21,0,56415,8.19,13.72,48502,27,2.2178,uuf250-083.cnf,1400
luby,1400,250,1065,UNSAT,76246,89818,3349357,28,0,76245,8.59,14.18,70005,27,3.2188,uuf250-084.cnf,1400
luby,1400,250,1065,UNSAT,116659,136151,4947293,33,0,116658,8.50,13.87,106405,28,5.4419,uuf250-085.cnf,1400
luby,1400,250,1065,UNSAT,102442,119409,4401291,30,0,102441,8.11,13.21,95254,28,4.6141,uuf250-086.cnf,1400
luby,1400,250,1065,UNSAT,416161,483439,17789287,108,0,416160,9.36,14.97,398660,31,28.1488,uuf250-087.cnf,1400
luby,1400,250,1065,UNSAT,151025,176377,6389259,45,0,151024,8.76,14.06,143460,27,7.5172,uuf250-088.cnf,1400
luby,1400,250,1065,UNSAT,117906,137967,5114151,34,0,117905,8.48,14.10,106404,30,5.5250,uuf250-089.cnf,1400
luby,1400,250,1065,UNSAT,256097,297792,11191012,62,0,256096,9.03,14.63,242260,32,15.0996,uuf250-09.cnf,1400
luby,1400,250,1065,UNSAT,32982,38192,1395069,13,0,32981,7.61,12.63,27652,32,1.1720,uuf250-090.cnf,1400
luby,1400,250,1065,UNSAT,110281,129705,4804786,30,0,110280,8.44,14.23,100757,30,5.0448,uuf250-091.cnf,1400
luby,1400,250,1065,UNSAT,238937,278928,10049577,62,0,238936,9.01,14.60,225413,30,14.0086,uuf250-092.cnf,1400
luby,1400,250,1065,UNSAT,108698,127720,4708672,30,0,108697,8.43,13.91,100758,27,4.8540,uuf250-093.cnf,1400
luby,1400,250,1065,UNSAT,105943,123940,4489496,30,0,105942,8.45,13.77,95256,30,4.9001,uuf250-094.cnf,1400
luby,1400,250,1065,UNSAT,65063,75653,2744746,24,0,65062,7.99,12.80,56654,37,2.5991,uuf250-095.cnf,1400
luby,1400,250,1065,UNSAT,147302,171495,6359751,45,0,147301,8.74,14.38,136908,28,7.5854,uuf250-096.cnf,1400
luby,1400,250,1065,UNSAT,65454,76513,2864615,24,0,65453,8.14,13.39,60957,38,2.6553,uuf250-097.cnf,1400
luby,1400,250,1065,UNSAT,48110,56189,2092567,17,0,48109,8.01,13.06,40955,33,1.8094,uuf250-098.cnf,1400
luby,1400,250,1065,UNSAT,73144,85481,3137181,28,0,73143,8.00,13.14,65405,33,2.9721,uuf250-099.cnf,1400
luby,1500,250,1065,UNSAT,118245,138630,5192138,30,0,118244,8.56,14.00,112203,27,5.4250,uuf250-01.cnf,1500
luby,1500,250,1065,UNSAT,102665,119899,4479907,30,0,102664,8.37,13.75,95257,28,4.5670,uuf250-010.cnf,1500
luby,1500,250,1065,UNSAT,182854,213375,7692906,52,0,182853,8.64,13.97,171158,29,9.6090,uuf250-0100.cnf,1500
luby,1500,250,1065,UNSAT,131838,154831,5645969,36,0,131837,8.34,13.78,124259,29,6.1548,uuf250-011.cnf,1500
luby,1500,250,1065,UNSAT,114430,133873,4977972,30,0,114429,8.57,13.71,106411,29,5.1784,uuf250-012.cnf,1500
luby,1500,250,1065,UNSAT,120137,140955,5085903,31,0,120136,8.31,13.49,112204,26,5.6009,uuf250-013.cnf,1500
luby,1500,250,1065,UNSAT,159999,185627,6905587,45,0,159998,8.37,14.00,150160,31,8.1508,uuf250-014.cnf,1500
luby,1500,250,1065,UNSAT,136818,159572,5878866,37,0,136817,8.75,13.99,130508,38,6.6940,uuf250-015.cnf,1500
luby,1500,250,1065,UNSAT,74651,87347,3161223,26,0,74650,8.29,13.42,70006,29,3.1643,uuf250-016.cnf,1500
luby,1500,250,1065,UNSAT,131133,153168,5482788,36,0,131132,8.52,13.79,124258,27,6.4432,uuf250-017.cnf,1500
luby,1500,250,1065,UNSAT,147292,172115,6414496,43,0,147291,8.65,13.78,136909,29,7.0722,uuf250-018.cnf,1500
luby,1500,250,1065,UNSAT,107030,124369,4651288,30,0,107029,8.45,14.07,100753,29,4.9642,uuf250-019.cnf,1500
luby,1500,250,1065,UNSAT,122592,143290,5219788,32,0,122591,8.50,13.84,112207,28,5.7931,uuf250-02.cnf,1500
luby,1500,250,1065,UNSAT,167312,196920,7034249,45,0,167311,8.78,14.06,157005,30,8.4420,uuf250-020.cnf,1500
luby,1500,250,1065,UNSAT,194803,227771,8476543,57,0,194802,8.84,14.35,185913,31,10.6288,uuf250-021.cnf,1500
luby,1500,250,1065,UNSAT,187009,217957,8096353,53,0,187008,8.88,14.40,178458,32,10.0383,uuf250-022.cnf,1500
luby,1500,250,1065,UNSAT,78617,91515,3340474,28,0,78616,8.47,13.70,70003,34,3.3773,uuf250-023.cnf,1500
luby,1500,250,1065,UNSAT,70255,82481,3044133,24,0,70254,8.01,13.20,65408,40,2.7762,uuf250-024.cnf,1500
luby,1500,250,1065,UNSAT,114496,133659,5028830,30,0,114495,8.58,13.92,106403,29,5.2855,uuf250-025.cnf,1500
luby,1500,250,1065,UNSAT,57043,66954,2481951,20,0,57042,8.00,13.41,52506,25,2.2384,uuf250-026.cnf,1500
luby,1500,250,1065,UNSAT,175436,204695,7505078,49,0,175435,8.87,14.53,164005,27,9.4307,uuf250-027.cnf,1500
luby,1500,250,1065,UNSAT,139181,162667,5957330,38,0,139180,8.78,14.21,130507,29,6.9431,uuf250-028.cnf,1500
luby,1500,250,1065,UNSAT,69247,80519,3007302,24,0,69246,8.22,13.66,60955,28,2.8835,uuf250-029.cnf,1500
luby,1500,250,1065,UNSAT,117143,136660,5113911,30,0,117142,8.55,14.05,106406,31,5.6254,uuf250-03.cnf,1500
luby,1500,250,1065,UNSAT,75063,88580,3113817,27,0,75062,8.35,13.29,70005,30,3.1179,uuf250-030.cnf,1500
luby,1500,250,1065,UNSAT,159883,188141,7115294,45,0,159882,8.96,14.54,150158,37,8.0530,uuf250-031.cnf,1500
luby,1500,250,1065,UNSAT,129096,150416,5433532,36,0,129095,8.44,13.46,118155,29,6.1641,uuf250-032.cnf,1500
luby,1500,250,1065,UNSAT,216119,252866,9144482,61,0,216118,8.89,14.24,201256,32,12.2805,uuf250-033.cnf,1500
luby,1500,250,1065,UNSAT,165655,194326,7136877,45,0,165654,8.74,14.39,157011,29,8.5512,uuf250-034.cnf,1500
luby,1500,250,1065,UNSAT,214553,250362,9045520,60,0,214552,8.79,14.20,201258,30,11.7532,uuf250-035.cnf,1500
luby,1500,250,1065,UNSAT,70023,82146,2986365,24,0,70022,8.33,13.66,65402,27,2.9191,uuf250-036.cnf,1500
luby,1500,250,1065,UNSAT,67391,78460,2844145,22,0,67390,8.19,13.24,60953,33,2.7098,uuf250-037.cnf,1500
luby,1500,250,1065,UNSAT,40952,47972,1773217,14,0,40951,7.94,13.01,37402,27,1.4954,uuf250-038.cnf,1500
luby,1500,250,1065,UNSAT,106624,124500,4555314,30,0,106623,8.36,13.65,100758,30,4.9017,uuf250-039.cnf,1500
luby,1500,250,1065,UNSAT,120939,141500,5061047,31,0,120938,8.50,14.00,112203,31,5.7029,uuf250-04.cnf,1500
luby,1500,250,1065,UNSAT,43387,50380,1844358,14,0,43386,8.05,13.02,37403,29,1.6322,uuf250-040.cnf,1500
luby,1500,250,1065,UNSAT,82765,97866,3632128,28,0,82764,8.31,13.93,74757,30,3.4534,uuf250-041.cnf,1500
luby,1500,250,1065,UNSAT,143441,166823,6156649,40,0,143440,8.52,13.87,136908,28,7.0716,uuf250-042.cnf,1500
luby,1500,250,1065,UNSAT,145726,170041,6249928,42,0,145725,8.71,14.13,136915,30,7.2079,uuf250-043.cnf,1500
luby,1500,250,1065,UNSAT,93539,110001,4018204,29,0,93538,8.37,13.92,84709,33,4.1516,uuf250-044.cnf,1500
luby,1500,250,1065,UNSAT,73821,86288,3224606,26,0,73820,8.25,13.49,65401,27,3.0939,uuf250-045.cnf,1500
luby,1500,250,1065,UNSAT,270556,316307,11559385,62,0,270555,9.29,15.05,259717,30,16.1263,uuf250-046.cnf,1500
luby,1500,250,1065,UNSAT,100033,117399,4282801,30,0,100032,8.42,13.51,89907,36,4.3845,uuf250-047.cnf,1500
luby,1500,250,1065,UNSAT,40177,46617,1770302,14,0,40176,8.06,13.11,34001,34,1.4852,uuf250-048.cnf,1500
luby,1500,250,1065,UNSAT,75327,88464,3425424,27,0,75326,8.26,13.77,70007,29,3.1004,uuf250-049.cnf,1500
luby,1500,250,1065,UNSAT,94627,110937,4025288,29,0,94626,8.42,13.83,84708,31,4.1564,uuf250-05.cnf,1500
luby,1500,250,1065,UNSAT,148979,174522,6237960,43,0,148978,9.04,14.38,136907,31,7.5904,uuf250-050.cnf,1500
luby,1500,250,1065,UNSAT,192883,224960,8353968,56,0,192882,8.86,14.39,178459,30,10.4674,uuf250-051.cnf,1500
luby,1500,250,1065,UNSAT,128308,149106,5407484,35,0,128307,8.63,14.04,118155,26,6.1941,uuf250-052.cnf,1500
luby,1500,250,1065,UNSAT,184747,216565,7815567,52,0,184746,8.80,14.28,171161,38,9.7257,uuf250-053.cnf,1500
luby,1500,250,1065,UNSAT,135611,157787,5968071,37,0,135610,8.68,14.08,124262,27,6.6061,uuf250-054.cnf,1500
luby,1500,250,1065,UNSAT,40759,47617,1716847,14,0,40758,7.72,12.67,34006,36,1.4957,uuf250-055.cnf,1500
luby,1500,250,1065,UNSAT,78074,91097,3389150,28,0,78073,8.37,13.63,70009,29,3.2769,uuf250-056.cnf,1500
luby,1500,250,1065,UNSAT,123603,145545,5285130,33,0,123602,8.52,14.14,112205,30,5.7504,uuf250-057.cnf,1500
luby,1500,250,1065,UNSAT,219140,254706,9425029,61,0,219139,8.89,14.27,209161,30,12.2548,uuf250-058.cnf,1500
luby,1500,250,1065,UNSAT,48678,56774,2081577,15,0,48677,8.07,12.98,44656,28,1.8584,uuf250-059.cnf,1500
luby,1500,250,1065,UNSAT,115444,135515,4948496,30,0,115443,8.68,14.23,106408,33,5.4867,uuf250-06.cnf,1500
luby,1500,250,1065,UNSAT,69706,81598,3008633,24,0,69705,8.11,13.30,60958,24,2.8157,uuf250-060.cnf,1500
luby,1500,250,1065,UNSAT,262169,306380,11253537,62,0,262168,9.16,14.86,250912,36,15.7472,uuf250-061.cnf,1500
luby,1500,250,1065,UNSAT,75463,89091,3230780,27,0,75462,8.16,13.36,70008,30,3.1138,uuf250-062.cnf,1500
luby,1500,250,1065,UNSAT,175580,205621,7512396,50,0,175579,8.77,14.25,164008,30,9.0866,uuf250-063.cnf,1500
luby,1500,250,1065,UNSAT,156382,181786,6758225,45,0,156381,8.76,14.34,143461,34,8.1328,uuf250-064.cnf,1500
luby,1500,250,1065,UNSAT,63243,73631,2708232,21,0,63242,7.95,13.15,56653,29,2.5618,uuf250-065.cnf,1500
luby,1500,250,1065,UNSAT,308047,358106,13260751,71,0,308046,8.96,14.77,296415,33,19.5006,uuf250-066.cnf,1500
luby,1500,250,1065,UNSAT,105708,123904,4616819,30,0,105707,8.51,13.96,95253,34,4.8019,uuf250-067.cnf,1500
luby,1500,250,1065,UNSAT,36573,42497,1589339,14,0,36572,7.81,12.61,30755,28,1.2752,uuf250-068.cnf,1500
luby,1500,250,1065,UNSAT,139165,163026,5843791,38,0,139164,8.52,13.84,130506,31,6.8371,uuf250-069.cnf,1500
luby,1500,250,1065,UNSAT,126998,147915,5429466,34,0,126997,8.70,13.99,118159,30,6.1439,uuf250-07.cnf,1500
luby,1500,250,1065,UNSAT,206042,240549,8938824,60,0,206041,9.09,14.88,193508,35,11.5594,uuf250-070.cnf,1500
luby,1500,250,1065,UNSAT,200537,234847,8495745,59,0,200536,9.23,14.89,185912,33,10.9494,uuf250-071.cnf,1500
luby,1500,250,1065,UNSAT,114179,133283,4900792,30,0,114178,8.46,14.09,106403,33,5.3421,uuf250-072.cnf,1500
luby,1500,250,1065,UNSAT,66996,79053,2954993,22,0,66995,8.35,13.58,60954,28,2.6474,uuf250-073.cnf,1500
luby,1500,250,1065,UNSAT,78704,92424,3336472,28,0,78703,8.25,13.16,70003,32,3.1856,uuf250-074.cnf,1500
luby,1500,250,1065,UNSAT,129861,152830,5614962,36,0,129860,8.60,14.29,118156,29,6.2770,uuf250-075.cnf,1500
luby,1500,250,1065,UNSAT,97022,113247,4079495,30,0,97021,8.19,13.24,89905,35,4.2669,uuf250-076.cnf,1500
luby,1500,250,1065,UNSAT,248482,290708,10804672,62,0,248481,9.13,14.82,233759,30,14.6207,uuf250-077.cnf,1500
luby,1500,250,1065,UNSAT,141018,164498,6028590,39,0,141017,8.72,14.01,130511,32,6.8658,uuf250-078.cnf,1500
luby,1500,250,1065,UNSAT,100930,118037,4357660,30,0,100929,8.53,13.98,95257,31,4.6126,uuf250-079.cnf,1500
luby,1500,250,1065,UNSAT,105587,124032,4494984,30,0,105586,8.48,13.85,95255,28,4.8423,uuf250-08.cnf,1500
luby,1500,250,1065,UNSAT,123285,144240,5246869,33,0,123284,8.42,13.96,112203,32,5.8647,uuf250-080.cnf,1500
luby,1500,250,1065,UNSAT,139202,162985,5886280,38,0,139201,8.64,14.07,130509,29,6.8510,uuf250-081.cnf,1500
luby,1500,250,1065,UNSAT,132477,154535,5671518,37,0,132476,8.64,14.13,124255,29,6.4362,uuf250-082.cnf,1500
luby,1500,250,1065,UNSAT,53196,62242,2345383,17,0,53195,8.13,13.73,48505,27,2.0532,uuf250-083.cnf,1500
luby,1500,250,1065,UNSAT,71663,83869,3155505,24,0,71662,8.18,13.49,65407,28,2.9183,uuf250-084.cnf,1500
luby,1500,250,1065,UNSAT,112146,130637,4751924,30,0,112145,8.64,13.92,106403,27,5.1225,uuf250-085.cnf,1500
luby,1500,250,1065,UNSAT,104026,121418,4416240,30,0,104025,8.19,13.37,95258,28,4.7039,uuf250-086.cnf,1500
luby,1500,250,1065,UNSAT,299753,350110,12911434,68,0,299752,9.08,14.62,287016,34,18.2750,uuf250-087.cnf,1500
luby,1500,250,1065,UNSAT,149066,174290,6362852,43,0,149065,8.78,14.15,136910,28,7.4621,uuf250-088.cnf,1500
luby,1500,250,1065,UNSAT,128252,149520,5590323,35,0,128251,8.68,14.30,118155,30,6.2266,uuf250-089.cnf,1500
luby,1500,250,1065,UNSAT,247071,287446,10786599,62,0,247070,9.14,14.75,233763,28,14.5407,uuf250-09.cnf,1500
luby,1500,250,1065,UNSAT,28159,33107,1201591,12,0,28158,7.74,12.79,24702,32,0.9531,uuf250-090.cnf,1500
luby,1500,250,1065,UNSAT,111924,131054,4921509,30,0,111923,8.34,13.82,100756,30,5.1049,uuf250-091.cnf,1500
luby,1500,250,1065,UNSAT,208398,243997,8786636,60,0,208397,8.88,14.54,193506,31,11.6728,uuf250-092.cnf,1500
luby,1500,250,1065,UNSAT,114136,134168,4903884,30,0,114135,8.22,13.67,106407,28,5.1672,uuf250-093.cnf,1500
luby,1500,250,1065,UNSAT,100275,117580,4266882,30,0,100274,8.30,13.48,89904,32,4.4807,uuf250-094.cnf,1500
luby,1500,250,1065,UNSAT,62309,72886,2624582,21,0,62308,8.15,13.04,56652,37,2.4394,uuf250-095.cnf,1500
luby,1500,250,1065,UNSAT,152655,177170,6549498,44,0,152654,8.58,14.12,143462,28,7.8474,uuf250-096.cnf,1500
luby,1500,250,1065,UNSAT,63613,74360,2763618,21,0,63612,8.27,13.74,56657,38,2.5585,uuf250-097.cnf,1500
luby,1500,250,1065,UNSAT,44213,51406,1951591,14,0,44212,7.75,12.68,37403,33,1.5965,uuf250-098.cnf,1500
luby,1500,250,1065,UNSAT,71692,83609,3058208,24,0,71691,8.06,13.20,65408,33,2.9403,uuf250-099.cnf,1500
luby,1600,250,1065,UNSAT,111478,130295,4932703,30,0,111477,8.65,13.92,100755,28,5.0257,uuf250-01.cnf,1600
luby,1600,250,1065,UNSAT,102578,120187,4429534,30,0,102577,8.54,14.07,95257,28,4.5615,uuf250-010.cnf,1600
luby,1600,250,1065,UNSAT,166374,194482,7020285,44,0,166373,8.50,13.78,157009,27,8.3804,uuf250-0100.cnf,1600
luby,1600,250,1065,UNSAT,146938,171757,6319276,37,0,146937,8.70,14.05,136906,29,7.2010,uuf250-011.cnf,1600
luby,1600,250,1065,UNSAT,113110,132414,4879655,30,0,113109,8.76,13.96,106407,27,5.1682,uuf250-012.cnf,1600
luby,1600,250,1065,UNSAT,116262,135755,4908655,30,0,116261,8.47,13.74,106408,26,5.3354,uuf250-013.cnf,1600
luby,1600,250,1065,UNSAT,182915,213845,7845507,48,0,182914,8.57,14.31,171161,31,9.8512,uuf250-014.cnf,1600
luby,1600,250,1065,UNSAT,148275,172787,6344916,38,0,148274,8.75,14.09,136913,38,7.3234,uuf250-015.cnf,1600
luby,1600,250,1065,UNSAT,77848,90654,3290429,25,0,77847,8.54,13.63,70007,29,3.3090,uuf250-016.cnf,1600
luby,1600,250,1065,UNSAT,128785,150340,5450857,31,0,128784,8.47,13.88,118159,29,6.2199,uuf250-017.cnf,1600
luby,1600,250,1065,UNSAT,145832,170324,6334706,37,0,145831,8.64,13.88,136906,29,6.9490,uuf250-018.cnf,1600
luby,1600,250,1065,UNSAT,139097,160864,5974957,36,0,139096,8.77,14.37,130513,29,7.1099,uuf250-019.cnf,1600
luby,1600,250,1065,UNSAT,110197,128892,4710629,30,0,110196,8.43,13.70,100754,28,4.9988,uuf250-02.cnf,1600
luby,1600,250,1065,UNSAT,179723,210283,7565979,46,0,179722,8.89,14.30,171156,28,9.4918,uuf250-020.cnf,1600
luby,1600,250,1065,UNSAT,177137,207317,7673123,45,0,177136,8.92,14.32,164007,33,9.1882,uuf250-021.cnf,1600
luby,1600,250,1065,UNSAT,173045,201425,7492702,45,0,173044,8.86,14.15,164011,32,9.0118,uuf250-022.cnf,1600
luby,1600,250,1065,UNSAT,76653,89428,3250338,24,0,76652,8.44,13.57,70005,34,3.2338,uuf250-023.cnf,1600
luby,1600,250,1065,UNSAT,82072,96205,3550428,27,0,82071,8.26,13.55,74756,40,3.4460,uuf250-024.cnf,1600
luby,1600,250,1065,UNSAT,111080,129510,4915614,30,0,111079,8.73,13.95,100758,29,5.1411,uuf250-025.cnf,1600
luby,1600,250,1065,UNSAT,56584,66292,2458599,17,0,56583,8.10,13.58,52504,25,2.2434,uuf250-026.cnf,1600
luby,1600,250,1065,UNSAT,162090,188915,6980318,44,0,162089,8.66,14.22,150153,28,8.2942,uuf250-027.cnf,1600
luby,1600,250,1065,UNSAT,144735,168309,6182776,37,0,144734,8.69,14.08,136915,29,7.2871,uuf250-028.cnf,1600
luby,1600,250,1065,UNSAT,88241,102424,3801497,28,0,88240,8.44,13.88,79657,28,3.9793,uuf250-029.cnf,1600
luby,1600,250,1065,UNSAT,111152,129330,4842504,30,0,111151,8.44,14.03,100756,31,5.1876,uuf250-03.cnf,1600
luby,1600,250,1065,UNSAT,84180,98818,3483280,28,0,84179,8.46,13.59,74758,29,3.5783,uuf250-030.cnf,1600
luby,1600,250,1065,UNSAT,164627,192716,7264362,44,0,164626,8.87,14.44,157012,37,8.3216,uuf250-031.cnf,1600
luby,1600,250,1065,UNSAT,98661,115145,4197033,29,0,98660,8.38,13.60,89906,29,4.3261,uuf250-032.cnf,1600
luby,1600,250,1065,UNSAT,189708,222347,8114287,51,0,189707,8.74,14.25,178459,29,10.4786,uuf250-033.cnf,1600
luby,1600,250,1065,UNSAT,183543,215411,7880697,48,0,183542,8.82,14.49,171164,30,9.7595,uuf250-034.cnf,1600
luby,1600,250,1065,UNSAT,195407,227968,8249427,52,0,195406,8.85,14.22,185908,30,10.7150,uuf250-035.cnf,1600
luby,1600,250,1065,UNSAT,69931,82041,2974852,21,0,69930,8.12,13.43,65402,28,2.8723,uuf250-036.cnf,1600
luby,1600,250,1065,UNSAT,53177,62496,2251419,16,0,53176,7.85,12.85,48505,33,2.0451,uuf250-037.cnf,1600
luby,1600,250,1065,UNSAT,44034,51562,1905712,14,0,44033,8.10,13.03,37403,28,1.6151,uuf250-038.cnf,1600
luby,1600,250,1065,UNSAT,86691,101410,3722267,28,0,86690,8.31,13.65,79655,31,3.7598,uuf250-039.cnf,1600
luby,1600,250,1065,UNSAT,126600,147856,5318929,30,0,126599,8.39,13.86,118166,30,6.0633,uuf250-04.cnf,1600
luby,1600,250,1065,UNSAT,39523,45706,1686130,14,0,39522,7.91,12.66,34001,29,1.4045,uuf250-040.cnf,1600
luby,1600,250,1065,UNSAT,94766,111454,4164219,29,0,94765,8.60,14.16,84708,30,4.2155,uuf250-041.cnf,1600
luby,1600,250,1065,UNSAT,126878,147479,5461787,30,0,126877,8.58,13.92,118156,32,6.0581,uuf250-042.cnf,1600
luby,1600,250,1065,UNSAT,147505,171994,6314068,38,0,147504,8.75,14.04,136911,30,7.2327,uuf250-043.cnf,1600
luby,1600,250,1065,UNSAT,119251,138941,5183780,30,0,119250,8.61,13.97,112208,33,5.5976,uuf250-044.cnf,1600
luby,1600,250,1065,UNSAT,71992,84758,3135522,22,0,71991,8.14,13.36,65404,27,2.9271,uuf250-045.cnf,1600
luby,1600,250,1065,UNSAT,282064,329217,11938953,62,0,282063,9.24,15.03,268658,29,17.2982,uuf250-046.cnf,1600
luby,1600,250,1065,UNSAT,86860,101799,3746025,28,0,86859,8.43,13.69,79663,36,3.8062,uuf250-047.cnf,1600
luby,1600,250,1065,UNSAT,37857,44300,1659520,13,0,37856,7.82,12.93,34001,34,1.3710,uuf250-048.cnf,1600
luby,1600,250,1065,UNSAT,80461,94910,3644811,27,0,80460,8.50,14.01,74753,28,3.3518,uuf250-049.cnf,1600
luby,1600,250,1065,UNSAT,95926,112665,4083382,29,0,95925,8.15,13.54,89907,31,4.1737,uuf250-05.cnf,1600
luby,1600,250,1065,UNSAT,136353,159248,5741626,35,0,136352,8.72,14.09,124263,30,6.6365,uuf250-050.cnf,1600
luby,1600,250,1065,UNSAT,157298,184561,6828623,43,0,157297,8.65,14.26,150157,30,8.0150,uuf250-051.cnf,1600
luby,1600,250,1065,UNSAT,116660,136349,4911794,30,0,116659,8.51,13.82,106402,27,5.5084,uuf250-052.cnf,1600
luby,1600,250,1065,UNSAT,191897,224722,8100003,51,0,191896,8.65,14.07,178462,38,10.1908,uuf250-053.cnf,1600
luby,1600,250,1065,UNSAT,126616,147709,5585163,30,0,126615,8.74,14.31,118155,28,6.0657,uuf250-054.cnf,1600
luby,1600,250,1065,UNSAT,45832,52843,1912985,14,0,45831,7.74,12.48,40957,36,1.6931,uuf250-055.cnf,1600
luby,1600,250,1065,UNSAT,88841,104393,3854503,28,0,88840,8.45,13.84,79655,29,3.8438,uuf250-056.cnf,1600
luby,1600,250,1065,UNSAT,124572,147040,5266910,30,0,124571,8.65,14.31,118157,30,5.8730,uuf250-057.cnf,1600
luby,1600,250,1065,UNSAT,171804,200750,7486924,45,0,171803,8.62,13.95,164010,30,8.8062,uuf250-058.cnf,1600
luby,1600,250,1065,UNSAT,48709,57021,2076886,14,0,48708,8.01,13.05,44652,28,1.8209,uuf250-059.cnf,1600
luby,1600,250,1065,UNSAT,106326,124522,4541732,30,0,106325,8.65,14.16,100758,29,4.9388,uuf250-06.cnf,1600
luby,1600,250,1065,UNSAT,72346,84651,3113590,23,0,72345,8.24,13.47,65408,25,2.9436,uuf250-060.cnf,1600
luby,1600,250,1065,UNSAT,187030,217883,8163364,49,0,187029,9.02,14.65,178457,36,10.1362,uuf250-061.cnf,1600
luby,1600,250,1065,UNSAT,74343,87290,3187747,24,0,74342,8.08,13.27,65404,29,3.0848,uuf250-062.cnf,1600
luby,1600,250,1065,UNSAT,140472,164859,6074216,36,0,140471,8.47,14.13,130516,34,6.8198,uuf250-063.cnf,1600
luby,1600,250,1065,UNSAT,136809,159332,5895113,35,0,136808,8.63,14.31,130509,34,6.8662,uuf250-064.cnf,1600
luby,1600,250,1065,UNSAT,70108,81033,3000855,21,0,70107,8.22,13.48,65406,29,2.9526,uuf250-065.cnf,1600
luby,1600,250,1065,UNSAT,296508,345243,12774010,62,0,296507,8.99,14.74,287013,33,18.2952,uuf250-066.cnf,1600
luby,1600,250,1065,UNSAT,105382,124262,4632747,30,0,105381,8.41,13.86,95253,34,4.8074,uuf250-067.cnf,1600
luby,1600,250,1065,UNSAT,32797,37767,1439139,13,0,32796,7.58,12.43,27654,29,1.1551,uuf250-068.cnf,1600
luby,1600,250,1065,UNSAT,130431,152943,5521664,32,0,130430,8.70,14.09,124258,28,6.3546,uuf250-069.cnf,1600
luby,1600,250,1065,UNSAT,111948,130914,4789508,30,0,111947,8.41,13.75,100756,30,5.2170,uuf250-07.cnf,1600
luby,1600,250,1065,UNSAT,240101,280313,10385785,61,0,240100,9.08,14.96,225408,30,14.0453,uuf250-070.cnf,1600
luby,1600,250,1065,UNSAT,190891,223803,8097404,51,0,190890,9.16,14.96,178461,33,10.4258,uuf250-071.cnf,1600
luby,1600,250,1065,UNSAT,130193,151860,5581977,32,0,130192,8.56,13.90,118155,33,6.2582,uuf250-072.cnf,1600
luby,1600,250,1065,UNSAT,60828,71528,2692157,20,0,60827,8.31,13.65,56656,28,2.3954,uuf250-073.cnf,1600
luby,1600,250,1065,UNSAT,80986,95138,3452427,27,0,80985,8.30,13.36,74753,28,3.3459,uuf250-074.cnf,1600
luby,1600,250,1065,UNSAT,115892,136290,5030746,30,0,115891,8.66,14.46,106413,29,5.4507,uuf250-075.cnf,1600
luby,1600,250,1065,UNSAT,79214,92699,3359736,26,0,79213,7.91,12.87,70009,35,3.2587,uuf250-076.cnf,1600
luby,1600,250,1065,UNSAT,274953,321330,11858363,62,0,274952,8.87,14.64,259713,28,16.7248,uuf250-077.cnf,1600
luby,1600,250,1065,UNSAT,117620,137005,5090901,30,0,117619,8.45,13.73,106407,32,5.4435,uuf250-078.cnf,1600
luby,1600,250,1065,UNSAT,124848,145289,5353521,30,0,124847,8.64,14.03,118158,31,6.0900,uuf250-079.cnf,1600
luby,1600,250,1065,UNSAT,112349,131268,4775871,30,0,112348,8.38,13.62,106407,27,5.2689,uuf250-08.cnf,1600
luby,1600,250,1065,UNSAT,159325,185495,6767878,43,0,159324,8.75,14.04,150158,32,8.2445,uuf250-080.cnf,1600
luby,1600,250,1065,UNSAT,134339,157041,5720951,33,0,134338,8.56,13.91,124258,31,6.5095,uuf250-081.cnf,1600
luby,1600,250,1065,UNSAT,139353,162255,5950544,36,0,139352,8.60,14.07,130507,27,6.8477,uuf250-082.cnf,1600
luby,1600,250,1065,UNSAT,50323,59136,2229548,14,0,50322,8.08,13.91,44655,27,1.9302,uuf250-083.cnf,1600
luby,1600,250,1065,UNSAT,76723,89909,3356148,24,0,76722,8.50,13.86,70003,32,3.2297,uuf250-084.cnf,1600
luby,1600,250,1065,UNSAT,93567,109025,3982848,29,0,93566,8.45,13.73,84708,31,4.1031,uuf250-085.cnf,1600
luby,1600,250,1065,UNSAT,106082,123726,4471840,30,0,106081,8.10,13.03,95255,28,4.6989,uuf250-086.cnf,1600
luby,1600,250,1065,UNSAT,319284,372945,13685429,68,0,319283,9.28,15.01,305962,29,19.9872,uuf250-087.cnf,1600
luby,1600,250,1065,UNSAT,125457,145903,5383147,30,0,125456,8.66,14.00,118154,28,6.0295,uuf250-088.cnf,1600
luby,1600,250,1065,UNSAT,128510,150171,5582391,31,0,128509,8.40,13.89,118158,30,6.1351,uuf250-089.cnf,1600
luby,1600,250,1065,UNSAT,267631,311150,11670420,62,0,267630,9.01,14.60,250910,29,16.0002,uuf250-09.cnf,1600
luby,1600,250,1065,UNSAT,26068,30298,1126257,10,0,26067,7.51,12.53,21901,32,0.8641,uuf250-090.cnf,1600
luby,1600,250,1065,UNSAT,106970,125960,4670324,30,0,106969,8.42,14.15,100757,30,4.7901,uuf250-091.cnf,1600
luby,1600,250,1065,UNSAT,180974,211971,7693283,47,0,180973,8.81,14.32,171152,30,9.5826,uuf250-092.cnf,1600
luby,1600,250,1065,UNSAT,124179,145686,5348302,30,0,124178,8.36,13.68,118154,30,5.7879,uuf250-093.cnf,1600
luby,1600,250,1065,UNSAT,92287,108281,3924858,29,0,92286,8.38,13.74,84709,28,4.1130,uuf250-094.cnf,1600
luby,1600,250,1065,UNSAT,71886,83824,3012595,22,0,71885,8.23,13.10,65404,37,2.9905,uuf250-095.cnf,1600
luby,1600,250,1065,UNSAT,145221,168729,6227568,37,0,145220,8.68,14.17,136907,29,7.3866,uuf250-096.cnf,1600
luby,1600,250,1065,UNSAT,66816,77835,2914619,21,0,66815,8.37,13.71,60953,38,2.7331,uuf250-097.cnf,1600
luby,1600,250,1065,UNSAT,39356,45821,1730297,14,0,39355,7.88,12.89,34005,33,1.3969,uuf250-098.cnf,1600
luby,1600,250,1065,UNSAT,72438,84625,3081631,23,0,72437,8.09,13.28,65405,33,2.9744,uuf250-099.cnf,1600
luby,1700,250,1065,UNSAT,108855,127257,4766867,30,0,108854,8.64,14.07,100755,26,4.9213,uuf250-01.cnf,1700
luby,1700,250,1065,UNSAT,99081,116012,4310456,29,0,99080,8.49,14.06,89904,28,4.3635,uuf250-010.cnf,1700
luby,1700,250,1065,UNSAT,183560,214461,7728069,45,0,183559,8.76,14.12,171164,28,9.7379,uuf250-0100.cnf,1700
luby,1700,250,1065,UNSAT,148627,173519,6394434,36,0,148626,8.39,13.75,136902,31,7.3030,uuf250-011.cnf,1700
luby,1700,250,1065,UNSAT,134246,156453,5813920,30,0,134245,8.71,13.84,124261,27,6.4939,uuf250-012.cnf,1700
luby,1700,250,1065,UNSAT,114671,133555,4834870,30,0,114670,8.36,13.55,106408,31,5.2922,uuf250-013.cnf,1700
luby,1700,250,1065,UNSAT,151601,176334,6554161,37,0,151600,8.59,14.33,143460,31,7.6081,uuf250-014.cnf,1700
luby,1700,250,1065,UNSAT,137288,159937,5868156,31,0,137287,8.86,14.19,130506,38,6.7526,uuf250-015.cnf,1700
luby,1700,250,1065,UNSAT,76349,89221,3209201,22,0,76348,8.30,13.44,70007,29,3.2387,uuf250-016.cnf,1700
luby,1700,250,1065,UNSAT,109431,128142,4603431,30,0,109430,8.32,13.66,100760,30,5.1062,uuf250-017.cnf,1700
luby,1700,250,1065,UNSAT,124467,144833,5422167,30,0,124466,8.49,13.65,118158,29,5.7645,uuf250-018.cnf,1700
luby,1700,250,1065,UNSAT,119773,139173,5210043,30,0,119772,8.72,14.25,112207,31,5.8035,uuf250-019.cnf,1700
luby,1700,250,1065,UNSAT,119877,140304,5122340,30,0,119876,8.49,13.87,112215,29,5.5689,uuf250-02.cnf,1700
luby,1700,250,1065,UNSAT,154707,181656,6574267,37,0,154706,8.50,13.92,143457,28,7.6031,uuf250-020.cnf,1700
luby,1700,250,1065,UNSAT,155523,181607,6762217,37,0,155522,8.63,14.17,143462,31,7.8352,uuf250-021.cnf,1700
luby,1700,250,1065,UNSAT,155411,181211,6780885,37,0,155410,8.70,14.32,143454,32,7.8055,uuf250-022.cnf,1700
luby,1700,250,1065,UNSAT,72643,84438,3099897,21,0,72642,8.36,13.74,65404,34,3.0609,uuf250-023.cnf,1700
luby,1700,250,1065,UNSAT,74430,87499,3254943,21,0,74429,8.03,13.33,65408,40,2.9634,uuf250-024.cnf,1700
luby,1700,250,1065,UNSAT,120178,140479,5230744,30,0,120177,8.50,13.87,112206,28,5.6505,uuf250-025.cnf,1700
luby,1700,250,1065,UNSAT,54243,63975,2357546,14,0,54242,7.88,13.22,48503,26,2.0371,uuf250-026.cnf,1700
luby,1700,250,1065,UNSAT,157236,183108,6769878,38,0,157235,8.53,14.01,150158,28,8.0266,uuf250-027.cnf,1700
luby,1700,250,1065,UNSAT,142056,166463,6078999,33,0,142055,8.65,14.15,130509,29,7.0730,uuf250-028.cnf,1700
luby,1700,250,1065,UNSAT,70291,81644,3032348,21,0,70290,8.23,13.73,65408,28,2.9775,uuf250-029.cnf,1700
luby,1700,250,1065,UNSAT,114832,133407,5013402,30,0,114831,8.51,13.83,106409,31,5.4080,uuf250-03.cnf,1700
luby,1700,250,1065,UNSAT,71176,83792,2946377,21,0,71175,8.24,13.38,65404,29,2.9216,uuf250-030.cnf,1700
luby,1700,250,1065,UNSAT,172485,202204,7613721,44,0,172484,9.08,14.71,164007,37,8.9236,uuf250-031.cnf,1700
luby,1700,250,1065,UNSAT,105814,123216,4523240,29,0,105813,8.44,13.67,95257,29,4.8721,uuf250-032.cnf,1700
luby,1700,250,1065,UNSAT,183134,214277,7829670,45,0,183133,8.62,14.02,171163,28,9.7409,uuf250-033.cnf,1700
luby,1700,250,1065,UNSAT,181646,212773,7874220,45,0,181645,8.96,14.55,171161,29,9.6964,uuf250-034.cnf,1700
luby,1700,250,1065,UNSAT,162399,190147,6926914,40,0,162398,8.81,14.25,150158,30,8.3658,uuf250-035.cnf,1700
luby,1700,250,1065,UNSAT,77229,90744,3259638,23,0,77228,8.37,13.55,70005,27,3.2176,uuf250-036.cnf,1700
luby,1700,250,1065,UNSAT,54786,63954,2338020,15,0,54785,8.14,12.97,48503,33,2.0996,uuf250-037.cnf,1700
luby,1700,250,1065,UNSAT,42651,49902,1835135,14,0,42650,7.83,12.78,37401,27,1.5346,uuf250-038.cnf,1700
luby,1700,250,1065,UNSAT,89676,104851,3844979,28,0,89675,8.23,13.47,79654,28,3.9310,uuf250-039.cnf,1700
luby,1700,250,1065,UNSAT,109957,129122,4650283,30,0,109956,8.44,13.99,100755,28,4.9711,uuf250-04.cnf,1700
luby,1700,250,1065,UNSAT,39782,46419,1692006,13,0,39781,7.96,12.81,34001,29,1.4394,uuf250-040.cnf,1700
luby,1700,250,1065,UNSAT,90792,107267,3988997,28,0,90791,8.63,14.53,84708,30,3.9582,uuf250-041.cnf,1700
luby,1700,250,1065,UNSAT,115662,134452,5008617,30,0,115661,8.61,14.01,106403,31,5.4498,uuf250-042.cnf,1700
luby,1700,250,1065,UNSAT,157345,183659,6770200,38,0,157344,8.66,13.99,150154,30,7.9023,uuf250-043.cnf,1700
luby,1700,250,1065,UNSAT,117111,137073,5033258,30,0,117110,8.73,14.16,106406,33,5.4347,uuf250-044.cnf,1700
luby,1700,250,1065,UNSAT,71335,83502,3105362,21,0,71334,8.03,13.21,65403,27,2.8753,uuf250-045.cnf,1700
luby,1700,250,1065,UNSAT,228900,268763,9833967,59,0,228899,9.25,15.21,217208,31,13.0591,uuf250-046.cnf,1700
luby,1700,250,1065,UNSAT,90724,106282,3926371,28,0,90723,8.52,13.74,84709,36,3.9274,uuf250-047.cnf,1700
luby,1700,250,1065,UNSAT,42018,49056,1821716,14,0,42017,7.92,12.86,37404,34,1.5466,uuf250-048.cnf,1700
luby,1700,250,1065,UNSAT,88513,103619,3973951,28,0,88512,8.78,14.22,79653,26,3.7840,uuf250-049.cnf,1700
luby,1700,250,1065,UNSAT,92677,108591,3950570,28,0,92676,8.31,13.56,84708,31,3.9859,uuf250-05.cnf,1700
luby,1700,250,1065,UNSAT,137829,161236,5784805,32,0,137828,8.61,13.95,130502,31,6.7684,uuf250-050.cnf,1700
luby,1700,250,1065,UNSAT,198482,230962,8584113,49,0,198481,8.89,14.42,185907,30,10.8947,uuf250-051.cnf,1700
luby,1700,250,1065,UNSAT,141739,164747,5959620,33,0,141738,8.54,13.91,130508,27,7.0403,uuf250-052.cnf,1700
luby,1700,250,1065,UNSAT,171108,200337,7272566,44,0,171107,8.90,14.39,164012,38,8.7115,uuf250-053.cnf,1700
luby,1700,250,1065,UNSAT,121902,142151,5380005,30,0,121901,8.52,13.92,112209,30,5.7587,uuf250-054.cnf,1700
luby,1700,250,1065,UNSAT,45428,52685,1905384,14,0,45427,8.00,12.90,40953,36,1.6970,uuf250-055.cnf,1700
luby,1700,250,1065,UNSAT,85746,100166,3679612,27,0,85745,8.43,13.74,79653,29,3.6331,uuf250-056.cnf,1700
luby,1700,250,1065,UNSAT,136280,160351,5842588,31,0,136279,8.71,14.41,124255,30,6.6684,uuf250-057.cnf,1700
luby,1700,250,1065,UNSAT,205444,239374,8819977,52,0,205443,9.10,14.44,193511,31,11.1544,uuf250-058.cnf,1700
luby,1700,250,1065,UNSAT,52785,61698,2234711,14,0,52784,7.88,13.01,48501,28,2.0165,uuf250-059.cnf,1700
luby,1700,250,1065,UNSAT,132316,155101,5620929,30,0,132315,8.59,14.14,124261,27,6.6242,uuf250-06.cnf,1700
luby,1700,250,1065,UNSAT,70616,82643,3046789,21,0,70615,8.18,13.29,65404,28,2.8753,uuf250-060.cnf,1700
luby,1700,250,1065,UNSAT,209820,244789,9068157,52,0,209819,9.03,14.70,201263,36,11.7906,uuf250-061.cnf,1700
luby,1700,250,1065,UNSAT,78616,92810,3362334,24,0,78615,8.20,13.51,70008,29,3.3336,uuf250-062.cnf,1700
luby,1700,250,1065,UNSAT,133039,156200,5767741,30,0,133038,8.37,14.16,124255,27,6.3890,uuf250-063.cnf,1700
luby,1700,250,1065,UNSAT,155557,181393,6708478,37,0,155556,8.76,14.36,143458,34,7.9730,uuf250-064.cnf,1700
luby,1700,250,1065,UNSAT,65390,76150,2784335,20,0,65389,8.04,13.09,60955,29,2.6577,uuf250-065.cnf,1700
luby,1700,250,1065,UNSAT,283192,330008,12168257,62,0,283191,8.76,14.49,268655,31,17.2563,uuf250-066.cnf,1700
luby,1700,250,1065,UNSAT,109578,128491,4807170,30,0,109577,8.40,13.78,100756,34,4.9882,uuf250-067.cnf,1700
luby,1700,250,1065,UNSAT,30391,35329,1330919,11,0,30390,7.62,12.56,24702,28,1.0172,uuf250-068.cnf,1700
luby,1700,250,1065,UNSAT,127098,148773,5375595,30,0,127097,8.46,13.84,118156,27,6.0912,uuf250-069.cnf,1700
luby,1700,250,1065,UNSAT,122571,142484,5229491,30,0,122570,8.48,13.79,112204,30,5.8051,uuf250-07.cnf,1700
luby,1700,250,1065,UNSAT,242950,282379,10463096,60,0,242949,8.95,14.59,233763,27,14.3971,uuf250-070.cnf,1700
luby,1700,250,1065,UNSAT,184245,215974,7878164,45,0,184244,8.97,14.55,171160,33,9.7446,uuf250-071.cnf,1700
luby,1700,250,1065,UNSAT,120641,140753,5192562,30,0,120640,8.47,13.90,112209,33,5.7719,uuf250-072.cnf,1700
luby,1700,250,1065,UNSAT,60585,71040,2679723,17,0,60584,8.37,13.68,52502,28,2.3951,uuf250-073.cnf,1700
luby,1700,250,1065,UNSAT,95524,111953,3983420,29,0,95523,8.37,13.42,89908,28,4.1666,uuf250-074.cnf,1700
luby,1700,250,1065,UNSAT,134619,158257,5798224,30,0,134618,8.89,14.56,124260,28,6.6394,uuf250-075.cnf,1700
luby,1700,250,1065,UNSAT,113528,131704,4766265,30,0,113527,8.46,13.43,106404,35,5.2145,uuf250-076.cnf,1700
luby,1700,250,1065,UNSAT,227040,266313,9905602,59,0,227039,8.95,14.73,217208,30,12.9212,uuf250-077.cnf,1700
luby,1700,250,1065,UNSAT,142937,166435,6172391,34,0,142936,8.66,13.92,130514,32,7.0213,uuf250-078.cnf,1700
luby,1700,250,1065,UNSAT,108067,125880,4670566,29,0,108066,8.55,14.14,100760,31,5.0878,uuf250-079.cnf,1700
luby,1700,250,1065,UNSAT,114741,134105,4883862,30,0,114740,8.54,13.73,106407,29,5.3145,uuf250-08.cnf,1700
luby,1700,250,1065,UNSAT,168585,197004,7113992,43,0,168584,8.68,14.04,157007,32,8.9246,uuf250-080.cnf,1700
luby,1700,250,1065,UNSAT,144430,168826,6165464,34,0,144429,8.49,13.88,136908,31,7.2035,uuf250-081.cnf,1700
luby,1700,250,1065,UNSAT,129673,150694,5566075,30,0,129672,8.40,14.06,118156,28,6.2954,uuf250-082.cnf,1700
luby,1700,250,1065,UNSAT,54092,63644,2367285,14,0,54091,8.13,13.74,48502,27,2.1032,uuf250-083.cnf,1700
luby,1700,250,1065,UNSAT,72397,84492,3199885,21,0,72396,8.40,14.07,65406,26,3.0031,uuf250-084.cnf,1700
luby,1700,250,1065,UNSAT,97568,113803,4129612,29,0,97567,8.28,13.57,89905,27,4.3413,uuf250-085.cnf,1700
luby,1700,250,1065,UNSAT,101064,118042,4284822,29,0,101063,8.37,13.48,95255,30,4.5523,uuf250-086.cnf,1700
luby,1700,250,1065,UNSAT,313283,365239,13545281,62,0,313282,9.21,14.99,296405,31,19.4937,uuf250-087.cnf,1700
luby,1700,250,1065,UNSAT,152026,177534,6445763,37,0,152025,8.70,14.10,143461,28,7.6610,uuf250-088.cnf,1700
luby,1700,250,1065,UNSAT,119526,139735,5186255,30,0,119525,8.68,14.33,112212,30,5.7516,uuf250-089.cnf,1700
luby,1700,250,1065,UNSAT,273348,317874,11903506,62,0,273347,9.13,14.82,259709,28,16.3660,uuf250-09.cnf,1700
luby,1700,250,1065,UNSAT,33796,39128,1437036,12,0,33795,7.72,12.81,27651,32,1.1999,uuf250-090.cnf,1700
luby,1700,250,1065,UNSAT,127509,149653,5564768,30,0,127508,8.48,14.18,118161,30,6.0553,uuf250-091.cnf,1700
luby,1700,250,1065,UNSAT,190526,222558,8093862,46,0,190525,8.91,14.47,178462,27,10.3271,uuf250-092.cnf,1700
luby,1700,250,1065,UNSAT,113896,133925,4964307,30,0,113895,8.33,13.75,106407,27,5.2789,uuf250-093.cnf,1700
luby,1700,250,1065,UNSAT,104659,122937,4425683,29,0,104658,8.52,13.70,95259,29,4.7853,uuf250-094.cnf,1700
luby,1700,250,1065,UNSAT,72719,85036,3071256,21,0,72718,8.03,12.81,65403,37,2.9814,uuf250-095.cnf,1700
luby,1700,250,1065,UNSAT,140893,163034,6061003,33,0,140892,8.59,13.99,130507,30,7.0840,uuf250-096.cnf,1700
luby,1700,250,1065,UNSAT,67725,79489,2936654,20,0,67724,8.20,13.47,60959,38,2.7573,uuf250-097.cnf,1700
luby,1700,250,1065,UNSAT,39810,46580,1746317,13,0,39809,7.98,13.22,34002,33,1.4428,uuf250-098.cnf,1700
luby,1700,250,1065,UNSAT,72755,85058,3120044,21,0,72754,8.13,13.31,65404,33,2.9251,uuf250-099.cnf,1700
luby,1800,250,1065,UNSAT,110780,129954,4892991,29,0,110779,8.51,14.03,100752,29,4.9887,uuf250-01.cnf,1800
luby,1800,250,1065,UNSAT,93430,109562,4059293,27,0,93429,8.34,13.91,84703,28,4.0414,uuf250-010.cnf,1800
luby,1800,250,1065,UNSAT,161677,188476,6816349,37,0,161676,8.54,13.86,150159,27,8.1582,uuf250-0100.cnf,1800
luby,1800,250,1065,UNSAT,158914,186068,6771607,37,0,158913,8.57,13.99,150157,29,7.8822,uuf250-011.cnf,1800
luby,1800,250,1065,UNSAT,130840,153450,5618031,30,0,130839,8.54,13.70,124258,30,6.1161,uuf250-012.cnf,1800
luby,1800,250,1065,UNSAT,108616,126988,4568645,29,0,108615,8.44,13.70,100755,29,4.9460,uuf250-013.cnf,1800
luby,1800,250,1065,UNSAT,160777,187336,6910096,37,0,160776,8.55,14.21,150160,31,8.2489,uuf250-014.cnf,1800
luby,1800,250,1065,UNSAT,151325,175775,6414851,34,0,151324,8.75,14.15,143459,38,7.6076,uuf250-015.cnf,1800
luby,1800,250,1065,UNSAT,72183,84400,3061935,21,0,72182,8.40,13.58,65403,29,3.0017,uuf250-016.cnf,1800
luby,1800,250,1065,UNSAT,125645,147137,5250305,30,0,125644,8.25,13.54,118157,27,5.9692,uuf250-017.cnf,1800
luby,1800,250,1065,UNSAT,130326,151664,5674286,30,0,130325,8.75,13.97,118152,29,6.1625,uuf250-018.cnf,1800
luby,1800,250,1065,UNSAT,104320,120921,4539247,29,0,104319,8.47,14.10,95253,26,4.8279,uuf250-019.cnf,1800
luby,1800,250,1065,UNSAT,135123,157669,5724792,30,0,135122,8.61,13.97,124258,28,6.6464,uuf250-02.cnf,1800
luby,1800,250,1065,UNSAT,168581,197650,7078673,39,0,168580,8.77,14.13,157007,29,8.6768,uuf250-020.cnf,1800
luby,1800,250,1065,UNSAT,167718,196636,7317319,39,0,167717,8.58,14.11,157012,31,8.5130,uuf250-021.cnf,1800
luby,1800,250,1065,UNSAT,199530,232193,8626284,45,0,199529,8.95,14.29,185910,32,10.9575,uuf250-022.cnf,1800
luby,1800,250,1065,UNSAT,69771,81249,2987277,20,0,69770,8.29,13.57,60955,34,2.9167,uuf250-023.cnf,1800
luby,1800,250,1065,UNSAT,103829,121906,4406825,29,0,103828,8.54,13.86,95253,40,4.6474,uuf250-024.cnf,1800
luby,1800,250,1065,UNSAT,110143,128923,4868294,29,0,110142,8.44,13.82,100758,28,4.9950,uuf250-025.cnf,1800
luby,1800,250,1065,UNSAT,54440,63907,2381001,14,0,54439,8.16,13.50,48505,26,2.0853,uuf250-026.cnf,1800
luby,1800,250,1065,UNSAT,155699,181415,6710820,36,0,155698,8.62,14.13,143461,27,7.9437,uuf250-027.cnf,1800
luby,1800,250,1065,UNSAT,136568,159687,5857524,30,0,136567,8.67,14.22,124260,29,6.7056,uuf250-028.cnf,1800
luby,1800,250,1065,UNSAT,76932,89500,3318402,21,0,76931,8.19,13.59,70005,28,3.2937,uuf250-029.cnf,1800
luby,1800,250,1065,UNSAT,110264,128394,4773577,29,0,110263,8.44,14.11,100754,31,5.3016,uuf250-03.cnf,1800
luby,1800,250,1065,UNSAT,75549,88971,3121826,21,0,75548,8.31,13.35,70005,31,3.1539,uuf250-030.cnf,1800
luby,1800,250,1065,UNSAT,159829,187637,7053128,37,0,159828,8.85,14.43,150156,37,7.9362,uuf250-031.cnf,1800
luby,1800,250,1065,UNSAT,116459,135112,4955670,30,0,116458,8.55,13.67,106410,29,5.4264,uuf250-032.cnf,1800
luby,1800,250,1065,UNSAT,176291,206606,7508546,42,0,176290,8.71,14.14,164012,28,9.4170,uuf250-033.cnf,1800
luby,1800,250,1065,UNSAT,218916,255181,9419769,52,0,218915,9.04,14.65,209162,28,12.3252,uuf250-034.cnf,1800
luby,1800,250,1065,UNSAT,144975,170255,6189493,31,0,144974,8.61,14.07,136904,30,7.0803,uuf250-035.cnf,1800
luby,1800,250,1065,UNSAT,76614,89532,3274293,21,0,76613,8.45,13.78,70002,28,3.2622,uuf250-036.cnf,1800
luby,1800,250,1065,UNSAT,66682,77798,2787979,19,0,66681,7.98,12.82,60954,33,2.6910,uuf250-037.cnf,1800
luby,1800,250,1065,UNSAT,47572,55646,2045857,14,0,47571,8.13,13.11,40954,33,1.7597,uuf250-038.cnf,1800
luby,1800,250,1065,UNSAT,88323,103208,3793841,26,0,88322,8.22,13.47,79659,28,3.8125,uuf250-039.cnf,1800
luby,1800,250,1065,UNSAT,109633,128356,4636582,29,0,109632,8.60,13.99,100757,28,5.0242,uuf250-04.cnf,1800
luby,1800,250,1065,UNSAT,37152,43240,1593910,13,0,37151,8.00,12.91,30751,29,1.3123,uuf250-040.cnf,1800
luby,1800,250,1065,UNSAT,91930,108497,4017480,27,0,91929,8.56,14.29,84705,30,3.9638,uuf250-041.cnf,1800
luby,1800,250,1065,UNSAT,119163,138462,5171940,30,0,119162,8.29,13.53,112206,29,5.5047,uuf250-042.cnf,1800
luby,1800,250,1065,UNSAT,156449,182109,6667253,36,0,156448,8.74,14.10,143456,30,7.8326,uuf250-043.cnf,1800
luby,1800,250,1065,UNSAT,112739,131917,4881577,29,0,112738,8.45,13.95,106410,33,5.2070,uuf250-044.cnf,1800
luby,1800,250,1065,UNSAT,80102,93762,3457455,22,0,80101,8.26,13.62,74759,27,3.4374,uuf250-045.cnf,1800
luby,1800,250,1065,UNSAT,248145,291193,10605482,60,0,248144,9.10,14.82,233756,29,14.1983,uuf250-046.cnf,1800
luby,1800,250,1065,UNSAT,103761,121209,4384774,29,0,103760,8.77,13.83,95258,36,4.6872,uuf250-047.cnf,1800
luby,1800,250,1065,UNSAT,43865,51080,1915299,14,0,43864,7.92,12.98,37403,34,1.6316,uuf250-048.cnf,1800
luby,1800,250,1065,UNSAT,82927,97687,3735223,24,0,82926,8.70,14.34,74752,32,3.5557,uuf250-049.cnf,1800
luby,1800,250,1065,UNSAT,91033,106601,3885116,27,0,91032,8.28,13.49,84708,31,3.9074,uuf250-05.cnf,1800
luby,1800,250,1065,UNSAT,129757,151718,5447300,30,0,129756,8.64,14.10,118159,28,6.3553,uuf250-050.cnf,1800
luby,1800,250,1065,UNSAT,161938,189377,7082641,37,0,161937,8.75,14.22,150156,30,8.1153,uuf250-051.cnf,1800
luby,1800,250,1065,UNSAT,119225,138682,5040946,30,0,119224,8.30,13.55,112201,27,5.5922,uuf250-052.cnf,1800
luby,1800,250,1065,UNSAT,144298,169605,6186753,31,0,144297,8.63,14.14,136908,38,6.9739,uuf250-053.cnf,1800
luby,1800,250,1065,UNSAT,128920,150390,5703599,30,0,128919,8.64,14.07,118156,27,6.1869,uuf250-054.cnf,1800
luby,1800,250,1065,UNSAT,42341,49470,1787365,13,0,42340,7.81,12.75,37404,36,1.5164,uuf250-055.cnf,1800
luby,1800,250,1065,UNSAT,76296,89139,3313953,21,0,76295,8.38,13.83,70008,29,3.1814,uuf250-056.cnf,1800
luby,1800,250,1065,UNSAT,134696,158167,5740235,30,0,134695,8.52,14.09,124257,30,6.4932,uuf250-057.cnf,1800
luby,1800,250,1065,UNSAT,165764,193779,7204123,38,0,165763,8.71,14.17,157005,30,8.5793,uuf250-058.cnf,1800
luby,1800,250,1065,UNSAT,53314,62198,2272153,14,0,53313,8.09,12.94,48504,28,2.0473,uuf250-059.cnf,1800
luby,1800,250,1065,UNSAT,127840,149829,5469184,30,0,127839,8.57,14.02,118154,29,6.1327,uuf250-06.cnf,1800
luby,1800,250,1065,UNSAT,75821,88555,3241889,21,0,75820,8.22,13.52,70003,29,3.1819,uuf250-060.cnf,1800
luby,1800,250,1065,UNSAT,214584,250088,9247008,51,0,214583,9.10,14.84,201261,36,11.9674,uuf250-061.cnf,1800
luby,1800,250,1065,UNSAT,75055,88058,3214818,21,0,75054,8.12,13.41,70005,29,3.1302,uuf250-062.cnf,1800
luby,1800,250,1065,UNSAT,145465,170131,6270754,31,0,145464,8.56,14.23,136909,29,7.2059,uuf250-063.cnf,1800
luby,1800,250,1065,UNSAT,142873,166604,6150516,30,0,142872,8.46,14.20,130509,34,7.2087,uuf250-064.cnf,1800
luby,1800,250,1065,UNSAT,58409,67714,2528660,15,0,58408,7.85,13.09,52500,29,2.2971,uuf250-065.cnf,1800
luby,1800,250,1065,UNSAT,287981,336317,12436418,61,0,287980,8.97,14.70,277764,31,17.4023,uuf250-066.cnf,1800
luby,1800,250,1065,UNSAT,115330,135987,5056718,30,0,115329,8.55,14.07,106406,34,5.3002,uuf250-067.cnf,1800
luby,1800,250,1065,UNSAT,30343,35335,1325817,10,0,30342,7.56,12.54,24705,28,1.0133,uuf250-068.cnf,1800
luby,1800,250,1065,UNSAT,157376,183401,6638709,36,0,157375,8.57,13.84,150162,27,8.1240,uuf250-069.cnf,1800
luby,1800,250,1065,UNSAT,134047,155857,5694300,30,0,134046,8.55,13.88,124254,30,6.5412,uuf250-07.cnf,1800
luby,1800,250,1065,UNSAT,216954,252843,9366056,52,0,216953,8.81,14.55,201263,29,12.3139,uuf250-070.cnf,1800
luby,1800,250,1065,UNSAT,191034,223463,8108997,45,0,191033,9.03,14.69,178458,33,10.3715,uuf250-071.cnf,1800
luby,1800,250,1065,UNSAT,132616,154522,5623423,30,0,132615,8.55,13.85,124260,33,6.4686,uuf250-072.cnf,1800
luby,1800,250,1065,UNSAT,58384,68779,2578736,15,0,58383,8.32,13.82,52505,28,2.2568,uuf250-073.cnf,1800
luby,1800,250,1065,UNSAT,77526,90695,3298135,21,0,77525,8.08,13.01,70006,28,3.1535,uuf250-074.cnf,1800
luby,1800,250,1065,UNSAT,116532,135933,5063176,30,0,116531,8.58,14.19,106402,28,5.4619,uuf250-075.cnf,1800
luby,1800,250,1065,UNSAT,93278,108557,3964361,27,0,93277,8.21,13.39,84710,35,4.0799,uuf250-076.cnf,1800
luby,1800,250,1065,UNSAT,229946,269246,9990977,55,0,229945,9.08,14.90,217209,29,13.2664,uuf250-077.cnf,1800
luby,1800,250,1065,UNSAT,133517,156166,5737066,30,0,133516,8.45,13.67,124263,32,6.4079,uuf250-078.cnf,1800
luby,1800,250,1065,UNSAT,109825,128414,4731916,29,0,109824,8.35,13.85,100753,31,5.0351,uuf250-079.cnf,1800
luby,1800,250,1065,UNSAT,108169,126332,4600680,29,0,108168,8.41,13.59,100758,28,4.9396,uuf250-08.cnf,1800
luby,1800,250,1065,UNSAT,126603,147631,5425849,30,0,126602,8.56,13.86,118154,32,6.0187,uuf250-080.cnf,1800
luby,1800,250,1065,UNSAT,154129,179300,6504397,35,0,154128,8.68,14.06,143455,30,7.8729,uuf250-081.cnf,1800
luby,1800,250,1065,UNSAT,130016,151498,5590288,30,0,130015,8.64,14.15,118154,28,6.3546,uuf250-082.cnf,1800
luby,1800,250,1065,UNSAT,58360,68081,2573688,15,0,58359,8.00,13.73,52505,28,2.3139,uuf250-083.cnf,1800
luby,1800,250,1065,UNSAT,78935,92427,3472989,21,0,78934,8.34,13.77,70005,27,3.3125,uuf250-084.cnf,1800
luby,1800,250,1065,UNSAT,116321,134689,4902521,30,0,116320,8.82,14.06,106405,32,5.4938,uuf250-085.cnf,1800
luby,1800,250,1065,UNSAT,91370,106098,3892712,27,0,91369,8.09,13.10,84706,29,3.9326,uuf250-086.cnf,1800
luby,1800,250,1065,UNSAT,313353,364857,13402368,62,0,313352,9.29,14.87,296414,33,19.3566,uuf250-087.cnf,1800
luby,1800,250,1065,UNSAT,133967,156583,5720274,30,0,133966,8.74,14.24,124255,27,6.5173,uuf250-088.cnf,1800
luby,1800,250,1065,UNSAT,113149,131841,4936106,29,0,113148,8.41,14.00,106409,30,5.2764,uuf250-089.cnf,1800
luby,1800,250,1065,UNSAT,259375,301301,11337095,61,0,259374,9.24,14.89,242263,28,15.3945,uuf250-09.cnf,1800
luby,1800,250,1065,UNSAT,29463,34306,1255958,10,0,29462,7.65,12.70,24704,32,1.0039,uuf250-090.cnf,1800
luby,1800,250,1065,UNSAT,108720,127830,4785133,29,0,108719,8.57,14.51,100759,32,4.9626,uuf250-091.cnf,1800
luby,1800,250,1065,UNSAT,149817,175071,6404786,33,0,149816,8.48,13.99,136904,28,7.5880,uuf250-092.cnf,1800
luby,1800,250,1065,UNSAT,150496,176116,6428785,33,0,150495,8.53,13.84,143459,29,7.4253,uuf250-093.cnf,1800
luby,1800,250,1065,UNSAT,121449,141807,5153043,30,0,121448,8.46,13.68,112206,27,5.7781,uuf250-094.cnf,1800
luby,1800,250,1065,UNSAT,61879,72262,2606917,17,0,61878,7.93,12.77,56651,37,2.3913,uuf250-095.cnf,1800
luby,1800,250,1065,UNSAT,121956,142233,5287264,30,0,121955,8.36,13.91,112208,28,5.8388,uuf250-096.cnf,1800
luby,1800,250,1065,UNSAT,66542,77348,2915522,18,0,66541,8.11,13.56,60954,38,2.7188,uuf250-097.cnf,1800
luby,1800,250,1065,UNSAT,40352,47291,1770144,13,0,40351,7.77,12.89,34004,33,1.4280,uuf250-098.cnf,1800
luby,1800,250,1065,UNSAT,82592,96036,3515724,23,0,82591,8.21,13.26,74759,33,3.4774,uuf250-099.cnf,1800
luby,1900,250,1065,UNSAT,114479,134571,5024857,29,0,114478,8.36,13.62,106407,26,5.1336,uuf250-01.cnf,1900
luby,1900,250,1065,UNSAT,89902,105524,3940950,24,0,89901,8.33,13.79,84705,33,3.8665,uuf250-010.cnf,1900
luby,1900,250,1065,UNSAT,154689,181059,6564022,32,0,154688,8.49,13.85,143455,28,7.6231,uuf250-0100.cnf,1900
luby,1900,250,1065,UNSAT,146193,170843,6246341,30,0,146192,8.70,14.15,136907,32,7.2636,uuf250-011.cnf,1900
luby,1900,250,1065,UNSAT,105808,124189,4586344,28,0,105807,8.51,13.78,95252,28,4.6853,uuf250-012.cnf,1900
luby,1900,250,1065,UNSAT,123106,144093,5184431,30,0,123105,8.51,13.91,112207,30,5.8504,uuf250-013.cnf,1900
luby,1900,250,1065,UNSAT,153442,179322,6646835,31,0,153441,8.63,14.24,143461,31,7.6607,uuf250-014.cnf,1900
luby,1900,250,1065,UNSAT,142707,165950,6075394,30,0,142706,8.59,14.10,130507,38,7.0930,uuf250-015.cnf,1900
luby,1900,250,1065,UNSAT,74281,87048,3137407,20,0,74280,8.17,13.24,65407,29,3.1068,uuf250-016.cnf,1900
luby,1900,250,1065,UNSAT,135810,159304,5709534,30,0,135809,8.39,13.96,124259,28,6.6235,uuf250-017.cnf,1900
luby,1900,250,1065,UNSAT,126846,148073,5520838,30,0,126845,8.69,14.00,118156,29,5.8873,uuf250-018.cnf,1900
luby,1900,250,1065,UNSAT,122501,141912,5297927,30,0,122500,8.46,13.77,112208,30,5.8772,uuf250-019.cnf,1900
luby,1900,250,1065,UNSAT,126838,148039,5407149,30,0,126837,8.70,14.03,118161,27,6.1043,uuf250-02.cnf,1900
luby,1900,250,1065,UNSAT,155551,182786,6601501,32,0,155550,8.49,13.87,143459,30,7.7119,uuf250-020.cnf,1900
luby,1900,250,1065,UNSAT,210173,245917,9086078,45,0,210172,8.86,14.37,201254,31,11.5556,uuf250-021.cnf,1900
luby,1900,250,1065,UNSAT,173147,201910,7552102,37,0,173146,8.95,14.47,164009,32,9.0359,uuf250-022.cnf,1900
luby,1900,250,1065,UNSAT,76459,88774,3270939,21,0,76458,8.26,13.39,70004,34,3.2658,uuf250-023.cnf,1900
luby,1900,250,1065,UNSAT,79292,93403,3415846,21,0,79291,8.22,13.57,70003,40,3.3050,uuf250-024.cnf,1900
luby,1900,250,1065,UNSAT,117052,136826,5107620,29,0,117051,8.55,13.92,106408,28,5.4423,uuf250-025.cnf,1900
luby,1900,250,1065,UNSAT,55055,64512,2396636,14,0,55054,8.24,13.59,48503,25,2.1394,uuf250-026.cnf,1900
luby,1900,250,1065,UNSAT,152109,177214,6602977,31,0,152108,8.63,14.16,143460,34,7.6353,uuf250-027.cnf,1900
luby,1900,250,1065,UNSAT,131391,153727,5686840,30,0,131390,8.74,14.19,124254,29,6.3897,uuf250-028.cnf,1900
luby,1900,250,1065,UNSAT,72128,84126,3121756,19,0,72127,8.41,13.78,65406,29,3.0624,uuf250-029.cnf,1900
luby,1900,250,1065,UNSAT,124789,145173,5411334,30,0,124788,8.59,14.03,118160,31,6.0624,uuf250-03.cnf,1900
luby,1900,250,1065,UNSAT,62079,73229,2585537,15,0,62078,8.15,13.08,56654,29,2.4055,uuf250-030.cnf,1900
luby,1900,250,1065,UNSAT,161983,190249,7148368,35,0,161982,8.89,14.55,150162,37,8.2383,uuf250-031.cnf,1900
luby,1900,250,1065,UNSAT,110802,128770,4696801,29,0,110801,8.48,13.63,100755,29,5.0762,uuf250-032.cnf,1900
luby,1900,250,1065,UNSAT,233538,272673,9925674,52,0,233537,8.97,14.37,217214,30,13.6329,uuf250-033.cnf,1900
luby,1900,250,1065,UNSAT,182996,213787,7910334,41,0,182995,8.80,14.47,171161,30,9.7561,uuf250-034.cnf,1900
luby,1900,250,1065,UNSAT,165841,194230,7063565,36,0,165840,8.70,14.17,157011,30,8.5566,uuf250-035.cnf,1900
luby,1900,250,1065,UNSAT,74133,87136,3135176,20,0,74132,7.93,13.20,65406,28,2.9959,uuf250-036.cnf,1900
luby,1900,250,1065,UNSAT,62136,72257,2647158,15,0,62135,7.88,12.68,56652,33,2.4380,uuf250-037.cnf,1900
luby,1900,250,1065,UNSAT,47794,55873,2047425,14,0,47793,7.95,13.15,40954,27,1.7533,uuf250-038.cnf,1900
luby,1900,250,1065,UNSAT,98464,115137,4198234,27,0,98463,8.29,13.43,89904,26,4.3442,uuf250-039.cnf,1900
luby,1900,250,1065,UNSAT,124076,145029,5237322,30,0,124075,8.45,13.85,112205,28,5.9803,uuf250-04.cnf,1900
luby,1900,250,1065,UNSAT,36411,42508,1562323,12,0,36410,7.74,12.79,30752,29,1.3006,uuf250-040.cnf,1900
luby,1900,250,1065,UNSAT,97391,114506,4270005,27,0,97390,8.49,14.09,89903,30,4.1919,uuf250-041.cnf,1900
luby,1900,250,1065,UNSAT,121011,140930,5193056,29,0,121010,8.60,13.93,112207,28,5.6885,uuf250-042.cnf,1900
luby,1900,250,1065,UNSAT,167098,193827,7113007,36,0,167097,8.70,14.13,157011,30,8.5941,uuf250-043.cnf,1900
luby,1900,250,1065,UNSAT,107375,125691,4623402,29,0,107374,8.52,14.00,100757,33,4.9424,uuf250-044.cnf,1900
luby,1900,250,1065,UNSAT,66169,77611,2882444,17,0,66168,7.87,13.03,60956,28,2.6879,uuf250-045.cnf,1900
luby,1900,250,1065,UNSAT,240753,281801,10302076,55,0,240752,9.08,14.84,225411,29,13.7483,uuf250-046.cnf,1900
luby,1900,250,1065,UNSAT,94098,110530,4034890,26,0,94097,8.51,13.71,84707,36,4.1310,uuf250-047.cnf,1900
luby,1900,250,1065,UNSAT,42734,49889,1854755,13,0,42733,7.80,12.88,37405,34,1.5881,uuf250-048.cnf,1900
luby,1900,250,1065,UNSAT,66643,78200,3045885,17,0,66642,7.94,13.56,60952,29,2.6236,uuf250-049.cnf,1900
luby,1900,250,1065,UNSAT,108650,127238,4578916,29,0,108649,8.37,13.59,100762,31,4.8960,uuf250-05.cnf,1900
luby,1900,250,1065,UNSAT,130215,151800,5503082,30,0,130214,8.61,14.02,118157,30,6.3475,uuf250-050.cnf,1900
luby,1900,250,1065,UNSAT,164418,192266,7139886,36,0,164417,8.47,14.09,157013,30,8.4866,uuf250-051.cnf,1900
luby,1900,250,1065,UNSAT,127683,148560,5407216,30,0,127682,8.61,13.93,118154,29,6.1335,uuf250-052.cnf,1900
luby,1900,250,1065,UNSAT,173111,202861,7369431,37,0,173110,8.63,14.13,164007,38,8.9702,uuf250-053.cnf,1900
luby,1900,250,1065,UNSAT,126719,147629,5584099,30,0,126718,8.65,14.04,118158,29,6.0696,uuf250-054.cnf,1900
luby,1900,250,1065,UNSAT,46640,53919,1961842,14,0,46639,7.84,12.57,40955,36,1.7510,uuf250-055.cnf,1900
luby,1900,250,1065,UNSAT,72338,85400,3152066,20,0,72337,8.07,13.51,65404,29,2.9643,uuf250-056.cnf,1900
luby,1900,250,1065,UNSAT,125102,148026,5331894,30,0,125101,8.53,14.18,118154,30,5.8849,uuf250-057.cnf,1900
luby,1900,250,1065,UNSAT,194150,226055,8345305,44,0,194149,8.89,14.23,185913,30,10.4266,uuf250-058.cnf,1900
luby,1900,250,1065,UNSAT,57606,67081,2438245,14,0,57605,8.20,13.30,52507,28,2.2985,uuf250-059.cnf,1900
luby,1900,250,1065,UNSAT,108636,127620,4670324,29,0,108635,8.45,13.99,100762,27,5.0296,uuf250-06.cnf,1900
luby,1900,250,1065,UNSAT,73706,86250,3171276,20,0,73705,8.23,13.52,65407,25,3.0410,uuf250-060.cnf,1900
luby,1900,250,1065,UNSAT,187848,219337,8157083,43,0,187847,8.88,14.63,178460,36,10.0889,uuf250-061.cnf,1900
luby,1900,250,1065,UNSAT,77495,91467,3291218,21,0,77494,8.26,13.54,70006,29,3.2859,uuf250-062.cnf,1900
luby,1900,250,1065,UNSAT,148328,173590,6436600,30,0,148327,8.61,14.16,136907,30,7.3392,uuf250-063.cnf,1900
luby,1900,250,1065,UNSAT,146946,170690,6344417,30,0,146945,8.69,14.29,136910,34,7.4460,uuf250-064.cnf,1900
luby,1900,250,1065,UNSAT,71930,83646,3072141,19,0,71929,7.94,13.05,65405,30,2.9604,uuf250-065.cnf,1900
luby,1900,250,1065,UNSAT,251067,293496,10863583,59,0,251066,8.83,14.46,242258,32,14.5595,uuf250-066.cnf,1900
luby,1900,250,1065,UNSAT,142959,167554,6238460,30,0,142958,8.51,14.02,130511,34,6.9818,uuf250-067.cnf,1900
luby,1900,250,1065,UNSAT,27898,32527,1233480,9,0,27897,7.26,12.16,24701,28,0.9279,uuf250-068.cnf,1900
luby,1900,250,1065,UNSAT,155505,181062,6499318,32,0,155504,8.67,14.16,143455,30,8.0516,uuf250-069.cnf,1900
luby,1900,250,1065,UNSAT,131467,153180,5571571,30,0,131466,8.58,14.08,124259,30,6.3719,uuf250-07.cnf,1900
luby,1900,250,1065,UNSAT,207072,241477,9038414,45,0,207071,8.88,14.69,193509,28,11.6215,uuf250-070.cnf,1900
luby,1900,250,1065,UNSAT,207589,243664,8800138,45,0,207588,8.94,14.66,193513,33,11.5581,uuf250-071.cnf,1900
luby,1900,250,1065,UNSAT,128176,149179,5495994,30,0,128175,8.68,14.09,118159,33,6.2768,uuf250-072.cnf,1900
luby,1900,250,1065,UNSAT,66159,78126,2921639,17,0,66158,8.48,14.02,60954,28,2.6610,uuf250-073.cnf,1900
luby,1900,250,1065,UNSAT,83457,97632,3528359,21,0,83456,8.31,13.40,74752,26,3.5031,uuf250-074.cnf,1900
luby,1900,250,1065,UNSAT,122835,144217,5337429,30,0,122834,8.57,14.24,112210,28,5.9459,uuf250-075.cnf,1900
luby,1900,250,1065,UNSAT,82774,96582,3503765,21,0,82773,8.13,12.98,74756,35,3.4373,uuf250-076.cnf,1900
luby,1900,250,1065,UNSAT,274865,320895,11939171,61,0,274864,9.04,14.62,259710,30,16.4906,uuf250-077.cnf,1900
luby,1900,250,1065,UNSAT,151635,176228,6523806,30,0,151634,8.68,13.88,143461,32,7.5987,uuf250-078.cnf,1900
luby,1900,250,1065,UNSAT,115891,135357,4957462,29,0,115890,8.55,14.08,106406,31,5.5150,uuf250-079.cnf,1900
luby,1900,250,1065,UNSAT,101055,118094,4361815,28,0,101054,8.49,13.79,95255,27,4.6201,uuf250-08.cnf,1900
luby,1900,250,1065,UNSAT,131394,153658,5627450,30,0,131393,8.30,13.54,124256,32,6.3095,uuf250-080.cnf,1900
luby,1900,250,1065,UNSAT,130585,152932,5553386,30,0,130584,8.37,13.71,124255,29,6.2677,uuf250-081.cnf,1900
luby,1900,250,1065,UNSAT,136806,158769,5865339,30,0,136805,8.49,13.87,130506,27,6.7582,uuf250-082.cnf,1900
luby,1900,250,1065,UNSAT,55427,65185,2413113,14,0,55426,8.22,13.87,48508,30,2.1619,uuf250-083.cnf,1900
luby,1900,250,1065,UNSAT,77262,90786,3390929,21,0,77261,8.51,13.96,70001,28,3.2766,uuf250-084.cnf,1900
luby,1900,250,1065,UNSAT,108726,126944,4616661,29,0,108725,8.34,13.64,100758,29,4.9835,uuf250-085.cnf,1900
luby,1900,250,1065,UNSAT,90957,106104,3871011,24,0,90956,8.26,13.40,84707,28,3.9713,uuf250-086.cnf,1900
luby,1900,250,1065,UNSAT,266642,311672,11525263,60,0,266641,9.06,14.79,250913,29,15.8225,uuf250-087.cnf,1900
luby,1900,250,1065,UNSAT,128117,149780,5458912,30,0,128116,8.61,13.94,118155,27,6.0313,uuf250-088.cnf,1900
luby,1900,250,1065,UNSAT,130683,152248,5649847,30,0,130682,8.62,14.21,124256,30,6.3713,uuf250-089.cnf,1900
luby,1900,250,1065,UNSAT,255741,297303,11236169,59,0,255740,9.14,14.89,242264,32,15.0898,uuf250-09.cnf,1900
luby,1900,250,1065,UNSAT,33740,39142,1440826,11,0,33739,7.76,12.68,27654,32,1.1770,uuf250-090.cnf,1900
luby,1900,250,1065,UNSAT,118268,139186,5175400,29,0,118267,8.78,14.54,112207,30,5.5634,uuf250-091.cnf,1900
luby,1900,250,1065,UNSAT,165292,194219,7001158,36,0,165291,8.55,14.19,157008,32,8.5417,uuf250-092.cnf,1900
luby,1900,250,1065,UNSAT,129541,152109,5540380,30,0,129540,8.45,13.72,118159,30,6.0786,uuf250-093.cnf,1900
luby,1900,250,1065,UNSAT,81195,95358,3485686,21,0,81194,8.39,13.76,74754,31,3.4597,uuf250-094.cnf,1900
luby,1900,250,1065,UNSAT,69554,81175,2920701,18,0,69553,8.20,13.20,60955,37,2.7991,uuf250-095.cnf,1900
luby,1900,250,1065,UNSAT,134709,156355,5806135,30,0,134708,8.59,14.05,124257,28,6.6541,uuf250-096.cnf,1900
luby,1900,250,1065,UNSAT,65430,76622,2854114,17,0,65429,8.18,13.48,60953,38,2.6598,uuf250-097.cnf,1900
luby,1900,250,1065,UNSAT,42139,49271,1839934,13,0,42138,7.86,12.91,37401,33,1.5422,uuf250-098.cnf,1900
luby,1900,250,1065,UNSAT,68848,80219,2949740,18,0,68847,8.06,13.45,60960,33,2.8103,uuf250-099.cnf,1900
luby,2000,250,1065,UNSAT,126812,148056,5594405,29,0,126811,8.72,14.05,118160,31,5.8042,uuf250-01.cnf,2000
luby,2000,250,1065,UNSAT,84789,99180,3688875,21,0,84788,8.37,13.87,79653,28,3.6204,uuf250-010.cnf,2000
luby,2000,250,1065,UNSAT,163006,190628,6830615,32,0,163005,8.61,13.89,150159,32,8.2232,uuf250-0100.cnf,2000
luby,2000,250,1065,UNSAT,158982,185912,6787154,30,0,158981,8.43,13.78,150157,29,7.9308,uuf250-011.cnf,2000
luby,2000,250,1065,UNSAT,106077,124214,4632983,28,0,106076,8.54,13.62,95253,28,4.6866,uuf250-012.cnf,2000
luby,2000,250,1065,UNSAT,126730,148117,5311079,29,0,126729,8.40,13.70,118156,30,6.0406,uuf250-013.cnf,2000
luby,2000,250,1065,UNSAT,145994,170761,6336268,30,0,145993,8.57,14.34,136906,31,7.3074,uuf250-014.cnf,2000
luby,2000,250,1065,UNSAT,126581,147689,5408751,29,0,126580,8.54,13.92,118154,38,5.9316,uuf250-015.cnf,2000
luby,2000,250,1065,UNSAT,68741,80743,2886190,17,0,68740,8.09,13.29,60953,29,2.8003,uuf250-016.cnf,2000
luby,2000,250,1065,UNSAT,112244,131167,4779007,29,0,112243,8.33,13.69,106408,27,5.2317,uuf250-017.cnf,2000
luby,2000,250,1065,UNSAT,135412,158060,5900257,30,0,135411,8.60,13.78,124257,29,6.3421,uuf250-018.cnf,2000
luby,2000,250,1065,UNSAT,115999,134071,5043398,29,0,115998,8.51,13.99,106406,27,5.4767,uuf250-019.cnf,2000
luby,2000,250,1065,UNSAT,114222,133751,4851323,29,0,114221,8.44,13.85,106404,26,5.2556,uuf250-02.cnf,2000
luby,2000,250,1065,UNSAT,176357,206715,7389299,37,0,176356,8.61,13.89,164010,28,9.0085,uuf250-020.cnf,2000
luby,2000,250,1065,UNSAT,182285,213082,7875117,37,0,182284,8.68,14.24,171163,31,9.5988,uuf250-021.cnf,2000
luby,2000,250,1065,UNSAT,159504,186471,6928644,30,0,159503,8.88,14.45,150157,32,8.0802,uuf250-022.cnf,2000
luby,2000,250,1065,UNSAT,65389,76173,2807077,15,0,65388,8.15,13.42,60959,34,2.6603,uuf250-023.cnf,2000
luby,2000,250,1065,UNSAT,79011,92731,3395341,20,0,79010,7.99,13.06,70004,40,3.1981,uuf250-024.cnf,2000
luby,2000,250,1065,UNSAT,110606,129445,4870253,28,0,110605,8.50,14.05,100756,28,5.0614,uuf250-025.cnf,2000
luby,2000,250,1065,UNSAT,55495,65201,2434710,14,0,55494,8.36,13.83,48504,27,2.1997,uuf250-026.cnf,2000
luby,2000,250,1065,UNSAT,142833,166215,6150030,30,0,142832,8.63,14.27,130510,33,7.1567,uuf250-027.cnf,2000
luby,2000,250,1065,UNSAT,118009,138378,5105903,29,0,118008,8.63,14.19,106407,29,5.5432,uuf250-028.cnf,2000
luby,2000,250,1065,UNSAT,79380,92428,3414015,20,0,79379,8.29,13.64,70006,28,3.4138,uuf250-029.cnf,2000
luby,2000,250,1065,UNSAT,103001,120480,4499877,27,0,103000,8.26,13.78,95256,31,4.6994,uuf250-03.cnf,2000
luby,2000,250,1065,UNSAT,65613,77242,2727151,15,0,65612,8.04,13.04,60956,29,2.6212,uuf250-030.cnf,2000
luby,2000,250,1065,UNSAT,163626,192377,7243399,32,0,163625,8.78,14.37,150155,37,8.1934,uuf250-031.cnf,2000
luby,2000,250,1065,UNSAT,110532,128451,4707730,28,0,110531,8.42,13.67,100761,29,5.1025,uuf250-032.cnf,2000
luby,2000,250,1065,UNSAT,197819,231350,8395998,43,0,197818,8.69,14.07,185910,31,10.9066,uuf250-033.cnf,2000
luby,2000,250,1065,UNSAT,161226,189084,6976167,31,0,161225,8.64,14.27,150155,28,8.2105,uuf250-034.cnf,2000
luby,2000,250,1065,UNSAT,190963,223569,8095227,40,0,190962,8.76,14.15,178456,31,10.1271,uuf250-035.cnf,2000
luby,2000,250,1065,UNSAT,72546,84967,3100783,18,0,72545,8.22,13.55,65407,27,3.0379,uuf250-036.cnf,2000
luby,2000,250,1065,UNSAT,66104,76860,2782174,16,0,66103,8.13,13.14,60955,33,2.6358,uuf250-037.cnf,2000
luby,2000,250,1065,UNSAT,38395,45184,1669607,12,0,38394,7.65,12.90,34003,27,1.3485,uuf250-038.cnf,2000
luby,2000,250,1065,UNSAT,95854,112410,4097274,24,0,95853,8.31,13.64,89905,26,4.2482,uuf250-039.cnf,2000
luby,2000,250,1065,UNSAT,123242,143935,5172840,29,0,123241,8.68,14.17,112206,28,5.9517,uuf250-04.cnf,2000
luby,2000,250,1065,UNSAT,43940,51046,1870556,13,0,43939,7.98,12.70,37403,29,1.5968,uuf250-040.cnf,2000
luby,2000,250,1065,UNSAT,91796,108180,4017625,23,0,91795,8.52,14.40,84704,30,4.0257,uuf250-041.cnf,2000
luby,2000,250,1065,UNSAT,128105,149217,5504659,30,0,128104,8.61,13.98,118159,28,6.1158,uuf250-042.cnf,2000
luby,2000,250,1065,UNSAT,154346,179660,6598931,30,0,154345,8.74,14.16,143456,30,7.7255,uuf250-043.cnf,2000
luby,2000,250,1065,UNSAT,101929,119019,4410384,27,0,101928,8.19,13.81,95254,33,4.6138,uuf250-044.cnf,2000
luby,2000,250,1065,UNSAT,63055,73792,2754892,14,0,63054,8.06,13.33,56654,27,2.5001,uuf250-045.cnf,2000
luby,2000,250,1065,UNSAT,239236,280938,10209502,51,0,239235,9.01,14.74,225413,29,13.7664,uuf250-046.cnf,2000
luby,2000,250,1065,UNSAT,80568,94512,3478698,21,0,80567,8.32,13.39,74755,36,3.3484,uuf250-047.cnf,2000
luby,2000,250,1065,UNSAT,42891,49852,1872093,13,0,42890,7.73,12.86,37406,34,1.5565,uuf250-048.cnf,2000
luby,2000,250,1065,UNSAT,87062,102146,3932998,21,0,87061,8.30,13.81,79654,27,3.7084,uuf250-049.cnf,2000
luby,2000,250,1065,UNSAT,100293,117790,4253371,27,0,100292,8.51,13.91,89903,31,4.4384,uuf250-05.cnf,2000
luby,2000,250,1065,UNSAT,121742,142955,5125671,29,0,121741,8.59,14.04,112205,33,5.7420,uuf250-050.cnf,2000
luby,2000,250,1065,UNSAT,161711,189208,7006883,31,0,161710,8.56,14.28,150161,30,8.3043,uuf250-051.cnf,2000
luby,2000,250,1065,UNSAT,114409,133288,4868009,29,0,114408,8.51,13.88,106408,27,5.3650,uuf250-052.cnf,2000
luby,2000,250,1065,UNSAT,148861,175064,6355551,30,0,148860,8.55,14.16,136912,38,7.2264,uuf250-053.cnf,2000
luby,2000,250,1065,UNSAT,115070,134677,5095878,29,0,115069,8.54,13.99,106404,28,5.2790,uuf250-054.cnf,2000
luby,2000,250,1065,UNSAT,48509,56367,2035187,14,0,48508,8.02,12.94,44652,36,1.8052,uuf250-055.cnf,2000
luby,2000,250,1065,UNSAT,84928,99284,3670983,21,0,84927,8.42,14.03,79655,29,3.6402,uuf250-056.cnf,2000
luby,2000,250,1065,UNSAT,125643,147551,5348647,29,0,125642,8.51,14.08,118160,30,5.9655,uuf250-057.cnf,2000
luby,2000,250,1065,UNSAT,174626,204139,7540449,36,0,174625,8.84,14.18,164010,30,8.9981,uuf250-058.cnf,2000
luby,2000,250,1065,UNSAT,48330,56354,2069662,14,0,48329,7.82,12.80,40952,28,1.8126,uuf250-059.cnf,2000
luby,2000,250,1065,UNSAT,108905,127749,4670986,28,0,108904,8.53,14.14,100753,28,5.0776,uuf250-06.cnf,2000
luby,2000,250,1065,UNSAT,68312,80082,2951137,17,0,68311,8.09,13.31,60953,25,2.7850,uuf250-060.cnf,2000
luby,2000,250,1065,UNSAT,202784,236340,8726625,44,0,202783,8.90,14.61,193513,36,11.3592,uuf250-061.cnf,2000
luby,2000,250,1065,UNSAT,84579,99044,3595884,21,0,84578,8.43,13.67,79658,29,3.6734,uuf250-062.cnf,2000
luby,2000,250,1065,UNSAT,117587,138087,5123669,29,0,117586,8.20,13.82,106407,28,5.3913,uuf250-063.cnf,2000
luby,2000,250,1065,UNSAT,128547,149950,5551874,30,0,128546,8.72,14.50,118157,34,6.2248,uuf250-064.cnf,2000
luby,2000,250,1065,UNSAT,69023,80223,2956068,17,0,69022,7.96,13.02,60953,29,2.8164,uuf250-065.cnf,2000
luby,2000,250,1065,UNSAT,291274,339825,12459065,61,0,291273,9.03,14.86,277761,31,17.7846,uuf250-066.cnf,2000
luby,2000,250,1065,UNSAT,110837,130097,4835685,28,0,110836,8.56,14.10,100758,34,5.1404,uuf250-067.cnf,2000
luby,2000,250,1065,UNSAT,31751,36718,1403225,9,0,31750,7.55,12.55,27652,28,1.0907,uuf250-068.cnf,2000
luby,2000,250,1065,UNSAT,148814,174255,6240294,30,0,148813,8.52,13.99,136908,26,7.5891,uuf250-069.cnf,2000
luby,2000,250,1065,UNSAT,125592,146344,5338256,29,0,125591,8.66,13.99,118156,30,6.0011,uuf250-07.cnf,2000
luby,2000,250,1065,UNSAT,229127,266992,9917507,48,0,229126,8.88,14.57,217208,32,13.1297,uuf250-070.cnf,2000
luby,2000,250,1065,UNSAT,206405,241780,8754017,44,0,206404,9.22,14.86,193507,33,11.4203,uuf250-071.cnf,2000
luby,2000,250,1065,UNSAT,119466,139355,5112313,29,0,119465,8.43,13.92,112211,33,5.6600,uuf250-072.cnf,2000
luby,2000,250,1065,UNSAT,51952,61098,2304514,14,0,51951,7.97,13.36,44653,28,1.9296,uuf250-073.cnf,2000
luby,2000,250,1065,UNSAT,98544,115212,4140056,26,0,98543,8.43,13.47,89906,29,4.2889,uuf250-074.cnf,2000
luby,2000,250,1065,UNSAT,109444,128600,4798005,28,0,109443,8.59,14.34,100753,28,5.0947,uuf250-075.cnf,2000
luby,2000,250,1065,UNSAT,87744,102432,3720041,21,0,87743,8.05,13.05,79656,35,3.7376,uuf250-076.cnf,2000
luby,2000,250,1065,UNSAT,236958,277359,10303793,51,0,236957,8.81,14.59,225406,30,13.5542,uuf250-077.cnf,2000
luby,2000,250,1065,UNSAT,149847,174249,6422902,30,0,149846,8.62,13.98,136908,32,7.3720,uuf250-078.cnf,2000
luby,2000,250,1065,UNSAT,103233,120525,4457865,27,0,103232,8.34,14.04,95256,31,4.7630,uuf250-079.cnf,2000
luby,2000,250,1065,UNSAT,108185,126416,4591898,28,0,108184,8.37,13.60,100757,27,4.9568,uuf250-08.cnf,2000
luby,2000,250,1065,UNSAT,154980,180711,6518107,30,0,154979,8.64,14.02,143460,32,7.8734,uuf250-080.cnf,2000
luby,2000,250,1065,UNSAT,149277,174097,6359435,30,0,149276,8.55,13.87,136909,30,7.4622,uuf250-081.cnf,2000
luby,2000,250,1065,UNSAT,123052,143518,5308245,29,0,123051,8.40,13.89,112207,27,5.8099,uuf250-082.cnf,2000
luby,2000,250,1065,UNSAT,48355,56955,2145668,14,0,48354,7.76,13.26,40952,27,1.7942,uuf250-083.cnf,2000
luby,2000,250,1065,UNSAT,67951,79464,2999335,16,0,67950,8.34,13.82,60956,26,2.7460,uuf250-084.cnf,2000
luby,2000,250,1065,UNSAT,103099,120094,4401694,27,0,103098,8.24,13.37,95257,31,4.5988,uuf250-085.cnf,2000
luby,2000,250,1065,UNSAT,98227,114681,4197001,26,0,98226,8.14,13.29,89905,28,4.3160,uuf250-086.cnf,2000
luby,2000,250,1065,UNSAT,276923,323419,11953879,60,0,276922,9.18,14.86,259713,29,16.4750,uuf250-087.cnf,2000
luby,2000,250,1065,UNSAT,130254,152455,5568302,30,0,130253,8.63,13.97,118154,26,6.2802,uuf250-088.cnf,2000
luby,2000,250,1065,UNSAT,132460,154533,5720442,30,0,132459,8.37,13.89,124258,30,6.3986,uuf250-089.cnf,2000
luby,2000,250,1065,UNSAT,235300,273806,10313639,50,0,235299,9.21,14.96,225409,31,13.6227,uuf250-09.cnf,2000
luby,2000,250,1065,UNSAT,29853,34760,1279827,9,0,29852,7.54,12.55,24704,32,1.0152,uuf250-090.cnf,2000
luby,2000,250,1065,UNSAT,120372,141259,5242855,29,0,120371,8.56,14.10,112203,30,5.4765,uuf250-091.cnf,2000
luby,2000,250,1065,UNSAT,171076,200039,7272901,35,0,171075,8.68,14.35,164010,30,8.9259,uuf250-092.cnf,2000
luby,2000,250,1065,UNSAT,107359,125999,4631549,28,0,107358,8.36,13.67,100756,28,4.8065,uuf250-093.cnf,2000
luby,2000,250,1065,UNSAT,81025,94590,3454360,21,0,81024,8.21,13.47,74754,27,3.4589,uuf250-094.cnf,2000
luby,2000,250,1065,UNSAT,62904,73292,2643443,14,0,62903,7.99,12.88,56658,37,2.4350,uuf250-095.cnf,2000
luby,2000,250,1065,UNSAT,124274,144411,5404942,29,0,124273,8.47,14.10,118156,28,6.0659,uuf250-096.cnf,2000
luby,2000,250,1065,UNSAT,75894,88843,3280524,19,0,75893,8.37,13.72,70005,38,3.2025,uuf250-097.cnf,2000
luby,2000,250,1065,UNSAT,43071,50068,1898280,13,0,43070,7.98,13.06,37402,33,1.5810,uuf250-098.cnf,2000
luby,2000,250,1065,UNSAT,68272,79766,2931456,17,0,68271,8.25,13.37,60954,33,2.7322,uuf250-099.cnf,2000